ei,state_abb,t,cost
int_coal,id,2010,1.722805202
int_coal,id,2011,1.722805202
int_coal,id,2012,1.722805202
int_coal,id,2013,1.722805202
int_coal,id,2014,1.722805202
int_coal,id,2015,1.722805202
int_coal,id,2016,1.722805202
int_coal,id,2017,1.722805202
int_coal,id,2018,1.722805202
int_coal,id,2019,1.722805202
int_coal,id,2020,1.722805202
int_coal,id,2021,1.722805202
int_coal,id,2022,1.722805202
int_coal,id,2023,1.722805202
int_coal,id,2024,1.722805202
int_coal,id,2025,1.71222086
int_coal,id,2026,1.614519241
int_coal,id,2027,1.612890881
int_coal,id,2028,1.518445984
int_coal,id,2029,1.55345573
int_coal,id,2030,1.66092751
int_coal,id,2031,1.703264878
int_coal,id,2032,2.453938978
int_coal,id,2033,2.46615168
int_coal,id,2034,2.419743412
int_coal,id,2035,2.378220224
int_coal,id,2036,2.360308261
int_coal,id,2037,2.35623736
int_coal,id,2038,2.328555235
int_coal,id,2039,3.124009243
int_coal,id,2040,3.122380883
int_coal,id,2041,3.121566703
int_coal,id,2042,3.119938343
int_coal,id,2043,3.126451784
int_coal,id,2044,3.130522684
int_coal,id,2045,3.132965225
int_coal,id,2046,3.145992107
int_coal,id,2047,3.151691368
int_coal,id,2048,3.154133909
int_coal,id,2049,3.153319729
int_coal,id,2050,3.15901899
int_coal,WA,2010,2.62247427
int_coal,WA,2011,2.62247427
int_coal,WA,2012,2.62247427
int_coal,WA,2013,2.62247427
int_coal,WA,2014,2.62247427
int_coal,WA,2015,2.62247427
int_coal,WA,2016,2.62247427
int_coal,WA,2017,2.62247427
int_coal,WA,2018,2.62247427
int_coal,WA,2019,2.62247427
int_coal,WA,2020,2.62247427
int_coal,WA,2021,2.62247427
int_coal,WA,2022,2.62247427
int_coal,WA,2023,2.62247427
int_coal,WA,2024,2.62247427
int_coal,WA,2025,2.614332468
int_coal,WA,2026,3.097955478
int_coal,WA,2027,3.067016633
int_coal,WA,2028,3.045033769
int_coal,WA,2029,3.067016633
int_coal,WA,2030,3.040148688
int_coal,WA,2031,3.034449427
int_coal,WA,2032,2.954659772
int_coal,WA,2033,2.922906746
int_coal,WA,2034,2.897667161
int_coal,WA,2035,2.874055937
int_coal,WA,2036,2.864285775
int_coal,WA,2037,2.842302911
int_coal,WA,2038,2.799151363
int_coal,WA,2039,2.773097598
int_coal,WA,2040,2.752743094
int_coal,WA,2041,2.735645311
int_coal,WA,2042,2.722618428
int_coal,WA,2043,2.719361708
int_coal,WA,2044,2.707963186
int_coal,WA,2045,2.696564663
int_coal,WA,2046,2.693307943
int_coal,WA,2047,2.973385915
int_coal,WA,2048,2.963615753
int_coal,WA,2049,2.951403051
int_coal,WA,2050,2.94407543
int_coal,OR,2010,2.62247427
int_coal,OR,2011,2.62247427
int_coal,OR,2012,2.62247427
int_coal,OR,2013,2.62247427
int_coal,OR,2014,2.62247427
int_coal,OR,2015,2.62247427
int_coal,OR,2016,2.62247427
int_coal,OR,2017,2.62247427
int_coal,OR,2018,2.62247427
int_coal,OR,2019,2.62247427
int_coal,OR,2020,2.62247427
int_coal,OR,2021,2.62247427
int_coal,OR,2022,2.62247427
int_coal,OR,2023,2.62247427
int_coal,OR,2024,2.62247427
int_coal,OR,2025,2.614332468
int_coal,OR,2026,3.097955478
int_coal,OR,2027,3.067016633
int_coal,OR,2028,3.045033769
int_coal,OR,2029,3.067016633
int_coal,OR,2030,3.040148688
int_coal,OR,2031,3.034449427
int_coal,OR,2032,2.954659772
int_coal,OR,2033,2.922906746
int_coal,OR,2034,2.897667161
int_coal,OR,2035,2.874055937
int_coal,OR,2036,2.864285775
int_coal,OR,2037,2.842302911
int_coal,OR,2038,2.799151363
int_coal,OR,2039,2.773097598
int_coal,OR,2040,2.752743094
int_coal,OR,2041,2.735645311
int_coal,OR,2042,2.722618428
int_coal,OR,2043,2.719361708
int_coal,OR,2044,2.707963186
int_coal,OR,2045,2.696564663
int_coal,OR,2046,2.693307943
int_coal,OR,2047,2.973385915
int_coal,OR,2048,2.963615753
int_coal,OR,2049,2.951403051
int_coal,OR,2050,2.94407543
int_coal,CA,2010,2.62247427
int_coal,CA,2011,2.62247427
int_coal,CA,2012,2.62247427
int_coal,CA,2013,2.62247427
int_coal,CA,2014,2.62247427
int_coal,CA,2015,2.62247427
int_coal,CA,2016,2.62247427
int_coal,CA,2017,2.62247427
int_coal,CA,2018,2.62247427
int_coal,CA,2019,2.62247427
int_coal,CA,2020,2.62247427
int_coal,CA,2021,2.62247427
int_coal,CA,2022,2.62247427
int_coal,CA,2023,2.62247427
int_coal,CA,2024,2.62247427
int_coal,CA,2025,2.614332468
int_coal,CA,2026,3.097955478
int_coal,CA,2027,3.067016633
int_coal,CA,2028,3.045033769
int_coal,CA,2029,3.067016633
int_coal,CA,2030,3.040148688
int_coal,CA,2031,3.034449427
int_coal,CA,2032,2.954659772
int_coal,CA,2033,2.922906746
int_coal,CA,2034,2.897667161
int_coal,CA,2035,2.874055937
int_coal,CA,2036,2.864285775
int_coal,CA,2037,2.842302911
int_coal,CA,2038,2.799151363
int_coal,CA,2039,2.773097598
int_coal,CA,2040,2.752743094
int_coal,CA,2041,2.735645311
int_coal,CA,2042,2.722618428
int_coal,CA,2043,2.719361708
int_coal,CA,2044,2.707963186
int_coal,CA,2045,2.696564663
int_coal,CA,2046,2.693307943
int_coal,CA,2047,2.973385915
int_coal,CA,2048,2.963615753
int_coal,CA,2049,2.951403051
int_coal,CA,2050,2.94407543
int_coal,NV,2010,1.722805202
int_coal,NV,2011,1.722805202
int_coal,NV,2012,1.722805202
int_coal,NV,2013,1.722805202
int_coal,NV,2014,1.722805202
int_coal,NV,2015,1.722805202
int_coal,NV,2016,1.722805202
int_coal,NV,2017,1.722805202
int_coal,NV,2018,1.722805202
int_coal,NV,2019,1.722805202
int_coal,NV,2020,1.722805202
int_coal,NV,2021,1.722805202
int_coal,NV,2022,1.722805202
int_coal,NV,2023,1.722805202
int_coal,NV,2024,1.722805202
int_coal,NV,2025,1.71222086
int_coal,NV,2026,1.614519241
int_coal,NV,2027,1.612890881
int_coal,NV,2028,1.518445984
int_coal,NV,2029,1.55345573
int_coal,NV,2030,1.66092751
int_coal,NV,2031,1.703264878
int_coal,NV,2032,2.453938978
int_coal,NV,2033,2.46615168
int_coal,NV,2034,2.419743412
int_coal,NV,2035,2.378220224
int_coal,NV,2036,2.360308261
int_coal,NV,2037,2.35623736
int_coal,NV,2038,2.328555235
int_coal,NV,2039,3.124009243
int_coal,NV,2040,3.122380883
int_coal,NV,2041,3.121566703
int_coal,NV,2042,3.119938343
int_coal,NV,2043,3.126451784
int_coal,NV,2044,3.130522684
int_coal,NV,2045,3.132965225
int_coal,NV,2046,3.145992107
int_coal,NV,2047,3.151691368
int_coal,NV,2048,3.154133909
int_coal,NV,2049,3.153319729
int_coal,NV,2050,3.15901899
int_coal,MT,2010,1.755779498
int_coal,MT,2011,1.755779498
int_coal,MT,2012,1.755779498
int_coal,MT,2013,1.755779498
int_coal,MT,2014,1.755779498
int_coal,MT,2015,1.755779498
int_coal,MT,2016,1.755779498
int_coal,MT,2017,1.755779498
int_coal,MT,2018,1.755779498
int_coal,MT,2019,1.755779498
int_coal,MT,2020,1.755779498
int_coal,MT,2021,1.755779498
int_coal,MT,2022,1.755779498
int_coal,MT,2023,1.755779498
int_coal,MT,2024,1.755779498
int_coal,MT,2025,1.764328389
int_coal,MT,2026,1.734203724
int_coal,MT,2027,1.763514209
int_coal,MT,2028,1.704079058
int_coal,MT,2029,1.722805202
int_coal,MT,2030,1.851038576
int_coal,MT,2031,1.878313611
int_coal,MT,2032,2.270748444
int_coal,MT,2033,2.273598074
int_coal,MT,2034,2.280518606
int_coal,MT,2035,2.272783894
int_coal,MT,2036,2.306572371
int_coal,MT,2037,2.335068676
int_coal,MT,2038,2.381884035
int_coal,MT,2039,3.147620468
int_coal,MT,2040,3.144770837
int_coal,MT,2041,3.143142477
int_coal,MT,2042,3.140699936
int_coal,MT,2043,3.148841738
int_coal,MT,2044,3.152505549
int_coal,MT,2045,3.155762269
int_coal,MT,2046,3.170010422
int_coal,MT,2047,3.176523863
int_coal,MT,2048,3.178152223
int_coal,MT,2049,3.176116773
int_coal,MT,2050,3.183037304
int_coal,WY,2010,1.722805202
int_coal,WY,2011,1.722805202
int_coal,WY,2012,1.722805202
int_coal,WY,2013,1.722805202
int_coal,WY,2014,1.722805202
int_coal,WY,2015,1.722805202
int_coal,WY,2016,1.722805202
int_coal,WY,2017,1.722805202
int_coal,WY,2018,1.722805202
int_coal,WY,2019,1.722805202
int_coal,WY,2020,1.722805202
int_coal,WY,2021,1.722805202
int_coal,WY,2022,1.722805202
int_coal,WY,2023,1.722805202
int_coal,WY,2024,1.722805202
int_coal,WY,2025,1.71222086
int_coal,WY,2026,1.614519241
int_coal,WY,2027,1.612890881
int_coal,WY,2028,1.518445984
int_coal,WY,2029,1.55345573
int_coal,WY,2030,1.66092751
int_coal,WY,2031,1.703264878
int_coal,WY,2032,2.453938978
int_coal,WY,2033,2.46615168
int_coal,WY,2034,2.419743412
int_coal,WY,2035,2.378220224
int_coal,WY,2036,2.360308261
int_coal,WY,2037,2.35623736
int_coal,WY,2038,2.328555235
int_coal,WY,2039,3.124009243
int_coal,WY,2040,3.122380883
int_coal,WY,2041,3.121566703
int_coal,WY,2042,3.119938343
int_coal,WY,2043,3.126451784
int_coal,WY,2044,3.130522684
int_coal,WY,2045,3.132965225
int_coal,WY,2046,3.145992107
int_coal,WY,2047,3.151691368
int_coal,WY,2048,3.154133909
int_coal,WY,2049,3.153319729
int_coal,WY,2050,3.15901899
int_coal,UT,2010,1.722805202
int_coal,UT,2011,1.722805202
int_coal,UT,2012,1.722805202
int_coal,UT,2013,1.722805202
int_coal,UT,2014,1.722805202
int_coal,UT,2015,1.722805202
int_coal,UT,2016,1.722805202
int_coal,UT,2017,1.722805202
int_coal,UT,2018,1.722805202
int_coal,UT,2019,1.722805202
int_coal,UT,2020,1.722805202
int_coal,UT,2021,1.722805202
int_coal,UT,2022,1.722805202
int_coal,UT,2023,1.722805202
int_coal,UT,2024,1.722805202
int_coal,UT,2025,1.71222086
int_coal,UT,2026,1.614519241
int_coal,UT,2027,1.612890881
int_coal,UT,2028,1.518445984
int_coal,UT,2029,1.55345573
int_coal,UT,2030,1.66092751
int_coal,UT,2031,1.703264878
int_coal,UT,2032,2.453938978
int_coal,UT,2033,2.46615168
int_coal,UT,2034,2.419743412
int_coal,UT,2035,2.378220224
int_coal,UT,2036,2.360308261
int_coal,UT,2037,2.35623736
int_coal,UT,2038,2.328555235
int_coal,UT,2039,3.124009243
int_coal,UT,2040,3.122380883
int_coal,UT,2041,3.121566703
int_coal,UT,2042,3.119938343
int_coal,UT,2043,3.126451784
int_coal,UT,2044,3.130522684
int_coal,UT,2045,3.132965225
int_coal,UT,2046,3.145992107
int_coal,UT,2047,3.151691368
int_coal,UT,2048,3.154133909
int_coal,UT,2049,3.153319729
int_coal,UT,2050,3.15901899
int_coal,AZ,2010,1.722805202
int_coal,AZ,2011,1.722805202
int_coal,AZ,2012,1.722805202
int_coal,AZ,2013,1.722805202
int_coal,AZ,2014,1.722805202
int_coal,AZ,2015,1.722805202
int_coal,AZ,2016,1.722805202
int_coal,AZ,2017,1.722805202
int_coal,AZ,2018,1.722805202
int_coal,AZ,2019,1.722805202
int_coal,AZ,2020,1.722805202
int_coal,AZ,2021,1.722805202
int_coal,AZ,2022,1.722805202
int_coal,AZ,2023,1.722805202
int_coal,AZ,2024,1.722805202
int_coal,AZ,2025,1.71222086
int_coal,AZ,2026,1.614519241
int_coal,AZ,2027,1.612890881
int_coal,AZ,2028,1.518445984
int_coal,AZ,2029,1.55345573
int_coal,AZ,2030,1.66092751
int_coal,AZ,2031,1.703264878
int_coal,AZ,2032,2.453938978
int_coal,AZ,2033,2.46615168
int_coal,AZ,2034,2.419743412
int_coal,AZ,2035,2.378220224
int_coal,AZ,2036,2.360308261
int_coal,AZ,2037,2.35623736
int_coal,AZ,2038,2.328555235
int_coal,AZ,2039,3.124009243
int_coal,AZ,2040,3.122380883
int_coal,AZ,2041,3.121566703
int_coal,AZ,2042,3.119938343
int_coal,AZ,2043,3.126451784
int_coal,AZ,2044,3.130522684
int_coal,AZ,2045,3.132965225
int_coal,AZ,2046,3.145992107
int_coal,AZ,2047,3.151691368
int_coal,AZ,2048,3.154133909
int_coal,AZ,2049,3.153319729
int_coal,AZ,2050,3.15901899
int_coal,NM,2010,1.749673147
int_coal,NM,2011,1.749673147
int_coal,NM,2012,1.749673147
int_coal,NM,2013,1.749673147
int_coal,NM,2014,1.749673147
int_coal,NM,2015,1.749673147
int_coal,NM,2016,1.749673147
int_coal,NM,2017,1.749673147
int_coal,NM,2018,1.749673147
int_coal,NM,2019,1.749673147
int_coal,NM,2020,1.749673147
int_coal,NM,2021,1.749673147
int_coal,NM,2022,1.749673147
int_coal,NM,2023,1.749673147
int_coal,NM,2024,1.749673147
int_coal,NM,2025,1.746009336
int_coal,NM,2026,1.704893238
int_coal,NM,2027,1.696751437
int_coal,NM,2028,1.643015547
int_coal,NM,2029,1.651971528
int_coal,NM,2030,1.694715986
int_coal,NM,2031,1.708557049
int_coal,NM,2032,2.245508859
int_coal,NM,2033,2.24835849
int_coal,NM,2034,2.220676365
int_coal,NM,2035,2.19706514
int_coal,NM,2036,2.188516249
int_coal,NM,2037,2.185259528
int_coal,NM,2038,2.170197195
int_coal,NM,2039,2.565481659
int_coal,NM,2040,2.562632028
int_coal,NM,2041,2.560596578
int_coal,NM,2042,2.557339857
int_coal,NM,2043,2.560596578
int_coal,NM,2044,2.666439998
int_coal,NM,2045,2.654227296
int_coal,NM,2046,3.007988572
int_coal,NM,2047,3.005546031
int_coal,NM,2048,3.006767301
int_coal,NM,2049,3.006360211
int_coal,NM,2050,3.015723283
int_coal,SD,2010,1.755779498
int_coal,SD,2011,1.755779498
int_coal,SD,2012,1.755779498
int_coal,SD,2013,1.755779498
int_coal,SD,2014,1.755779498
int_coal,SD,2015,1.755779498
int_coal,SD,2016,1.755779498
int_coal,SD,2017,1.755779498
int_coal,SD,2018,1.755779498
int_coal,SD,2019,1.755779498
int_coal,SD,2020,1.755779498
int_coal,SD,2021,1.755779498
int_coal,SD,2022,1.755779498
int_coal,SD,2023,1.755779498
int_coal,SD,2024,1.755779498
int_coal,SD,2025,1.764328389
int_coal,SD,2026,1.734203724
int_coal,SD,2027,1.763514209
int_coal,SD,2028,1.704079058
int_coal,SD,2029,1.722805202
int_coal,SD,2030,1.851038576
int_coal,SD,2031,1.878313611
int_coal,SD,2032,2.270748444
int_coal,SD,2033,2.273598074
int_coal,SD,2034,2.280518606
int_coal,SD,2035,2.272783894
int_coal,SD,2036,2.306572371
int_coal,SD,2037,2.335068676
int_coal,SD,2038,2.381884035
int_coal,SD,2039,3.147620468
int_coal,SD,2040,3.144770837
int_coal,SD,2041,3.143142477
int_coal,SD,2042,3.140699936
int_coal,SD,2043,3.148841738
int_coal,SD,2044,3.152505549
int_coal,SD,2045,3.155762269
int_coal,SD,2046,3.170010422
int_coal,SD,2047,3.176523863
int_coal,SD,2048,3.178152223
int_coal,SD,2049,3.176116773
int_coal,SD,2050,3.183037304
int_coal,CO,2010,1.722805202
int_coal,CO,2011,1.722805202
int_coal,CO,2012,1.722805202
int_coal,CO,2013,1.722805202
int_coal,CO,2014,1.722805202
int_coal,CO,2015,1.722805202
int_coal,CO,2016,1.722805202
int_coal,CO,2017,1.722805202
int_coal,CO,2018,1.722805202
int_coal,CO,2019,1.722805202
int_coal,CO,2020,1.722805202
int_coal,CO,2021,1.722805202
int_coal,CO,2022,1.722805202
int_coal,CO,2023,1.722805202
int_coal,CO,2024,1.722805202
int_coal,CO,2025,1.71222086
int_coal,CO,2026,1.614519241
int_coal,CO,2027,1.612890881
int_coal,CO,2028,1.518445984
int_coal,CO,2029,1.55345573
int_coal,CO,2030,1.66092751
int_coal,CO,2031,1.703264878
int_coal,CO,2032,2.453938978
int_coal,CO,2033,2.46615168
int_coal,CO,2034,2.419743412
int_coal,CO,2035,2.378220224
int_coal,CO,2036,2.360308261
int_coal,CO,2037,2.35623736
int_coal,CO,2038,2.328555235
int_coal,CO,2039,3.124009243
int_coal,CO,2040,3.122380883
int_coal,CO,2041,3.121566703
int_coal,CO,2042,3.119938343
int_coal,CO,2043,3.126451784
int_coal,CO,2044,3.130522684
int_coal,CO,2045,3.132965225
int_coal,CO,2046,3.145992107
int_coal,CO,2047,3.151691368
int_coal,CO,2048,3.154133909
int_coal,CO,2049,3.153319729
int_coal,CO,2050,3.15901899
int_coal,ND,2010,1.788753794
int_coal,ND,2011,1.788753794
int_coal,ND,2012,1.788753794
int_coal,ND,2013,1.788753794
int_coal,ND,2014,1.788753794
int_coal,ND,2015,1.788753794
int_coal,ND,2016,1.788753794
int_coal,ND,2017,1.788753794
int_coal,ND,2018,1.788753794
int_coal,ND,2019,1.788753794
int_coal,ND,2020,1.788753794
int_coal,ND,2021,1.788753794
int_coal,ND,2022,1.788753794
int_coal,ND,2023,1.788753794
int_coal,ND,2024,1.788753794
int_coal,ND,2025,1.816435919
int_coal,ND,2026,1.853888206
int_coal,ND,2027,1.914137537
int_coal,ND,2028,1.889712133
int_coal,ND,2029,1.892154673
int_coal,ND,2030,2.041149641
int_coal,ND,2031,2.053362343
int_coal,ND,2032,2.08755791
int_coal,ND,2033,2.081044469
int_coal,ND,2034,2.1412938
int_coal,ND,2035,2.167347565
int_coal,ND,2036,2.252836481
int_coal,ND,2037,2.313899992
int_coal,ND,2038,2.435212835
int_coal,ND,2039,3.171231692
int_coal,ND,2040,3.167160791
int_coal,ND,2041,3.164718251
int_coal,ND,2042,3.16146153
int_coal,ND,2043,3.171231692
int_coal,ND,2044,3.174488413
int_coal,ND,2045,3.178559313
int_coal,ND,2046,3.194028736
int_coal,ND,2047,3.201356358
int_coal,ND,2048,3.202170538
int_coal,ND,2049,3.198913817
int_coal,ND,2050,3.207055619
int_coal,NE,2010,1.788753794
int_coal,NE,2011,1.788753794
int_coal,NE,2012,1.788753794
int_coal,NE,2013,1.788753794
int_coal,NE,2014,1.788753794
int_coal,NE,2015,1.788753794
int_coal,NE,2016,1.788753794
int_coal,NE,2017,1.788753794
int_coal,NE,2018,1.788753794
int_coal,NE,2019,1.788753794
int_coal,NE,2020,1.788753794
int_coal,NE,2021,1.788753794
int_coal,NE,2022,1.788753794
int_coal,NE,2023,1.788753794
int_coal,NE,2024,1.788753794
int_coal,NE,2025,1.816435919
int_coal,NE,2026,1.853888206
int_coal,NE,2027,1.914137537
int_coal,NE,2028,1.889712133
int_coal,NE,2029,1.892154673
int_coal,NE,2030,2.041149641
int_coal,NE,2031,2.053362343
int_coal,NE,2032,2.08755791
int_coal,NE,2033,2.081044469
int_coal,NE,2034,2.1412938
int_coal,NE,2035,2.167347565
int_coal,NE,2036,2.252836481
int_coal,NE,2037,2.313899992
int_coal,NE,2038,2.435212835
int_coal,NE,2039,3.171231692
int_coal,NE,2040,3.167160791
int_coal,NE,2041,3.164718251
int_coal,NE,2042,3.16146153
int_coal,NE,2043,3.171231692
int_coal,NE,2044,3.174488413
int_coal,NE,2045,3.178559313
int_coal,NE,2046,3.194028736
int_coal,NE,2047,3.201356358
int_coal,NE,2048,3.202170538
int_coal,NE,2049,3.198913817
int_coal,NE,2050,3.207055619
int_coal,MN,2010,1.788753794
int_coal,MN,2011,1.788753794
int_coal,MN,2012,1.788753794
int_coal,MN,2013,1.788753794
int_coal,MN,2014,1.788753794
int_coal,MN,2015,1.788753794
int_coal,MN,2016,1.788753794
int_coal,MN,2017,1.788753794
int_coal,MN,2018,1.788753794
int_coal,MN,2019,1.788753794
int_coal,MN,2020,1.788753794
int_coal,MN,2021,1.788753794
int_coal,MN,2022,1.788753794
int_coal,MN,2023,1.788753794
int_coal,MN,2024,1.788753794
int_coal,MN,2025,1.816435919
int_coal,MN,2026,1.853888206
int_coal,MN,2027,1.914137537
int_coal,MN,2028,1.889712133
int_coal,MN,2029,1.892154673
int_coal,MN,2030,2.041149641
int_coal,MN,2031,2.053362343
int_coal,MN,2032,2.08755791
int_coal,MN,2033,2.081044469
int_coal,MN,2034,2.1412938
int_coal,MN,2035,2.167347565
int_coal,MN,2036,2.252836481
int_coal,MN,2037,2.313899992
int_coal,MN,2038,2.435212835
int_coal,MN,2039,3.171231692
int_coal,MN,2040,3.167160791
int_coal,MN,2041,3.164718251
int_coal,MN,2042,3.16146153
int_coal,MN,2043,3.171231692
int_coal,MN,2044,3.174488413
int_coal,MN,2045,3.178559313
int_coal,MN,2046,3.194028736
int_coal,MN,2047,3.201356358
int_coal,MN,2048,3.202170538
int_coal,MN,2049,3.198913817
int_coal,MN,2050,3.207055619
int_coal,IA,2010,1.788753794
int_coal,IA,2011,1.788753794
int_coal,IA,2012,1.788753794
int_coal,IA,2013,1.788753794
int_coal,IA,2014,1.788753794
int_coal,IA,2015,1.788753794
int_coal,IA,2016,1.788753794
int_coal,IA,2017,1.788753794
int_coal,IA,2018,1.788753794
int_coal,IA,2019,1.788753794
int_coal,IA,2020,1.788753794
int_coal,IA,2021,1.788753794
int_coal,IA,2022,1.788753794
int_coal,IA,2023,1.788753794
int_coal,IA,2024,1.788753794
int_coal,IA,2025,1.816435919
int_coal,IA,2026,1.853888206
int_coal,IA,2027,1.914137537
int_coal,IA,2028,1.889712133
int_coal,IA,2029,1.892154673
int_coal,IA,2030,2.041149641
int_coal,IA,2031,2.053362343
int_coal,IA,2032,2.08755791
int_coal,IA,2033,2.081044469
int_coal,IA,2034,2.1412938
int_coal,IA,2035,2.167347565
int_coal,IA,2036,2.252836481
int_coal,IA,2037,2.313899992
int_coal,IA,2038,2.435212835
int_coal,IA,2039,3.171231692
int_coal,IA,2040,3.167160791
int_coal,IA,2041,3.164718251
int_coal,IA,2042,3.16146153
int_coal,IA,2043,3.171231692
int_coal,IA,2044,3.174488413
int_coal,IA,2045,3.178559313
int_coal,IA,2046,3.194028736
int_coal,IA,2047,3.201356358
int_coal,IA,2048,3.202170538
int_coal,IA,2049,3.198913817
int_coal,IA,2050,3.207055619
int_coal,WI,2010,2.177117726
int_coal,WI,2011,2.177117726
int_coal,WI,2012,2.177117726
int_coal,WI,2013,2.177117726
int_coal,WI,2014,2.177117726
int_coal,WI,2015,2.177117726
int_coal,WI,2016,2.177117726
int_coal,WI,2017,2.177117726
int_coal,WI,2018,2.177117726
int_coal,WI,2019,2.177117726
int_coal,WI,2020,2.177117726
int_coal,WI,2021,2.177117726
int_coal,WI,2022,2.177117726
int_coal,WI,2023,2.177117726
int_coal,WI,2024,2.177117726
int_coal,WI,2025,2.048477262
int_coal,WI,2026,1.966245067
int_coal,WI,2027,1.949961464
int_coal,WI,2028,1.920650979
int_coal,WI,2029,1.900296475
int_coal,WI,2030,1.891340493
int_coal,WI,2031,1.851445666
int_coal,WI,2032,1.915765898
int_coal,WI,2033,1.916580078
int_coal,WI,2034,1.920650979
int_coal,WI,2035,1.893783034
int_coal,WI,2036,1.891340493
int_coal,WI,2037,1.890526313
int_coal,WI,2038,1.892968853
int_coal,WI,2039,1.886455412
int_coal,WI,2040,1.882384511
int_coal,WI,2041,1.887269592
int_coal,WI,2042,1.895411394
int_coal,WI,2043,1.897039754
int_coal,WI,2044,1.920650979
int_coal,WI,2045,1.957289085
int_coal,WI,2046,1.92635024
int_coal,WI,2047,1.977643589
int_coal,WI,2048,1.976829409
int_coal,WI,2049,1.976829409
int_coal,WI,2050,1.977643589
int_coal,TX,2010,1.749673147
int_coal,TX,2011,1.749673147
int_coal,TX,2012,1.749673147
int_coal,TX,2013,1.749673147
int_coal,TX,2014,1.749673147
int_coal,TX,2015,1.749673147
int_coal,TX,2016,1.749673147
int_coal,TX,2017,1.749673147
int_coal,TX,2018,1.749673147
int_coal,TX,2019,1.749673147
int_coal,TX,2020,1.749673147
int_coal,TX,2021,1.749673147
int_coal,TX,2022,1.749673147
int_coal,TX,2023,1.749673147
int_coal,TX,2024,1.749673147
int_coal,TX,2025,1.746009336
int_coal,TX,2026,1.704893238
int_coal,TX,2027,1.696751437
int_coal,TX,2028,1.643015547
int_coal,TX,2029,1.651971528
int_coal,TX,2030,1.694715986
int_coal,TX,2031,1.708557049
int_coal,TX,2032,2.245508859
int_coal,TX,2033,2.24835849
int_coal,TX,2034,2.220676365
int_coal,TX,2035,2.19706514
int_coal,TX,2036,2.188516249
int_coal,TX,2037,2.185259528
int_coal,TX,2038,2.170197195
int_coal,TX,2039,2.565481659
int_coal,TX,2040,2.562632028
int_coal,TX,2041,2.560596578
int_coal,TX,2042,2.557339857
int_coal,TX,2043,2.560596578
int_coal,TX,2044,2.666439998
int_coal,TX,2045,2.654227296
int_coal,TX,2046,3.007988572
int_coal,TX,2047,3.005546031
int_coal,TX,2048,3.006767301
int_coal,TX,2049,3.006360211
int_coal,TX,2050,3.015723283
int_coal,OK,2010,1.776541092
int_coal,OK,2011,1.776541092
int_coal,OK,2012,1.776541092
int_coal,OK,2013,1.776541092
int_coal,OK,2014,1.776541092
int_coal,OK,2015,1.776541092
int_coal,OK,2016,1.776541092
int_coal,OK,2017,1.776541092
int_coal,OK,2018,1.776541092
int_coal,OK,2019,1.776541092
int_coal,OK,2020,1.776541092
int_coal,OK,2021,1.776541092
int_coal,OK,2022,1.776541092
int_coal,OK,2023,1.776541092
int_coal,OK,2024,1.776541092
int_coal,OK,2025,1.779797812
int_coal,OK,2026,1.795267235
int_coal,OK,2027,1.780611992
int_coal,OK,2028,1.76758511
int_coal,OK,2029,1.750487327
int_coal,OK,2030,1.728504463
int_coal,OK,2031,1.71384922
int_coal,OK,2032,2.03707874
int_coal,OK,2033,2.030565299
int_coal,OK,2034,2.021609317
int_coal,OK,2035,2.015910056
int_coal,OK,2036,2.016724237
int_coal,OK,2037,2.014281696
int_coal,OK,2038,2.011839156
int_coal,OK,2039,2.006954075
int_coal,OK,2040,2.002883174
int_coal,OK,2041,1.999626453
int_coal,OK,2042,1.994741372
int_coal,OK,2043,1.994741372
int_coal,OK,2044,2.202357311
int_coal,OK,2045,2.175489366
int_coal,OK,2046,2.869985036
int_coal,OK,2047,2.859400694
int_coal,OK,2048,2.859400694
int_coal,OK,2049,2.859400694
int_coal,OK,2050,2.872427576
int_coal,KS,2010,1.788753794
int_coal,KS,2011,1.788753794
int_coal,KS,2012,1.788753794
int_coal,KS,2013,1.788753794
int_coal,KS,2014,1.788753794
int_coal,KS,2015,1.788753794
int_coal,KS,2016,1.788753794
int_coal,KS,2017,1.788753794
int_coal,KS,2018,1.788753794
int_coal,KS,2019,1.788753794
int_coal,KS,2020,1.788753794
int_coal,KS,2021,1.788753794
int_coal,KS,2022,1.788753794
int_coal,KS,2023,1.788753794
int_coal,KS,2024,1.788753794
int_coal,KS,2025,1.816435919
int_coal,KS,2026,1.853888206
int_coal,KS,2027,1.914137537
int_coal,KS,2028,1.889712133
int_coal,KS,2029,1.892154673
int_coal,KS,2030,2.041149641
int_coal,KS,2031,2.053362343
int_coal,KS,2032,2.08755791
int_coal,KS,2033,2.081044469
int_coal,KS,2034,2.1412938
int_coal,KS,2035,2.167347565
int_coal,KS,2036,2.252836481
int_coal,KS,2037,2.313899992
int_coal,KS,2038,2.435212835
int_coal,KS,2039,3.171231692
int_coal,KS,2040,3.167160791
int_coal,KS,2041,3.164718251
int_coal,KS,2042,3.16146153
int_coal,KS,2043,3.171231692
int_coal,KS,2044,3.174488413
int_coal,KS,2045,3.178559313
int_coal,KS,2046,3.194028736
int_coal,KS,2047,3.201356358
int_coal,KS,2048,3.202170538
int_coal,KS,2049,3.198913817
int_coal,KS,2050,3.207055619
int_coal,MO,2010,1.788753794
int_coal,MO,2011,1.788753794
int_coal,MO,2012,1.788753794
int_coal,MO,2013,1.788753794
int_coal,MO,2014,1.788753794
int_coal,MO,2015,1.788753794
int_coal,MO,2016,1.788753794
int_coal,MO,2017,1.788753794
int_coal,MO,2018,1.788753794
int_coal,MO,2019,1.788753794
int_coal,MO,2020,1.788753794
int_coal,MO,2021,1.788753794
int_coal,MO,2022,1.788753794
int_coal,MO,2023,1.788753794
int_coal,MO,2024,1.788753794
int_coal,MO,2025,1.816435919
int_coal,MO,2026,1.853888206
int_coal,MO,2027,1.914137537
int_coal,MO,2028,1.889712133
int_coal,MO,2029,1.892154673
int_coal,MO,2030,2.041149641
int_coal,MO,2031,2.053362343
int_coal,MO,2032,2.08755791
int_coal,MO,2033,2.081044469
int_coal,MO,2034,2.1412938
int_coal,MO,2035,2.167347565
int_coal,MO,2036,2.252836481
int_coal,MO,2037,2.313899992
int_coal,MO,2038,2.435212835
int_coal,MO,2039,3.171231692
int_coal,MO,2040,3.167160791
int_coal,MO,2041,3.164718251
int_coal,MO,2042,3.16146153
int_coal,MO,2043,3.171231692
int_coal,MO,2044,3.174488413
int_coal,MO,2045,3.178559313
int_coal,MO,2046,3.194028736
int_coal,MO,2047,3.201356358
int_coal,MO,2048,3.202170538
int_coal,MO,2049,3.198913817
int_coal,MO,2050,3.207055619
int_coal,AR,2010,1.776541092
int_coal,AR,2011,1.776541092
int_coal,AR,2012,1.776541092
int_coal,AR,2013,1.776541092
int_coal,AR,2014,1.776541092
int_coal,AR,2015,1.776541092
int_coal,AR,2016,1.776541092
int_coal,AR,2017,1.776541092
int_coal,AR,2018,1.776541092
int_coal,AR,2019,1.776541092
int_coal,AR,2020,1.776541092
int_coal,AR,2021,1.776541092
int_coal,AR,2022,1.776541092
int_coal,AR,2023,1.776541092
int_coal,AR,2024,1.776541092
int_coal,AR,2025,1.779797812
int_coal,AR,2026,1.795267235
int_coal,AR,2027,1.780611992
int_coal,AR,2028,1.76758511
int_coal,AR,2029,1.750487327
int_coal,AR,2030,1.728504463
int_coal,AR,2031,1.71384922
int_coal,AR,2032,2.03707874
int_coal,AR,2033,2.030565299
int_coal,AR,2034,2.021609317
int_coal,AR,2035,2.015910056
int_coal,AR,2036,2.016724237
int_coal,AR,2037,2.014281696
int_coal,AR,2038,2.011839156
int_coal,AR,2039,2.006954075
int_coal,AR,2040,2.002883174
int_coal,AR,2041,1.999626453
int_coal,AR,2042,1.994741372
int_coal,AR,2043,1.994741372
int_coal,AR,2044,2.202357311
int_coal,AR,2045,2.175489366
int_coal,AR,2046,2.869985036
int_coal,AR,2047,2.859400694
int_coal,AR,2048,2.859400694
int_coal,AR,2049,2.859400694
int_coal,AR,2050,2.872427576
int_coal,LA,2010,1.776541092
int_coal,LA,2011,1.776541092
int_coal,LA,2012,1.776541092
int_coal,LA,2013,1.776541092
int_coal,LA,2014,1.776541092
int_coal,LA,2015,1.776541092
int_coal,LA,2016,1.776541092
int_coal,LA,2017,1.776541092
int_coal,LA,2018,1.776541092
int_coal,LA,2019,1.776541092
int_coal,LA,2020,1.776541092
int_coal,LA,2021,1.776541092
int_coal,LA,2022,1.776541092
int_coal,LA,2023,1.776541092
int_coal,LA,2024,1.776541092
int_coal,LA,2025,1.779797812
int_coal,LA,2026,1.795267235
int_coal,LA,2027,1.780611992
int_coal,LA,2028,1.76758511
int_coal,LA,2029,1.750487327
int_coal,LA,2030,1.728504463
int_coal,LA,2031,1.71384922
int_coal,LA,2032,2.03707874
int_coal,LA,2033,2.030565299
int_coal,LA,2034,2.021609317
int_coal,LA,2035,2.015910056
int_coal,LA,2036,2.016724237
int_coal,LA,2037,2.014281696
int_coal,LA,2038,2.011839156
int_coal,LA,2039,2.006954075
int_coal,LA,2040,2.002883174
int_coal,LA,2041,1.999626453
int_coal,LA,2042,1.994741372
int_coal,LA,2043,1.994741372
int_coal,LA,2044,2.202357311
int_coal,LA,2045,2.175489366
int_coal,LA,2046,2.869985036
int_coal,LA,2047,2.859400694
int_coal,LA,2048,2.859400694
int_coal,LA,2049,2.859400694
int_coal,LA,2050,2.872427576
int_coal,MI,2010,2.177117726
int_coal,MI,2011,2.177117726
int_coal,MI,2012,2.177117726
int_coal,MI,2013,2.177117726
int_coal,MI,2014,2.177117726
int_coal,MI,2015,2.177117726
int_coal,MI,2016,2.177117726
int_coal,MI,2017,2.177117726
int_coal,MI,2018,2.177117726
int_coal,MI,2019,2.177117726
int_coal,MI,2020,2.177117726
int_coal,MI,2021,2.177117726
int_coal,MI,2022,2.177117726
int_coal,MI,2023,2.177117726
int_coal,MI,2024,2.177117726
int_coal,MI,2025,2.048477262
int_coal,MI,2026,1.966245067
int_coal,MI,2027,1.949961464
int_coal,MI,2028,1.920650979
int_coal,MI,2029,1.900296475
int_coal,MI,2030,1.891340493
int_coal,MI,2031,1.851445666
int_coal,MI,2032,1.915765898
int_coal,MI,2033,1.916580078
int_coal,MI,2034,1.920650979
int_coal,MI,2035,1.893783034
int_coal,MI,2036,1.891340493
int_coal,MI,2037,1.890526313
int_coal,MI,2038,1.892968853
int_coal,MI,2039,1.886455412
int_coal,MI,2040,1.882384511
int_coal,MI,2041,1.887269592
int_coal,MI,2042,1.895411394
int_coal,MI,2043,1.897039754
int_coal,MI,2044,1.920650979
int_coal,MI,2045,1.957289085
int_coal,MI,2046,1.92635024
int_coal,MI,2047,1.977643589
int_coal,MI,2048,1.976829409
int_coal,MI,2049,1.976829409
int_coal,MI,2050,1.977643589
int_coal,IL,2010,2.177117726
int_coal,IL,2011,2.177117726
int_coal,IL,2012,2.177117726
int_coal,IL,2013,2.177117726
int_coal,IL,2014,2.177117726
int_coal,IL,2015,2.177117726
int_coal,IL,2016,2.177117726
int_coal,IL,2017,2.177117726
int_coal,IL,2018,2.177117726
int_coal,IL,2019,2.177117726
int_coal,IL,2020,2.177117726
int_coal,IL,2021,2.177117726
int_coal,IL,2022,2.177117726
int_coal,IL,2023,2.177117726
int_coal,IL,2024,2.177117726
int_coal,IL,2025,2.048477262
int_coal,IL,2026,1.966245067
int_coal,IL,2027,1.949961464
int_coal,IL,2028,1.920650979
int_coal,IL,2029,1.900296475
int_coal,IL,2030,1.891340493
int_coal,IL,2031,1.851445666
int_coal,IL,2032,1.915765898
int_coal,IL,2033,1.916580078
int_coal,IL,2034,1.920650979
int_coal,IL,2035,1.893783034
int_coal,IL,2036,1.891340493
int_coal,IL,2037,1.890526313
int_coal,IL,2038,1.892968853
int_coal,IL,2039,1.886455412
int_coal,IL,2040,1.882384511
int_coal,IL,2041,1.887269592
int_coal,IL,2042,1.895411394
int_coal,IL,2043,1.897039754
int_coal,IL,2044,1.920650979
int_coal,IL,2045,1.957289085
int_coal,IL,2046,1.92635024
int_coal,IL,2047,1.977643589
int_coal,IL,2048,1.976829409
int_coal,IL,2049,1.976829409
int_coal,IL,2050,1.977643589
int_coal,MS,2010,1.918208438
int_coal,MS,2011,1.918208438
int_coal,MS,2012,1.918208438
int_coal,MS,2013,1.918208438
int_coal,MS,2014,1.918208438
int_coal,MS,2015,1.918208438
int_coal,MS,2016,1.918208438
int_coal,MS,2017,1.918208438
int_coal,MS,2018,1.918208438
int_coal,MS,2019,1.918208438
int_coal,MS,2020,1.918208438
int_coal,MS,2021,1.918208438
int_coal,MS,2022,1.918208438
int_coal,MS,2023,1.918208438
int_coal,MS,2024,1.918208438
int_coal,MS,2025,1.866100908
int_coal,MS,2026,1.864472548
int_coal,MS,2027,1.832719522
int_coal,MS,2028,1.825391901
int_coal,MS,2029,1.808294118
int_coal,MS,2030,1.794453055
int_coal,MS,2031,1.759443309
int_coal,MS,2032,1.793638875
int_coal,MS,2033,1.787939614
int_coal,MS,2034,1.781426173
int_coal,MS,2035,1.778169452
int_coal,MS,2036,1.782240353
int_coal,MS,2037,1.786311254
int_coal,MS,2038,1.783868713
int_coal,MS,2039,1.812365018
int_coal,MS,2040,1.809108298
int_coal,MS,2041,1.808294118
int_coal,MS,2042,1.805037397
int_coal,MS,2043,1.807479937
int_coal,MS,2044,1.815621739
int_coal,MS,2045,1.815621739
int_coal,MS,2046,2.038707101
int_coal,MS,2047,2.039521281
int_coal,MS,2048,2.037892921
int_coal,MS,2049,2.03545038
int_coal,MS,2050,2.03382202
int_coal,AL,2010,1.918208438
int_coal,AL,2011,1.918208438
int_coal,AL,2012,1.918208438
int_coal,AL,2013,1.918208438
int_coal,AL,2014,1.918208438
int_coal,AL,2015,1.918208438
int_coal,AL,2016,1.918208438
int_coal,AL,2017,1.918208438
int_coal,AL,2018,1.918208438
int_coal,AL,2019,1.918208438
int_coal,AL,2020,1.918208438
int_coal,AL,2021,1.918208438
int_coal,AL,2022,1.918208438
int_coal,AL,2023,1.918208438
int_coal,AL,2024,1.918208438
int_coal,AL,2025,1.866100908
int_coal,AL,2026,1.864472548
int_coal,AL,2027,1.832719522
int_coal,AL,2028,1.825391901
int_coal,AL,2029,1.808294118
int_coal,AL,2030,1.794453055
int_coal,AL,2031,1.759443309
int_coal,AL,2032,1.793638875
int_coal,AL,2033,1.787939614
int_coal,AL,2034,1.781426173
int_coal,AL,2035,1.778169452
int_coal,AL,2036,1.782240353
int_coal,AL,2037,1.786311254
int_coal,AL,2038,1.783868713
int_coal,AL,2039,1.812365018
int_coal,AL,2040,1.809108298
int_coal,AL,2041,1.808294118
int_coal,AL,2042,1.805037397
int_coal,AL,2043,1.807479937
int_coal,AL,2044,1.815621739
int_coal,AL,2045,1.815621739
int_coal,AL,2046,2.038707101
int_coal,AL,2047,2.039521281
int_coal,AL,2048,2.037892921
int_coal,AL,2049,2.03545038
int_coal,AL,2050,2.03382202
int_coal,FL,2010,2.961987393
int_coal,FL,2011,2.961987393
int_coal,FL,2012,2.961987393
int_coal,FL,2013,2.961987393
int_coal,FL,2014,2.961987393
int_coal,FL,2015,2.961987393
int_coal,FL,2016,2.961987393
int_coal,FL,2017,2.961987393
int_coal,FL,2018,2.961987393
int_coal,FL,2019,2.961987393
int_coal,FL,2020,2.961987393
int_coal,FL,2021,2.961987393
int_coal,FL,2022,2.961987393
int_coal,FL,2023,2.961987393
int_coal,FL,2024,2.961987393
int_coal,FL,2025,2.853701433
int_coal,FL,2026,2.906623143
int_coal,FL,2027,2.725875149
int_coal,FL,2028,2.443354636
int_coal,FL,2029,2.405088169
int_coal,FL,2030,2.370892603
int_coal,FL,2031,2.342396297
int_coal,FL,2032,2.457195699
int_coal,FL,2033,2.494647986
int_coal,FL,2034,2.488134545
int_coal,FL,2035,2.477550203
int_coal,FL,2036,2.475107662
int_coal,FL,2037,2.62491681
int_coal,FL,2038,2.638757873
int_coal,FL,2039,2.654227296
int_coal,FL,2040,2.650970575
int_coal,FL,2041,2.659926557
int_coal,FL,2042,2.661554917
int_coal,FL,2043,2.665625818
int_coal,FL,2044,2.666439998
int_coal,FL,2045,2.665625818
int_coal,FL,2046,2.672139259
int_coal,FL,2047,2.671325079
int_coal,FL,2048,2.671325079
int_coal,FL,2049,2.672139259
int_coal,FL,2050,2.67702434
int_coal,TN,2010,1.918208438
int_coal,TN,2011,1.918208438
int_coal,TN,2012,1.918208438
int_coal,TN,2013,1.918208438
int_coal,TN,2014,1.918208438
int_coal,TN,2015,1.918208438
int_coal,TN,2016,1.918208438
int_coal,TN,2017,1.918208438
int_coal,TN,2018,1.918208438
int_coal,TN,2019,1.918208438
int_coal,TN,2020,1.918208438
int_coal,TN,2021,1.918208438
int_coal,TN,2022,1.918208438
int_coal,TN,2023,1.918208438
int_coal,TN,2024,1.918208438
int_coal,TN,2025,1.866100908
int_coal,TN,2026,1.864472548
int_coal,TN,2027,1.832719522
int_coal,TN,2028,1.825391901
int_coal,TN,2029,1.808294118
int_coal,TN,2030,1.794453055
int_coal,TN,2031,1.759443309
int_coal,TN,2032,1.793638875
int_coal,TN,2033,1.787939614
int_coal,TN,2034,1.781426173
int_coal,TN,2035,1.778169452
int_coal,TN,2036,1.782240353
int_coal,TN,2037,1.786311254
int_coal,TN,2038,1.783868713
int_coal,TN,2039,1.812365018
int_coal,TN,2040,1.809108298
int_coal,TN,2041,1.808294118
int_coal,TN,2042,1.805037397
int_coal,TN,2043,1.807479937
int_coal,TN,2044,1.815621739
int_coal,TN,2045,1.815621739
int_coal,TN,2046,2.038707101
int_coal,TN,2047,2.039521281
int_coal,TN,2048,2.037892921
int_coal,TN,2049,2.03545038
int_coal,TN,2050,2.03382202
int_coal,KY,2010,1.918208438
int_coal,KY,2011,1.918208438
int_coal,KY,2012,1.918208438
int_coal,KY,2013,1.918208438
int_coal,KY,2014,1.918208438
int_coal,KY,2015,1.918208438
int_coal,KY,2016,1.918208438
int_coal,KY,2017,1.918208438
int_coal,KY,2018,1.918208438
int_coal,KY,2019,1.918208438
int_coal,KY,2020,1.918208438
int_coal,KY,2021,1.918208438
int_coal,KY,2022,1.918208438
int_coal,KY,2023,1.918208438
int_coal,KY,2024,1.918208438
int_coal,KY,2025,1.866100908
int_coal,KY,2026,1.864472548
int_coal,KY,2027,1.832719522
int_coal,KY,2028,1.825391901
int_coal,KY,2029,1.808294118
int_coal,KY,2030,1.794453055
int_coal,KY,2031,1.759443309
int_coal,KY,2032,1.793638875
int_coal,KY,2033,1.787939614
int_coal,KY,2034,1.781426173
int_coal,KY,2035,1.778169452
int_coal,KY,2036,1.782240353
int_coal,KY,2037,1.786311254
int_coal,KY,2038,1.783868713
int_coal,KY,2039,1.812365018
int_coal,KY,2040,1.809108298
int_coal,KY,2041,1.808294118
int_coal,KY,2042,1.805037397
int_coal,KY,2043,1.807479937
int_coal,KY,2044,1.815621739
int_coal,KY,2045,1.815621739
int_coal,KY,2046,2.038707101
int_coal,KY,2047,2.039521281
int_coal,KY,2048,2.037892921
int_coal,KY,2049,2.03545038
int_coal,KY,2050,2.03382202
int_coal,GA,2010,2.961987393
int_coal,GA,2011,2.961987393
int_coal,GA,2012,2.961987393
int_coal,GA,2013,2.961987393
int_coal,GA,2014,2.961987393
int_coal,GA,2015,2.961987393
int_coal,GA,2016,2.961987393
int_coal,GA,2017,2.961987393
int_coal,GA,2018,2.961987393
int_coal,GA,2019,2.961987393
int_coal,GA,2020,2.961987393
int_coal,GA,2021,2.961987393
int_coal,GA,2022,2.961987393
int_coal,GA,2023,2.961987393
int_coal,GA,2024,2.961987393
int_coal,GA,2025,2.853701433
int_coal,GA,2026,2.906623143
int_coal,GA,2027,2.725875149
int_coal,GA,2028,2.443354636
int_coal,GA,2029,2.405088169
int_coal,GA,2030,2.370892603
int_coal,GA,2031,2.342396297
int_coal,GA,2032,2.457195699
int_coal,GA,2033,2.494647986
int_coal,GA,2034,2.488134545
int_coal,GA,2035,2.477550203
int_coal,GA,2036,2.475107662
int_coal,GA,2037,2.62491681
int_coal,GA,2038,2.638757873
int_coal,GA,2039,2.654227296
int_coal,GA,2040,2.650970575
int_coal,GA,2041,2.659926557
int_coal,GA,2042,2.661554917
int_coal,GA,2043,2.665625818
int_coal,GA,2044,2.666439998
int_coal,GA,2045,2.665625818
int_coal,GA,2046,2.672139259
int_coal,GA,2047,2.671325079
int_coal,GA,2048,2.671325079
int_coal,GA,2049,2.672139259
int_coal,GA,2050,2.67702434
int_coal,SC,2010,2.961987393
int_coal,SC,2011,2.961987393
int_coal,SC,2012,2.961987393
int_coal,SC,2013,2.961987393
int_coal,SC,2014,2.961987393
int_coal,SC,2015,2.961987393
int_coal,SC,2016,2.961987393
int_coal,SC,2017,2.961987393
int_coal,SC,2018,2.961987393
int_coal,SC,2019,2.961987393
int_coal,SC,2020,2.961987393
int_coal,SC,2021,2.961987393
int_coal,SC,2022,2.961987393
int_coal,SC,2023,2.961987393
int_coal,SC,2024,2.961987393
int_coal,SC,2025,2.853701433
int_coal,SC,2026,2.906623143
int_coal,SC,2027,2.725875149
int_coal,SC,2028,2.443354636
int_coal,SC,2029,2.405088169
int_coal,SC,2030,2.370892603
int_coal,SC,2031,2.342396297
int_coal,SC,2032,2.457195699
int_coal,SC,2033,2.494647986
int_coal,SC,2034,2.488134545
int_coal,SC,2035,2.477550203
int_coal,SC,2036,2.475107662
int_coal,SC,2037,2.62491681
int_coal,SC,2038,2.638757873
int_coal,SC,2039,2.654227296
int_coal,SC,2040,2.650970575
int_coal,SC,2041,2.659926557
int_coal,SC,2042,2.661554917
int_coal,SC,2043,2.665625818
int_coal,SC,2044,2.666439998
int_coal,SC,2045,2.665625818
int_coal,SC,2046,2.672139259
int_coal,SC,2047,2.671325079
int_coal,SC,2048,2.671325079
int_coal,SC,2049,2.672139259
int_coal,SC,2050,2.67702434
int_coal,NC,2010,2.961987393
int_coal,NC,2011,2.961987393
int_coal,NC,2012,2.961987393
int_coal,NC,2013,2.961987393
int_coal,NC,2014,2.961987393
int_coal,NC,2015,2.961987393
int_coal,NC,2016,2.961987393
int_coal,NC,2017,2.961987393
int_coal,NC,2018,2.961987393
int_coal,NC,2019,2.961987393
int_coal,NC,2020,2.961987393
int_coal,NC,2021,2.961987393
int_coal,NC,2022,2.961987393
int_coal,NC,2023,2.961987393
int_coal,NC,2024,2.961987393
int_coal,NC,2025,2.853701433
int_coal,NC,2026,2.906623143
int_coal,NC,2027,2.725875149
int_coal,NC,2028,2.443354636
int_coal,NC,2029,2.405088169
int_coal,NC,2030,2.370892603
int_coal,NC,2031,2.342396297
int_coal,NC,2032,2.457195699
int_coal,NC,2033,2.494647986
int_coal,NC,2034,2.488134545
int_coal,NC,2035,2.477550203
int_coal,NC,2036,2.475107662
int_coal,NC,2037,2.62491681
int_coal,NC,2038,2.638757873
int_coal,NC,2039,2.654227296
int_coal,NC,2040,2.650970575
int_coal,NC,2041,2.659926557
int_coal,NC,2042,2.661554917
int_coal,NC,2043,2.665625818
int_coal,NC,2044,2.666439998
int_coal,NC,2045,2.665625818
int_coal,NC,2046,2.672139259
int_coal,NC,2047,2.671325079
int_coal,NC,2048,2.671325079
int_coal,NC,2049,2.672139259
int_coal,NC,2050,2.67702434
int_coal,VA,2010,2.961987393
int_coal,VA,2011,2.961987393
int_coal,VA,2012,2.961987393
int_coal,VA,2013,2.961987393
int_coal,VA,2014,2.961987393
int_coal,VA,2015,2.961987393
int_coal,VA,2016,2.961987393
int_coal,VA,2017,2.961987393
int_coal,VA,2018,2.961987393
int_coal,VA,2019,2.961987393
int_coal,VA,2020,2.961987393
int_coal,VA,2021,2.961987393
int_coal,VA,2022,2.961987393
int_coal,VA,2023,2.961987393
int_coal,VA,2024,2.961987393
int_coal,VA,2025,2.853701433
int_coal,VA,2026,2.906623143
int_coal,VA,2027,2.725875149
int_coal,VA,2028,2.443354636
int_coal,VA,2029,2.405088169
int_coal,VA,2030,2.370892603
int_coal,VA,2031,2.342396297
int_coal,VA,2032,2.457195699
int_coal,VA,2033,2.494647986
int_coal,VA,2034,2.488134545
int_coal,VA,2035,2.477550203
int_coal,VA,2036,2.475107662
int_coal,VA,2037,2.62491681
int_coal,VA,2038,2.638757873
int_coal,VA,2039,2.654227296
int_coal,VA,2040,2.650970575
int_coal,VA,2041,2.659926557
int_coal,VA,2042,2.661554917
int_coal,VA,2043,2.665625818
int_coal,VA,2044,2.666439998
int_coal,VA,2045,2.665625818
int_coal,VA,2046,2.672139259
int_coal,VA,2047,2.671325079
int_coal,VA,2048,2.671325079
int_coal,VA,2049,2.672139259
int_coal,VA,2050,2.67702434
int_coal,IN,2010,2.177117726
int_coal,IN,2011,2.177117726
int_coal,IN,2012,2.177117726
int_coal,IN,2013,2.177117726
int_coal,IN,2014,2.177117726
int_coal,IN,2015,2.177117726
int_coal,IN,2016,2.177117726
int_coal,IN,2017,2.177117726
int_coal,IN,2018,2.177117726
int_coal,IN,2019,2.177117726
int_coal,IN,2020,2.177117726
int_coal,IN,2021,2.177117726
int_coal,IN,2022,2.177117726
int_coal,IN,2023,2.177117726
int_coal,IN,2024,2.177117726
int_coal,IN,2025,2.048477262
int_coal,IN,2026,1.966245067
int_coal,IN,2027,1.949961464
int_coal,IN,2028,1.920650979
int_coal,IN,2029,1.900296475
int_coal,IN,2030,1.891340493
int_coal,IN,2031,1.851445666
int_coal,IN,2032,1.915765898
int_coal,IN,2033,1.916580078
int_coal,IN,2034,1.920650979
int_coal,IN,2035,1.893783034
int_coal,IN,2036,1.891340493
int_coal,IN,2037,1.890526313
int_coal,IN,2038,1.892968853
int_coal,IN,2039,1.886455412
int_coal,IN,2040,1.882384511
int_coal,IN,2041,1.887269592
int_coal,IN,2042,1.895411394
int_coal,IN,2043,1.897039754
int_coal,IN,2044,1.920650979
int_coal,IN,2045,1.957289085
int_coal,IN,2046,1.92635024
int_coal,IN,2047,1.977643589
int_coal,IN,2048,1.976829409
int_coal,IN,2049,1.976829409
int_coal,IN,2050,1.977643589
int_coal,OH,2010,2.177117726
int_coal,OH,2011,2.177117726
int_coal,OH,2012,2.177117726
int_coal,OH,2013,2.177117726
int_coal,OH,2014,2.177117726
int_coal,OH,2015,2.177117726
int_coal,OH,2016,2.177117726
int_coal,OH,2017,2.177117726
int_coal,OH,2018,2.177117726
int_coal,OH,2019,2.177117726
int_coal,OH,2020,2.177117726
int_coal,OH,2021,2.177117726
int_coal,OH,2022,2.177117726
int_coal,OH,2023,2.177117726
int_coal,OH,2024,2.177117726
int_coal,OH,2025,2.048477262
int_coal,OH,2026,1.966245067
int_coal,OH,2027,1.949961464
int_coal,OH,2028,1.920650979
int_coal,OH,2029,1.900296475
int_coal,OH,2030,1.891340493
int_coal,OH,2031,1.851445666
int_coal,OH,2032,1.915765898
int_coal,OH,2033,1.916580078
int_coal,OH,2034,1.920650979
int_coal,OH,2035,1.893783034
int_coal,OH,2036,1.891340493
int_coal,OH,2037,1.890526313
int_coal,OH,2038,1.892968853
int_coal,OH,2039,1.886455412
int_coal,OH,2040,1.882384511
int_coal,OH,2041,1.887269592
int_coal,OH,2042,1.895411394
int_coal,OH,2043,1.897039754
int_coal,OH,2044,1.920650979
int_coal,OH,2045,1.957289085
int_coal,OH,2046,1.92635024
int_coal,OH,2047,1.977643589
int_coal,OH,2048,1.976829409
int_coal,OH,2049,1.976829409
int_coal,OH,2050,1.977643589
int_coal,PA,2010,1.87424271
int_coal,PA,2011,1.87424271
int_coal,PA,2012,1.87424271
int_coal,PA,2013,1.87424271
int_coal,PA,2014,1.87424271
int_coal,PA,2015,1.87424271
int_coal,PA,2016,1.87424271
int_coal,PA,2017,1.87424271
int_coal,PA,2018,1.87424271
int_coal,PA,2019,1.87424271
int_coal,PA,2020,1.87424271
int_coal,PA,2021,1.87424271
int_coal,PA,2022,1.87424271
int_coal,PA,2023,1.87424271
int_coal,PA,2024,1.87424271
int_coal,PA,2025,1.903553195
int_coal,PA,2026,1.976829409
int_coal,PA,2027,1.954846545
int_coal,PA,2028,1.891340493
int_coal,PA,2029,1.844932224
int_coal,PA,2030,1.814807559
int_coal,PA,2031,1.742345525
int_coal,PA,2032,2.467780041
int_coal,PA,2033,2.46370914
int_coal,PA,2034,2.46615168
int_coal,PA,2035,2.405088169
int_coal,PA,2036,2.503603967
int_coal,PA,2037,2.72913187
int_coal,PA,2038,2.734831131
int_coal,PA,2039,2.758442355
int_coal,PA,2040,2.754371454
int_coal,PA,2041,2.766584157
int_coal,PA,2042,2.768212517
int_coal,PA,2043,2.773911778
int_coal,PA,2044,2.776354318
int_coal,PA,2045,2.780425219
int_coal,PA,2046,2.788567021
int_coal,PA,2047,2.791823741
int_coal,PA,2048,2.792637921
int_coal,PA,2049,2.794266282
int_coal,PA,2050,2.798337182
int_coal,WV,2010,2.961987393
int_coal,WV,2011,2.961987393
int_coal,WV,2012,2.961987393
int_coal,WV,2013,2.961987393
int_coal,WV,2014,2.961987393
int_coal,WV,2015,2.961987393
int_coal,WV,2016,2.961987393
int_coal,WV,2017,2.961987393
int_coal,WV,2018,2.961987393
int_coal,WV,2019,2.961987393
int_coal,WV,2020,2.961987393
int_coal,WV,2021,2.961987393
int_coal,WV,2022,2.961987393
int_coal,WV,2023,2.961987393
int_coal,WV,2024,2.961987393
int_coal,WV,2025,2.853701433
int_coal,WV,2026,2.906623143
int_coal,WV,2027,2.725875149
int_coal,WV,2028,2.443354636
int_coal,WV,2029,2.405088169
int_coal,WV,2030,2.370892603
int_coal,WV,2031,2.342396297
int_coal,WV,2032,2.457195699
int_coal,WV,2033,2.494647986
int_coal,WV,2034,2.488134545
int_coal,WV,2035,2.477550203
int_coal,WV,2036,2.475107662
int_coal,WV,2037,2.62491681
int_coal,WV,2038,2.638757873
int_coal,WV,2039,2.654227296
int_coal,WV,2040,2.650970575
int_coal,WV,2041,2.659926557
int_coal,WV,2042,2.661554917
int_coal,WV,2043,2.665625818
int_coal,WV,2044,2.666439998
int_coal,WV,2045,2.665625818
int_coal,WV,2046,2.672139259
int_coal,WV,2047,2.671325079
int_coal,WV,2048,2.671325079
int_coal,WV,2049,2.672139259
int_coal,WV,2050,2.67702434
int_coal,MD,2010,2.961987393
int_coal,MD,2011,2.961987393
int_coal,MD,2012,2.961987393
int_coal,MD,2013,2.961987393
int_coal,MD,2014,2.961987393
int_coal,MD,2015,2.961987393
int_coal,MD,2016,2.961987393
int_coal,MD,2017,2.961987393
int_coal,MD,2018,2.961987393
int_coal,MD,2019,2.961987393
int_coal,MD,2020,2.961987393
int_coal,MD,2021,2.961987393
int_coal,MD,2022,2.961987393
int_coal,MD,2023,2.961987393
int_coal,MD,2024,2.961987393
int_coal,MD,2025,2.853701433
int_coal,MD,2026,2.906623143
int_coal,MD,2027,2.725875149
int_coal,MD,2028,2.443354636
int_coal,MD,2029,2.405088169
int_coal,MD,2030,2.370892603
int_coal,MD,2031,2.342396297
int_coal,MD,2032,2.457195699
int_coal,MD,2033,2.494647986
int_coal,MD,2034,2.488134545
int_coal,MD,2035,2.477550203
int_coal,MD,2036,2.475107662
int_coal,MD,2037,2.62491681
int_coal,MD,2038,2.638757873
int_coal,MD,2039,2.654227296
int_coal,MD,2040,2.650970575
int_coal,MD,2041,2.659926557
int_coal,MD,2042,2.661554917
int_coal,MD,2043,2.665625818
int_coal,MD,2044,2.666439998
int_coal,MD,2045,2.665625818
int_coal,MD,2046,2.672139259
int_coal,MD,2047,2.671325079
int_coal,MD,2048,2.671325079
int_coal,MD,2049,2.672139259
int_coal,MD,2050,2.67702434
int_coal,DE,2010,2.961987393
int_coal,DE,2011,2.961987393
int_coal,DE,2012,2.961987393
int_coal,DE,2013,2.961987393
int_coal,DE,2014,2.961987393
int_coal,DE,2015,2.961987393
int_coal,DE,2016,2.961987393
int_coal,DE,2017,2.961987393
int_coal,DE,2018,2.961987393
int_coal,DE,2019,2.961987393
int_coal,DE,2020,2.961987393
int_coal,DE,2021,2.961987393
int_coal,DE,2022,2.961987393
int_coal,DE,2023,2.961987393
int_coal,DE,2024,2.961987393
int_coal,DE,2025,2.853701433
int_coal,DE,2026,2.906623143
int_coal,DE,2027,2.725875149
int_coal,DE,2028,2.443354636
int_coal,DE,2029,2.405088169
int_coal,DE,2030,2.370892603
int_coal,DE,2031,2.342396297
int_coal,DE,2032,2.457195699
int_coal,DE,2033,2.494647986
int_coal,DE,2034,2.488134545
int_coal,DE,2035,2.477550203
int_coal,DE,2036,2.475107662
int_coal,DE,2037,2.62491681
int_coal,DE,2038,2.638757873
int_coal,DE,2039,2.654227296
int_coal,DE,2040,2.650970575
int_coal,DE,2041,2.659926557
int_coal,DE,2042,2.661554917
int_coal,DE,2043,2.665625818
int_coal,DE,2044,2.666439998
int_coal,DE,2045,2.665625818
int_coal,DE,2046,2.672139259
int_coal,DE,2047,2.671325079
int_coal,DE,2048,2.671325079
int_coal,DE,2049,2.672139259
int_coal,DE,2050,2.67702434
int_coal,NJ,2010,1.87424271
int_coal,NJ,2011,1.87424271
int_coal,NJ,2012,1.87424271
int_coal,NJ,2013,1.87424271
int_coal,NJ,2014,1.87424271
int_coal,NJ,2015,1.87424271
int_coal,NJ,2016,1.87424271
int_coal,NJ,2017,1.87424271
int_coal,NJ,2018,1.87424271
int_coal,NJ,2019,1.87424271
int_coal,NJ,2020,1.87424271
int_coal,NJ,2021,1.87424271
int_coal,NJ,2022,1.87424271
int_coal,NJ,2023,1.87424271
int_coal,NJ,2024,1.87424271
int_coal,NJ,2025,1.903553195
int_coal,NJ,2026,1.976829409
int_coal,NJ,2027,1.954846545
int_coal,NJ,2028,1.891340493
int_coal,NJ,2029,1.844932224
int_coal,NJ,2030,1.814807559
int_coal,NJ,2031,1.742345525
int_coal,NJ,2032,2.467780041
int_coal,NJ,2033,2.46370914
int_coal,NJ,2034,2.46615168
int_coal,NJ,2035,2.405088169
int_coal,NJ,2036,2.503603967
int_coal,NJ,2037,2.72913187
int_coal,NJ,2038,2.734831131
int_coal,NJ,2039,2.758442355
int_coal,NJ,2040,2.754371454
int_coal,NJ,2041,2.766584157
int_coal,NJ,2042,2.768212517
int_coal,NJ,2043,2.773911778
int_coal,NJ,2044,2.776354318
int_coal,NJ,2045,2.780425219
int_coal,NJ,2046,2.788567021
int_coal,NJ,2047,2.791823741
int_coal,NJ,2048,2.792637921
int_coal,NJ,2049,2.794266282
int_coal,NJ,2050,2.798337182
int_coal,NY,2010,1.87424271
int_coal,NY,2011,1.87424271
int_coal,NY,2012,1.87424271
int_coal,NY,2013,1.87424271
int_coal,NY,2014,1.87424271
int_coal,NY,2015,1.87424271
int_coal,NY,2016,1.87424271
int_coal,NY,2017,1.87424271
int_coal,NY,2018,1.87424271
int_coal,NY,2019,1.87424271
int_coal,NY,2020,1.87424271
int_coal,NY,2021,1.87424271
int_coal,NY,2022,1.87424271
int_coal,NY,2023,1.87424271
int_coal,NY,2024,1.87424271
int_coal,NY,2025,1.903553195
int_coal,NY,2026,1.976829409
int_coal,NY,2027,1.954846545
int_coal,NY,2028,1.891340493
int_coal,NY,2029,1.844932224
int_coal,NY,2030,1.814807559
int_coal,NY,2031,1.742345525
int_coal,NY,2032,2.467780041
int_coal,NY,2033,2.46370914
int_coal,NY,2034,2.46615168
int_coal,NY,2035,2.405088169
int_coal,NY,2036,2.503603967
int_coal,NY,2037,2.72913187
int_coal,NY,2038,2.734831131
int_coal,NY,2039,2.758442355
int_coal,NY,2040,2.754371454
int_coal,NY,2041,2.766584157
int_coal,NY,2042,2.768212517
int_coal,NY,2043,2.773911778
int_coal,NY,2044,2.776354318
int_coal,NY,2045,2.780425219
int_coal,NY,2046,2.788567021
int_coal,NY,2047,2.791823741
int_coal,NY,2048,2.792637921
int_coal,NY,2049,2.794266282
int_coal,NY,2050,2.798337182
int_coal,VT,2010,4.912763037
int_coal,VT,2011,4.912763037
int_coal,VT,2012,4.912763037
int_coal,VT,2013,4.912763037
int_coal,VT,2014,4.912763037
int_coal,VT,2015,4.912763037
int_coal,VT,2016,4.912763037
int_coal,VT,2017,4.912763037
int_coal,VT,2018,4.912763037
int_coal,VT,2019,4.912763037
int_coal,VT,2020,4.912763037
int_coal,VT,2021,4.912763037
int_coal,VT,2022,4.912763037
int_coal,VT,2023,4.912763037
int_coal,VT,2024,4.912763037
int_coal,VT,2025,4.912763037
int_coal,VT,2026,4.912763037
int_coal,VT,2027,4.891594353
int_coal,VT,2028,4.841115184
int_coal,VT,2029,4.834601743
int_coal,VT,2030,4.800406176
int_coal,VT,2031,4.76539643
int_coal,VT,2032,4.736085944
int_coal,VT,2033,4.71247472
int_coal,VT,2034,4.665252271
int_coal,VT,2035,4.627799984
int_coal,VT,2036,4.637570146
int_coal,VT,2037,4.651411208
int_coal,VT,2038,4.668508992
int_coal,VT,2039,4.646526128
int_coal,VT,2040,4.641641047
int_coal,VT,2041,4.652225389
int_coal,VT,2042,4.652225389
int_coal,VT,2043,4.666066451
int_coal,VT,2044,4.671765712
int_coal,VT,2045,4.677464973
int_coal,VT,2046,4.699447837
int_coal,VT,2047,4.709217999
int_coal,VT,2048,4.7132889
int_coal,VT,2049,4.71410308
int_coal,VT,2050,4.726315782
int_coal,NH,2010,4.912763037
int_coal,NH,2011,4.912763037
int_coal,NH,2012,4.912763037
int_coal,NH,2013,4.912763037
int_coal,NH,2014,4.912763037
int_coal,NH,2015,4.912763037
int_coal,NH,2016,4.912763037
int_coal,NH,2017,4.912763037
int_coal,NH,2018,4.912763037
int_coal,NH,2019,4.912763037
int_coal,NH,2020,4.912763037
int_coal,NH,2021,4.912763037
int_coal,NH,2022,4.912763037
int_coal,NH,2023,4.912763037
int_coal,NH,2024,4.912763037
int_coal,NH,2025,4.912763037
int_coal,NH,2026,4.912763037
int_coal,NH,2027,4.891594353
int_coal,NH,2028,4.841115184
int_coal,NH,2029,4.834601743
int_coal,NH,2030,4.800406176
int_coal,NH,2031,4.76539643
int_coal,NH,2032,4.736085944
int_coal,NH,2033,4.71247472
int_coal,NH,2034,4.665252271
int_coal,NH,2035,4.627799984
int_coal,NH,2036,4.637570146
int_coal,NH,2037,4.651411208
int_coal,NH,2038,4.668508992
int_coal,NH,2039,4.646526128
int_coal,NH,2040,4.641641047
int_coal,NH,2041,4.652225389
int_coal,NH,2042,4.652225389
int_coal,NH,2043,4.666066451
int_coal,NH,2044,4.671765712
int_coal,NH,2045,4.677464973
int_coal,NH,2046,4.699447837
int_coal,NH,2047,4.709217999
int_coal,NH,2048,4.7132889
int_coal,NH,2049,4.71410308
int_coal,NH,2050,4.726315782
int_coal,MA,2010,4.912763037
int_coal,MA,2011,4.912763037
int_coal,MA,2012,4.912763037
int_coal,MA,2013,4.912763037
int_coal,MA,2014,4.912763037
int_coal,MA,2015,4.912763037
int_coal,MA,2016,4.912763037
int_coal,MA,2017,4.912763037
int_coal,MA,2018,4.912763037
int_coal,MA,2019,4.912763037
int_coal,MA,2020,4.912763037
int_coal,MA,2021,4.912763037
int_coal,MA,2022,4.912763037
int_coal,MA,2023,4.912763037
int_coal,MA,2024,4.912763037
int_coal,MA,2025,4.912763037
int_coal,MA,2026,4.912763037
int_coal,MA,2027,4.891594353
int_coal,MA,2028,4.841115184
int_coal,MA,2029,4.834601743
int_coal,MA,2030,4.800406176
int_coal,MA,2031,4.76539643
int_coal,MA,2032,4.736085944
int_coal,MA,2033,4.71247472
int_coal,MA,2034,4.665252271
int_coal,MA,2035,4.627799984
int_coal,MA,2036,4.637570146
int_coal,MA,2037,4.651411208
int_coal,MA,2038,4.668508992
int_coal,MA,2039,4.646526128
int_coal,MA,2040,4.641641047
int_coal,MA,2041,4.652225389
int_coal,MA,2042,4.652225389
int_coal,MA,2043,4.666066451
int_coal,MA,2044,4.671765712
int_coal,MA,2045,4.677464973
int_coal,MA,2046,4.699447837
int_coal,MA,2047,4.709217999
int_coal,MA,2048,4.7132889
int_coal,MA,2049,4.71410308
int_coal,MA,2050,4.726315782
int_coal,CT,2010,4.912763037
int_coal,CT,2011,4.912763037
int_coal,CT,2012,4.912763037
int_coal,CT,2013,4.912763037
int_coal,CT,2014,4.912763037
int_coal,CT,2015,4.912763037
int_coal,CT,2016,4.912763037
int_coal,CT,2017,4.912763037
int_coal,CT,2018,4.912763037
int_coal,CT,2019,4.912763037
int_coal,CT,2020,4.912763037
int_coal,CT,2021,4.912763037
int_coal,CT,2022,4.912763037
int_coal,CT,2023,4.912763037
int_coal,CT,2024,4.912763037
int_coal,CT,2025,4.912763037
int_coal,CT,2026,4.912763037
int_coal,CT,2027,4.891594353
int_coal,CT,2028,4.841115184
int_coal,CT,2029,4.834601743
int_coal,CT,2030,4.800406176
int_coal,CT,2031,4.76539643
int_coal,CT,2032,4.736085944
int_coal,CT,2033,4.71247472
int_coal,CT,2034,4.665252271
int_coal,CT,2035,4.627799984
int_coal,CT,2036,4.637570146
int_coal,CT,2037,4.651411208
int_coal,CT,2038,4.668508992
int_coal,CT,2039,4.646526128
int_coal,CT,2040,4.641641047
int_coal,CT,2041,4.652225389
int_coal,CT,2042,4.652225389
int_coal,CT,2043,4.666066451
int_coal,CT,2044,4.671765712
int_coal,CT,2045,4.677464973
int_coal,CT,2046,4.699447837
int_coal,CT,2047,4.709217999
int_coal,CT,2048,4.7132889
int_coal,CT,2049,4.71410308
int_coal,CT,2050,4.726315782
int_coal,RI,2010,4.912763037
int_coal,RI,2011,4.912763037
int_coal,RI,2012,4.912763037
int_coal,RI,2013,4.912763037
int_coal,RI,2014,4.912763037
int_coal,RI,2015,4.912763037
int_coal,RI,2016,4.912763037
int_coal,RI,2017,4.912763037
int_coal,RI,2018,4.912763037
int_coal,RI,2019,4.912763037
int_coal,RI,2020,4.912763037
int_coal,RI,2021,4.912763037
int_coal,RI,2022,4.912763037
int_coal,RI,2023,4.912763037
int_coal,RI,2024,4.912763037
int_coal,RI,2025,4.912763037
int_coal,RI,2026,4.912763037
int_coal,RI,2027,4.891594353
int_coal,RI,2028,4.841115184
int_coal,RI,2029,4.834601743
int_coal,RI,2030,4.800406176
int_coal,RI,2031,4.76539643
int_coal,RI,2032,4.736085944
int_coal,RI,2033,4.71247472
int_coal,RI,2034,4.665252271
int_coal,RI,2035,4.627799984
int_coal,RI,2036,4.637570146
int_coal,RI,2037,4.651411208
int_coal,RI,2038,4.668508992
int_coal,RI,2039,4.646526128
int_coal,RI,2040,4.641641047
int_coal,RI,2041,4.652225389
int_coal,RI,2042,4.652225389
int_coal,RI,2043,4.666066451
int_coal,RI,2044,4.671765712
int_coal,RI,2045,4.677464973
int_coal,RI,2046,4.699447837
int_coal,RI,2047,4.709217999
int_coal,RI,2048,4.7132889
int_coal,RI,2049,4.71410308
int_coal,RI,2050,4.726315782
int_coal,ME,2010,4.912763037
int_coal,ME,2011,4.912763037
int_coal,ME,2012,4.912763037
int_coal,ME,2013,4.912763037
int_coal,ME,2014,4.912763037
int_coal,ME,2015,4.912763037
int_coal,ME,2016,4.912763037
int_coal,ME,2017,4.912763037
int_coal,ME,2018,4.912763037
int_coal,ME,2019,4.912763037
int_coal,ME,2020,4.912763037
int_coal,ME,2021,4.912763037
int_coal,ME,2022,4.912763037
int_coal,ME,2023,4.912763037
int_coal,ME,2024,4.912763037
int_coal,ME,2025,4.912763037
int_coal,ME,2026,4.912763037
int_coal,ME,2027,4.891594353
int_coal,ME,2028,4.841115184
int_coal,ME,2029,4.834601743
int_coal,ME,2030,4.800406176
int_coal,ME,2031,4.76539643
int_coal,ME,2032,4.736085944
int_coal,ME,2033,4.71247472
int_coal,ME,2034,4.665252271
int_coal,ME,2035,4.627799984
int_coal,ME,2036,4.637570146
int_coal,ME,2037,4.651411208
int_coal,ME,2038,4.668508992
int_coal,ME,2039,4.646526128
int_coal,ME,2040,4.641641047
int_coal,ME,2041,4.652225389
int_coal,ME,2042,4.652225389
int_coal,ME,2043,4.666066451
int_coal,ME,2044,4.671765712
int_coal,ME,2045,4.677464973
int_coal,ME,2046,4.699447837
int_coal,ME,2047,4.709217999
int_coal,ME,2048,4.7132889
int_coal,ME,2049,4.71410308
int_coal,ME,2050,4.726315782
int_coal,voluntary,2010,2.471477776
int_coal,voluntary,2011,2.471477776
int_coal,voluntary,2012,2.471477776
int_coal,voluntary,2013,2.471477776
int_coal,voluntary,2014,2.471477776
int_coal,voluntary,2015,2.471477776
int_coal,voluntary,2016,2.471477776
int_coal,voluntary,2017,2.471477776
int_coal,voluntary,2018,2.471477776
int_coal,voluntary,2019,2.471477776
int_coal,voluntary,2020,2.471477776
int_coal,voluntary,2021,2.471477776
int_coal,voluntary,2022,2.471477776
int_coal,voluntary,2023,2.471477776
int_coal,voluntary,2024,2.471477776
int_coal,voluntary,2025,2.439555129
int_coal,voluntary,2026,2.464947372
int_coal,voluntary,2027,2.431820417
int_coal,voluntary,2028,2.349028473
int_coal,voluntary,2029,2.341531231
int_coal,voluntary,2030,2.36371764
int_coal,voluntary,2031,2.350249743
int_coal,voluntary,2032,2.572656622
int_coal,voluntary,2033,2.57386093
int_coal,voluntary,2034,2.565634318
int_coal,voluntary,2035,2.547230454
int_coal,voluntary,2036,2.563225701
int_coal,voluntary,2037,2.610923089
int_coal,voluntary,2038,2.625951497
int_coal,voluntary,2039,2.866830088
int_coal,voluntary,2040,2.862250324
int_coal,voluntary,2041,2.864438434
int_coal,voluntary,2042,2.863420708
int_coal,voluntary,2043,2.868865538
int_coal,voluntary,2044,2.89074663
int_coal,voluntary,2045,2.893443601
int_coal,voluntary,2046,2.975251745
int_coal,voluntary,2047,3.000593102
int_coal,voluntary,2048,3.000847533
int_coal,voluntary,2049,2.999609301
int_coal,voluntary,2050,3.004918434
int_met_coal,id,2010,6.144006972
int_met_coal,id,2011,6.144006972
int_met_coal,id,2012,6.144006972
int_met_coal,id,2013,6.144006972
int_met_coal,id,2014,6.144006972
int_met_coal,id,2015,6.144006972
int_met_coal,id,2016,6.144006972
int_met_coal,id,2017,6.144006972
int_met_coal,id,2018,6.144006972
int_met_coal,id,2019,6.144006972
int_met_coal,id,2020,6.144006972
int_met_coal,id,2021,6.144006972
int_met_coal,id,2022,6.144006972
int_met_coal,id,2023,6.144006972
int_met_coal,id,2024,6.144006972
int_met_coal,id,2025,6.033889107
int_met_coal,id,2026,5.986056023
int_met_coal,id,2027,5.954506542
int_met_coal,id,2028,5.932930768
int_met_coal,id,2029,5.930081137
int_met_coal,id,2030,5.931302407
int_met_coal,id,2031,5.936594578
int_met_coal,id,2032,5.956745537
int_met_coal,id,2033,5.957559717
int_met_coal,id,2034,5.932116588
int_met_coal,id,2035,5.952878181
int_met_coal,id,2036,5.953692362
int_met_coal,id,2037,5.953285271
int_met_coal,id,2038,5.953895907
int_met_coal,id,2039,5.938630029
int_met_coal,id,2040,5.939851299
int_met_coal,id,2041,5.920718065
int_met_coal,id,2042,5.921125155
int_met_coal,id,2043,5.917054255
int_met_coal,id,2044,5.922346426
int_met_coal,id,2045,5.934966218
int_met_coal,id,2046,5.938426484
int_met_coal,id,2047,5.937408759
int_met_coal,id,2048,5.936594578
int_met_coal,id,2049,5.939851299
int_met_coal,id,2050,5.937001668
int_met_coal,WA,2010,6.144006972
int_met_coal,WA,2011,6.144006972
int_met_coal,WA,2012,6.144006972
int_met_coal,WA,2013,6.144006972
int_met_coal,WA,2014,6.144006972
int_met_coal,WA,2015,6.144006972
int_met_coal,WA,2016,6.144006972
int_met_coal,WA,2017,6.144006972
int_met_coal,WA,2018,6.144006972
int_met_coal,WA,2019,6.144006972
int_met_coal,WA,2020,6.144006972
int_met_coal,WA,2021,6.144006972
int_met_coal,WA,2022,6.144006972
int_met_coal,WA,2023,6.144006972
int_met_coal,WA,2024,6.144006972
int_met_coal,WA,2025,6.033889107
int_met_coal,WA,2026,5.986056023
int_met_coal,WA,2027,5.954506542
int_met_coal,WA,2028,5.932930768
int_met_coal,WA,2029,5.930081137
int_met_coal,WA,2030,5.931302407
int_met_coal,WA,2031,5.936594578
int_met_coal,WA,2032,5.956745537
int_met_coal,WA,2033,5.957559717
int_met_coal,WA,2034,5.932116588
int_met_coal,WA,2035,5.952878181
int_met_coal,WA,2036,5.953692362
int_met_coal,WA,2037,5.953285271
int_met_coal,WA,2038,5.953895907
int_met_coal,WA,2039,5.938630029
int_met_coal,WA,2040,5.939851299
int_met_coal,WA,2041,5.920718065
int_met_coal,WA,2042,5.921125155
int_met_coal,WA,2043,5.917054255
int_met_coal,WA,2044,5.922346426
int_met_coal,WA,2045,5.934966218
int_met_coal,WA,2046,5.938426484
int_met_coal,WA,2047,5.937408759
int_met_coal,WA,2048,5.936594578
int_met_coal,WA,2049,5.939851299
int_met_coal,WA,2050,5.937001668
int_met_coal,OR,2010,6.144006972
int_met_coal,OR,2011,6.144006972
int_met_coal,OR,2012,6.144006972
int_met_coal,OR,2013,6.144006972
int_met_coal,OR,2014,6.144006972
int_met_coal,OR,2015,6.144006972
int_met_coal,OR,2016,6.144006972
int_met_coal,OR,2017,6.144006972
int_met_coal,OR,2018,6.144006972
int_met_coal,OR,2019,6.144006972
int_met_coal,OR,2020,6.144006972
int_met_coal,OR,2021,6.144006972
int_met_coal,OR,2022,6.144006972
int_met_coal,OR,2023,6.144006972
int_met_coal,OR,2024,6.144006972
int_met_coal,OR,2025,6.033889107
int_met_coal,OR,2026,5.986056023
int_met_coal,OR,2027,5.954506542
int_met_coal,OR,2028,5.932930768
int_met_coal,OR,2029,5.930081137
int_met_coal,OR,2030,5.931302407
int_met_coal,OR,2031,5.936594578
int_met_coal,OR,2032,5.956745537
int_met_coal,OR,2033,5.957559717
int_met_coal,OR,2034,5.932116588
int_met_coal,OR,2035,5.952878181
int_met_coal,OR,2036,5.953692362
int_met_coal,OR,2037,5.953285271
int_met_coal,OR,2038,5.953895907
int_met_coal,OR,2039,5.938630029
int_met_coal,OR,2040,5.939851299
int_met_coal,OR,2041,5.920718065
int_met_coal,OR,2042,5.921125155
int_met_coal,OR,2043,5.917054255
int_met_coal,OR,2044,5.922346426
int_met_coal,OR,2045,5.934966218
int_met_coal,OR,2046,5.938426484
int_met_coal,OR,2047,5.937408759
int_met_coal,OR,2048,5.936594578
int_met_coal,OR,2049,5.939851299
int_met_coal,OR,2050,5.937001668
int_met_coal,CA,2010,6.144006972
int_met_coal,CA,2011,6.144006972
int_met_coal,CA,2012,6.144006972
int_met_coal,CA,2013,6.144006972
int_met_coal,CA,2014,6.144006972
int_met_coal,CA,2015,6.144006972
int_met_coal,CA,2016,6.144006972
int_met_coal,CA,2017,6.144006972
int_met_coal,CA,2018,6.144006972
int_met_coal,CA,2019,6.144006972
int_met_coal,CA,2020,6.144006972
int_met_coal,CA,2021,6.144006972
int_met_coal,CA,2022,6.144006972
int_met_coal,CA,2023,6.144006972
int_met_coal,CA,2024,6.144006972
int_met_coal,CA,2025,6.033889107
int_met_coal,CA,2026,5.986056023
int_met_coal,CA,2027,5.954506542
int_met_coal,CA,2028,5.932930768
int_met_coal,CA,2029,5.930081137
int_met_coal,CA,2030,5.931302407
int_met_coal,CA,2031,5.936594578
int_met_coal,CA,2032,5.956745537
int_met_coal,CA,2033,5.957559717
int_met_coal,CA,2034,5.932116588
int_met_coal,CA,2035,5.952878181
int_met_coal,CA,2036,5.953692362
int_met_coal,CA,2037,5.953285271
int_met_coal,CA,2038,5.953895907
int_met_coal,CA,2039,5.938630029
int_met_coal,CA,2040,5.939851299
int_met_coal,CA,2041,5.920718065
int_met_coal,CA,2042,5.921125155
int_met_coal,CA,2043,5.917054255
int_met_coal,CA,2044,5.922346426
int_met_coal,CA,2045,5.934966218
int_met_coal,CA,2046,5.938426484
int_met_coal,CA,2047,5.937408759
int_met_coal,CA,2048,5.936594578
int_met_coal,CA,2049,5.939851299
int_met_coal,CA,2050,5.937001668
int_met_coal,NV,2010,6.144006972
int_met_coal,NV,2011,6.144006972
int_met_coal,NV,2012,6.144006972
int_met_coal,NV,2013,6.144006972
int_met_coal,NV,2014,6.144006972
int_met_coal,NV,2015,6.144006972
int_met_coal,NV,2016,6.144006972
int_met_coal,NV,2017,6.144006972
int_met_coal,NV,2018,6.144006972
int_met_coal,NV,2019,6.144006972
int_met_coal,NV,2020,6.144006972
int_met_coal,NV,2021,6.144006972
int_met_coal,NV,2022,6.144006972
int_met_coal,NV,2023,6.144006972
int_met_coal,NV,2024,6.144006972
int_met_coal,NV,2025,6.033889107
int_met_coal,NV,2026,5.986056023
int_met_coal,NV,2027,5.954506542
int_met_coal,NV,2028,5.932930768
int_met_coal,NV,2029,5.930081137
int_met_coal,NV,2030,5.931302407
int_met_coal,NV,2031,5.936594578
int_met_coal,NV,2032,5.956745537
int_met_coal,NV,2033,5.957559717
int_met_coal,NV,2034,5.932116588
int_met_coal,NV,2035,5.952878181
int_met_coal,NV,2036,5.953692362
int_met_coal,NV,2037,5.953285271
int_met_coal,NV,2038,5.953895907
int_met_coal,NV,2039,5.938630029
int_met_coal,NV,2040,5.939851299
int_met_coal,NV,2041,5.920718065
int_met_coal,NV,2042,5.921125155
int_met_coal,NV,2043,5.917054255
int_met_coal,NV,2044,5.922346426
int_met_coal,NV,2045,5.934966218
int_met_coal,NV,2046,5.938426484
int_met_coal,NV,2047,5.937408759
int_met_coal,NV,2048,5.936594578
int_met_coal,NV,2049,5.939851299
int_met_coal,NV,2050,5.937001668
int_met_coal,MT,2010,6.144006972
int_met_coal,MT,2011,6.144006972
int_met_coal,MT,2012,6.144006972
int_met_coal,MT,2013,6.144006972
int_met_coal,MT,2014,6.144006972
int_met_coal,MT,2015,6.144006972
int_met_coal,MT,2016,6.144006972
int_met_coal,MT,2017,6.144006972
int_met_coal,MT,2018,6.144006972
int_met_coal,MT,2019,6.144006972
int_met_coal,MT,2020,6.144006972
int_met_coal,MT,2021,6.144006972
int_met_coal,MT,2022,6.144006972
int_met_coal,MT,2023,6.144006972
int_met_coal,MT,2024,6.144006972
int_met_coal,MT,2025,6.033889107
int_met_coal,MT,2026,5.986056023
int_met_coal,MT,2027,5.954506542
int_met_coal,MT,2028,5.932930768
int_met_coal,MT,2029,5.930081137
int_met_coal,MT,2030,5.931302407
int_met_coal,MT,2031,5.936594578
int_met_coal,MT,2032,5.956745537
int_met_coal,MT,2033,5.957559717
int_met_coal,MT,2034,5.932116588
int_met_coal,MT,2035,5.952878181
int_met_coal,MT,2036,5.953692362
int_met_coal,MT,2037,5.953285271
int_met_coal,MT,2038,5.953895907
int_met_coal,MT,2039,5.938630029
int_met_coal,MT,2040,5.939851299
int_met_coal,MT,2041,5.920718065
int_met_coal,MT,2042,5.921125155
int_met_coal,MT,2043,5.917054255
int_met_coal,MT,2044,5.922346426
int_met_coal,MT,2045,5.934966218
int_met_coal,MT,2046,5.938426484
int_met_coal,MT,2047,5.937408759
int_met_coal,MT,2048,5.936594578
int_met_coal,MT,2049,5.939851299
int_met_coal,MT,2050,5.937001668
int_met_coal,WY,2010,6.144006972
int_met_coal,WY,2011,6.144006972
int_met_coal,WY,2012,6.144006972
int_met_coal,WY,2013,6.144006972
int_met_coal,WY,2014,6.144006972
int_met_coal,WY,2015,6.144006972
int_met_coal,WY,2016,6.144006972
int_met_coal,WY,2017,6.144006972
int_met_coal,WY,2018,6.144006972
int_met_coal,WY,2019,6.144006972
int_met_coal,WY,2020,6.144006972
int_met_coal,WY,2021,6.144006972
int_met_coal,WY,2022,6.144006972
int_met_coal,WY,2023,6.144006972
int_met_coal,WY,2024,6.144006972
int_met_coal,WY,2025,6.033889107
int_met_coal,WY,2026,5.986056023
int_met_coal,WY,2027,5.954506542
int_met_coal,WY,2028,5.932930768
int_met_coal,WY,2029,5.930081137
int_met_coal,WY,2030,5.931302407
int_met_coal,WY,2031,5.936594578
int_met_coal,WY,2032,5.956745537
int_met_coal,WY,2033,5.957559717
int_met_coal,WY,2034,5.932116588
int_met_coal,WY,2035,5.952878181
int_met_coal,WY,2036,5.953692362
int_met_coal,WY,2037,5.953285271
int_met_coal,WY,2038,5.953895907
int_met_coal,WY,2039,5.938630029
int_met_coal,WY,2040,5.939851299
int_met_coal,WY,2041,5.920718065
int_met_coal,WY,2042,5.921125155
int_met_coal,WY,2043,5.917054255
int_met_coal,WY,2044,5.922346426
int_met_coal,WY,2045,5.934966218
int_met_coal,WY,2046,5.938426484
int_met_coal,WY,2047,5.937408759
int_met_coal,WY,2048,5.936594578
int_met_coal,WY,2049,5.939851299
int_met_coal,WY,2050,5.937001668
int_met_coal,UT,2010,6.144006972
int_met_coal,UT,2011,6.144006972
int_met_coal,UT,2012,6.144006972
int_met_coal,UT,2013,6.144006972
int_met_coal,UT,2014,6.144006972
int_met_coal,UT,2015,6.144006972
int_met_coal,UT,2016,6.144006972
int_met_coal,UT,2017,6.144006972
int_met_coal,UT,2018,6.144006972
int_met_coal,UT,2019,6.144006972
int_met_coal,UT,2020,6.144006972
int_met_coal,UT,2021,6.144006972
int_met_coal,UT,2022,6.144006972
int_met_coal,UT,2023,6.144006972
int_met_coal,UT,2024,6.144006972
int_met_coal,UT,2025,6.033889107
int_met_coal,UT,2026,5.986056023
int_met_coal,UT,2027,5.954506542
int_met_coal,UT,2028,5.932930768
int_met_coal,UT,2029,5.930081137
int_met_coal,UT,2030,5.931302407
int_met_coal,UT,2031,5.936594578
int_met_coal,UT,2032,5.956745537
int_met_coal,UT,2033,5.957559717
int_met_coal,UT,2034,5.932116588
int_met_coal,UT,2035,5.952878181
int_met_coal,UT,2036,5.953692362
int_met_coal,UT,2037,5.953285271
int_met_coal,UT,2038,5.953895907
int_met_coal,UT,2039,5.938630029
int_met_coal,UT,2040,5.939851299
int_met_coal,UT,2041,5.920718065
int_met_coal,UT,2042,5.921125155
int_met_coal,UT,2043,5.917054255
int_met_coal,UT,2044,5.922346426
int_met_coal,UT,2045,5.934966218
int_met_coal,UT,2046,5.938426484
int_met_coal,UT,2047,5.937408759
int_met_coal,UT,2048,5.936594578
int_met_coal,UT,2049,5.939851299
int_met_coal,UT,2050,5.937001668
int_met_coal,AZ,2010,6.144006972
int_met_coal,AZ,2011,6.144006972
int_met_coal,AZ,2012,6.144006972
int_met_coal,AZ,2013,6.144006972
int_met_coal,AZ,2014,6.144006972
int_met_coal,AZ,2015,6.144006972
int_met_coal,AZ,2016,6.144006972
int_met_coal,AZ,2017,6.144006972
int_met_coal,AZ,2018,6.144006972
int_met_coal,AZ,2019,6.144006972
int_met_coal,AZ,2020,6.144006972
int_met_coal,AZ,2021,6.144006972
int_met_coal,AZ,2022,6.144006972
int_met_coal,AZ,2023,6.144006972
int_met_coal,AZ,2024,6.144006972
int_met_coal,AZ,2025,6.033889107
int_met_coal,AZ,2026,5.986056023
int_met_coal,AZ,2027,5.954506542
int_met_coal,AZ,2028,5.932930768
int_met_coal,AZ,2029,5.930081137
int_met_coal,AZ,2030,5.931302407
int_met_coal,AZ,2031,5.936594578
int_met_coal,AZ,2032,5.956745537
int_met_coal,AZ,2033,5.957559717
int_met_coal,AZ,2034,5.932116588
int_met_coal,AZ,2035,5.952878181
int_met_coal,AZ,2036,5.953692362
int_met_coal,AZ,2037,5.953285271
int_met_coal,AZ,2038,5.953895907
int_met_coal,AZ,2039,5.938630029
int_met_coal,AZ,2040,5.939851299
int_met_coal,AZ,2041,5.920718065
int_met_coal,AZ,2042,5.921125155
int_met_coal,AZ,2043,5.917054255
int_met_coal,AZ,2044,5.922346426
int_met_coal,AZ,2045,5.934966218
int_met_coal,AZ,2046,5.938426484
int_met_coal,AZ,2047,5.937408759
int_met_coal,AZ,2048,5.936594578
int_met_coal,AZ,2049,5.939851299
int_met_coal,AZ,2050,5.937001668
int_met_coal,NM,2010,6.144006972
int_met_coal,NM,2011,6.144006972
int_met_coal,NM,2012,6.144006972
int_met_coal,NM,2013,6.144006972
int_met_coal,NM,2014,6.144006972
int_met_coal,NM,2015,6.144006972
int_met_coal,NM,2016,6.144006972
int_met_coal,NM,2017,6.144006972
int_met_coal,NM,2018,6.144006972
int_met_coal,NM,2019,6.144006972
int_met_coal,NM,2020,6.144006972
int_met_coal,NM,2021,6.144006972
int_met_coal,NM,2022,6.144006972
int_met_coal,NM,2023,6.144006972
int_met_coal,NM,2024,6.144006972
int_met_coal,NM,2025,6.033889107
int_met_coal,NM,2026,5.986056023
int_met_coal,NM,2027,5.954506542
int_met_coal,NM,2028,5.932930768
int_met_coal,NM,2029,5.930081137
int_met_coal,NM,2030,5.931302407
int_met_coal,NM,2031,5.936594578
int_met_coal,NM,2032,5.956745537
int_met_coal,NM,2033,5.957559717
int_met_coal,NM,2034,5.932116588
int_met_coal,NM,2035,5.952878181
int_met_coal,NM,2036,5.953692362
int_met_coal,NM,2037,5.953285271
int_met_coal,NM,2038,5.953895907
int_met_coal,NM,2039,5.938630029
int_met_coal,NM,2040,5.939851299
int_met_coal,NM,2041,5.920718065
int_met_coal,NM,2042,5.921125155
int_met_coal,NM,2043,5.917054255
int_met_coal,NM,2044,5.922346426
int_met_coal,NM,2045,5.934966218
int_met_coal,NM,2046,5.938426484
int_met_coal,NM,2047,5.937408759
int_met_coal,NM,2048,5.936594578
int_met_coal,NM,2049,5.939851299
int_met_coal,NM,2050,5.937001668
int_met_coal,SD,2010,6.144006972
int_met_coal,SD,2011,6.144006972
int_met_coal,SD,2012,6.144006972
int_met_coal,SD,2013,6.144006972
int_met_coal,SD,2014,6.144006972
int_met_coal,SD,2015,6.144006972
int_met_coal,SD,2016,6.144006972
int_met_coal,SD,2017,6.144006972
int_met_coal,SD,2018,6.144006972
int_met_coal,SD,2019,6.144006972
int_met_coal,SD,2020,6.144006972
int_met_coal,SD,2021,6.144006972
int_met_coal,SD,2022,6.144006972
int_met_coal,SD,2023,6.144006972
int_met_coal,SD,2024,6.144006972
int_met_coal,SD,2025,6.033889107
int_met_coal,SD,2026,5.986056023
int_met_coal,SD,2027,5.954506542
int_met_coal,SD,2028,5.932930768
int_met_coal,SD,2029,5.930081137
int_met_coal,SD,2030,5.931302407
int_met_coal,SD,2031,5.936594578
int_met_coal,SD,2032,5.956745537
int_met_coal,SD,2033,5.957559717
int_met_coal,SD,2034,5.932116588
int_met_coal,SD,2035,5.952878181
int_met_coal,SD,2036,5.953692362
int_met_coal,SD,2037,5.953285271
int_met_coal,SD,2038,5.953895907
int_met_coal,SD,2039,5.938630029
int_met_coal,SD,2040,5.939851299
int_met_coal,SD,2041,5.920718065
int_met_coal,SD,2042,5.921125155
int_met_coal,SD,2043,5.917054255
int_met_coal,SD,2044,5.922346426
int_met_coal,SD,2045,5.934966218
int_met_coal,SD,2046,5.938426484
int_met_coal,SD,2047,5.937408759
int_met_coal,SD,2048,5.936594578
int_met_coal,SD,2049,5.939851299
int_met_coal,SD,2050,5.937001668
int_met_coal,CO,2010,6.144006972
int_met_coal,CO,2011,6.144006972
int_met_coal,CO,2012,6.144006972
int_met_coal,CO,2013,6.144006972
int_met_coal,CO,2014,6.144006972
int_met_coal,CO,2015,6.144006972
int_met_coal,CO,2016,6.144006972
int_met_coal,CO,2017,6.144006972
int_met_coal,CO,2018,6.144006972
int_met_coal,CO,2019,6.144006972
int_met_coal,CO,2020,6.144006972
int_met_coal,CO,2021,6.144006972
int_met_coal,CO,2022,6.144006972
int_met_coal,CO,2023,6.144006972
int_met_coal,CO,2024,6.144006972
int_met_coal,CO,2025,6.033889107
int_met_coal,CO,2026,5.986056023
int_met_coal,CO,2027,5.954506542
int_met_coal,CO,2028,5.932930768
int_met_coal,CO,2029,5.930081137
int_met_coal,CO,2030,5.931302407
int_met_coal,CO,2031,5.936594578
int_met_coal,CO,2032,5.956745537
int_met_coal,CO,2033,5.957559717
int_met_coal,CO,2034,5.932116588
int_met_coal,CO,2035,5.952878181
int_met_coal,CO,2036,5.953692362
int_met_coal,CO,2037,5.953285271
int_met_coal,CO,2038,5.953895907
int_met_coal,CO,2039,5.938630029
int_met_coal,CO,2040,5.939851299
int_met_coal,CO,2041,5.920718065
int_met_coal,CO,2042,5.921125155
int_met_coal,CO,2043,5.917054255
int_met_coal,CO,2044,5.922346426
int_met_coal,CO,2045,5.934966218
int_met_coal,CO,2046,5.938426484
int_met_coal,CO,2047,5.937408759
int_met_coal,CO,2048,5.936594578
int_met_coal,CO,2049,5.939851299
int_met_coal,CO,2050,5.937001668
int_met_coal,ND,2010,6.144006972
int_met_coal,ND,2011,6.144006972
int_met_coal,ND,2012,6.144006972
int_met_coal,ND,2013,6.144006972
int_met_coal,ND,2014,6.144006972
int_met_coal,ND,2015,6.144006972
int_met_coal,ND,2016,6.144006972
int_met_coal,ND,2017,6.144006972
int_met_coal,ND,2018,6.144006972
int_met_coal,ND,2019,6.144006972
int_met_coal,ND,2020,6.144006972
int_met_coal,ND,2021,6.144006972
int_met_coal,ND,2022,6.144006972
int_met_coal,ND,2023,6.144006972
int_met_coal,ND,2024,6.144006972
int_met_coal,ND,2025,6.033889107
int_met_coal,ND,2026,5.986056023
int_met_coal,ND,2027,5.954506542
int_met_coal,ND,2028,5.932930768
int_met_coal,ND,2029,5.930081137
int_met_coal,ND,2030,5.931302407
int_met_coal,ND,2031,5.936594578
int_met_coal,ND,2032,5.956745537
int_met_coal,ND,2033,5.957559717
int_met_coal,ND,2034,5.932116588
int_met_coal,ND,2035,5.952878181
int_met_coal,ND,2036,5.953692362
int_met_coal,ND,2037,5.953285271
int_met_coal,ND,2038,5.953895907
int_met_coal,ND,2039,5.938630029
int_met_coal,ND,2040,5.939851299
int_met_coal,ND,2041,5.920718065
int_met_coal,ND,2042,5.921125155
int_met_coal,ND,2043,5.917054255
int_met_coal,ND,2044,5.922346426
int_met_coal,ND,2045,5.934966218
int_met_coal,ND,2046,5.938426484
int_met_coal,ND,2047,5.937408759
int_met_coal,ND,2048,5.936594578
int_met_coal,ND,2049,5.939851299
int_met_coal,ND,2050,5.937001668
int_met_coal,NE,2010,6.144006972
int_met_coal,NE,2011,6.144006972
int_met_coal,NE,2012,6.144006972
int_met_coal,NE,2013,6.144006972
int_met_coal,NE,2014,6.144006972
int_met_coal,NE,2015,6.144006972
int_met_coal,NE,2016,6.144006972
int_met_coal,NE,2017,6.144006972
int_met_coal,NE,2018,6.144006972
int_met_coal,NE,2019,6.144006972
int_met_coal,NE,2020,6.144006972
int_met_coal,NE,2021,6.144006972
int_met_coal,NE,2022,6.144006972
int_met_coal,NE,2023,6.144006972
int_met_coal,NE,2024,6.144006972
int_met_coal,NE,2025,6.033889107
int_met_coal,NE,2026,5.986056023
int_met_coal,NE,2027,5.954506542
int_met_coal,NE,2028,5.932930768
int_met_coal,NE,2029,5.930081137
int_met_coal,NE,2030,5.931302407
int_met_coal,NE,2031,5.936594578
int_met_coal,NE,2032,5.956745537
int_met_coal,NE,2033,5.957559717
int_met_coal,NE,2034,5.932116588
int_met_coal,NE,2035,5.952878181
int_met_coal,NE,2036,5.953692362
int_met_coal,NE,2037,5.953285271
int_met_coal,NE,2038,5.953895907
int_met_coal,NE,2039,5.938630029
int_met_coal,NE,2040,5.939851299
int_met_coal,NE,2041,5.920718065
int_met_coal,NE,2042,5.921125155
int_met_coal,NE,2043,5.917054255
int_met_coal,NE,2044,5.922346426
int_met_coal,NE,2045,5.934966218
int_met_coal,NE,2046,5.938426484
int_met_coal,NE,2047,5.937408759
int_met_coal,NE,2048,5.936594578
int_met_coal,NE,2049,5.939851299
int_met_coal,NE,2050,5.937001668
int_met_coal,MN,2010,6.144006972
int_met_coal,MN,2011,6.144006972
int_met_coal,MN,2012,6.144006972
int_met_coal,MN,2013,6.144006972
int_met_coal,MN,2014,6.144006972
int_met_coal,MN,2015,6.144006972
int_met_coal,MN,2016,6.144006972
int_met_coal,MN,2017,6.144006972
int_met_coal,MN,2018,6.144006972
int_met_coal,MN,2019,6.144006972
int_met_coal,MN,2020,6.144006972
int_met_coal,MN,2021,6.144006972
int_met_coal,MN,2022,6.144006972
int_met_coal,MN,2023,6.144006972
int_met_coal,MN,2024,6.144006972
int_met_coal,MN,2025,6.033889107
int_met_coal,MN,2026,5.986056023
int_met_coal,MN,2027,5.954506542
int_met_coal,MN,2028,5.932930768
int_met_coal,MN,2029,5.930081137
int_met_coal,MN,2030,5.931302407
int_met_coal,MN,2031,5.936594578
int_met_coal,MN,2032,5.956745537
int_met_coal,MN,2033,5.957559717
int_met_coal,MN,2034,5.932116588
int_met_coal,MN,2035,5.952878181
int_met_coal,MN,2036,5.953692362
int_met_coal,MN,2037,5.953285271
int_met_coal,MN,2038,5.953895907
int_met_coal,MN,2039,5.938630029
int_met_coal,MN,2040,5.939851299
int_met_coal,MN,2041,5.920718065
int_met_coal,MN,2042,5.921125155
int_met_coal,MN,2043,5.917054255
int_met_coal,MN,2044,5.922346426
int_met_coal,MN,2045,5.934966218
int_met_coal,MN,2046,5.938426484
int_met_coal,MN,2047,5.937408759
int_met_coal,MN,2048,5.936594578
int_met_coal,MN,2049,5.939851299
int_met_coal,MN,2050,5.937001668
int_met_coal,IA,2010,6.144006972
int_met_coal,IA,2011,6.144006972
int_met_coal,IA,2012,6.144006972
int_met_coal,IA,2013,6.144006972
int_met_coal,IA,2014,6.144006972
int_met_coal,IA,2015,6.144006972
int_met_coal,IA,2016,6.144006972
int_met_coal,IA,2017,6.144006972
int_met_coal,IA,2018,6.144006972
int_met_coal,IA,2019,6.144006972
int_met_coal,IA,2020,6.144006972
int_met_coal,IA,2021,6.144006972
int_met_coal,IA,2022,6.144006972
int_met_coal,IA,2023,6.144006972
int_met_coal,IA,2024,6.144006972
int_met_coal,IA,2025,6.033889107
int_met_coal,IA,2026,5.986056023
int_met_coal,IA,2027,5.954506542
int_met_coal,IA,2028,5.932930768
int_met_coal,IA,2029,5.930081137
int_met_coal,IA,2030,5.931302407
int_met_coal,IA,2031,5.936594578
int_met_coal,IA,2032,5.956745537
int_met_coal,IA,2033,5.957559717
int_met_coal,IA,2034,5.932116588
int_met_coal,IA,2035,5.952878181
int_met_coal,IA,2036,5.953692362
int_met_coal,IA,2037,5.953285271
int_met_coal,IA,2038,5.953895907
int_met_coal,IA,2039,5.938630029
int_met_coal,IA,2040,5.939851299
int_met_coal,IA,2041,5.920718065
int_met_coal,IA,2042,5.921125155
int_met_coal,IA,2043,5.917054255
int_met_coal,IA,2044,5.922346426
int_met_coal,IA,2045,5.934966218
int_met_coal,IA,2046,5.938426484
int_met_coal,IA,2047,5.937408759
int_met_coal,IA,2048,5.936594578
int_met_coal,IA,2049,5.939851299
int_met_coal,IA,2050,5.937001668
int_met_coal,WI,2010,6.699074291
int_met_coal,WI,2011,6.699074291
int_met_coal,WI,2012,6.699074291
int_met_coal,WI,2013,6.699074291
int_met_coal,WI,2014,6.699074291
int_met_coal,WI,2015,6.699074291
int_met_coal,WI,2016,6.699074291
int_met_coal,WI,2017,6.699074291
int_met_coal,WI,2018,6.699074291
int_met_coal,WI,2019,6.699074291
int_met_coal,WI,2020,6.699074291
int_met_coal,WI,2021,6.699074291
int_met_coal,WI,2022,6.699074291
int_met_coal,WI,2023,6.699074291
int_met_coal,WI,2024,6.699074291
int_met_coal,WI,2025,6.621727176
int_met_coal,WI,2026,6.583460709
int_met_coal,WI,2027,6.550893503
int_met_coal,WI,2028,6.525653918
int_met_coal,WI,2029,6.516697937
int_met_coal,WI,2030,6.511812856
int_met_coal,WI,2031,6.510998675
int_met_coal,WI,2032,6.524839738
int_met_coal,WI,2033,6.520768837
int_met_coal,WI,2034,6.491458352
int_met_coal,WI,2035,6.510184495
int_met_coal,WI,2036,6.513441216
int_met_coal,WI,2037,6.515883757
int_met_coal,WI,2038,6.518326297
int_met_coal,WI,2039,6.502856874
int_met_coal,WI,2040,6.503671054
int_met_coal,WI,2041,6.484130731
int_met_coal,WI,2042,6.48331655
int_met_coal,WI,2043,6.48168819
int_met_coal,WI,2044,6.487387451
int_met_coal,WI,2045,6.501228514
int_met_coal,WI,2046,6.508556135
int_met_coal,WI,2047,6.509370315
int_met_coal,WI,2048,6.508556135
int_met_coal,WI,2049,6.511812856
int_met_coal,WI,2050,6.510998675
int_met_coal,TX,2010,6.144006972
int_met_coal,TX,2011,6.144006972
int_met_coal,TX,2012,6.144006972
int_met_coal,TX,2013,6.144006972
int_met_coal,TX,2014,6.144006972
int_met_coal,TX,2015,6.144006972
int_met_coal,TX,2016,6.144006972
int_met_coal,TX,2017,6.144006972
int_met_coal,TX,2018,6.144006972
int_met_coal,TX,2019,6.144006972
int_met_coal,TX,2020,6.144006972
int_met_coal,TX,2021,6.144006972
int_met_coal,TX,2022,6.144006972
int_met_coal,TX,2023,6.144006972
int_met_coal,TX,2024,6.144006972
int_met_coal,TX,2025,6.033889107
int_met_coal,TX,2026,5.986056023
int_met_coal,TX,2027,5.954506542
int_met_coal,TX,2028,5.932930768
int_met_coal,TX,2029,5.930081137
int_met_coal,TX,2030,5.931302407
int_met_coal,TX,2031,5.936594578
int_met_coal,TX,2032,5.956745537
int_met_coal,TX,2033,5.957559717
int_met_coal,TX,2034,5.932116588
int_met_coal,TX,2035,5.952878181
int_met_coal,TX,2036,5.953692362
int_met_coal,TX,2037,5.953285271
int_met_coal,TX,2038,5.953895907
int_met_coal,TX,2039,5.938630029
int_met_coal,TX,2040,5.939851299
int_met_coal,TX,2041,5.920718065
int_met_coal,TX,2042,5.921125155
int_met_coal,TX,2043,5.917054255
int_met_coal,TX,2044,5.922346426
int_met_coal,TX,2045,5.934966218
int_met_coal,TX,2046,5.938426484
int_met_coal,TX,2047,5.937408759
int_met_coal,TX,2048,5.936594578
int_met_coal,TX,2049,5.939851299
int_met_coal,TX,2050,5.937001668
int_met_coal,OK,2010,6.144006972
int_met_coal,OK,2011,6.144006972
int_met_coal,OK,2012,6.144006972
int_met_coal,OK,2013,6.144006972
int_met_coal,OK,2014,6.144006972
int_met_coal,OK,2015,6.144006972
int_met_coal,OK,2016,6.144006972
int_met_coal,OK,2017,6.144006972
int_met_coal,OK,2018,6.144006972
int_met_coal,OK,2019,6.144006972
int_met_coal,OK,2020,6.144006972
int_met_coal,OK,2021,6.144006972
int_met_coal,OK,2022,6.144006972
int_met_coal,OK,2023,6.144006972
int_met_coal,OK,2024,6.144006972
int_met_coal,OK,2025,6.033889107
int_met_coal,OK,2026,5.986056023
int_met_coal,OK,2027,5.954506542
int_met_coal,OK,2028,5.932930768
int_met_coal,OK,2029,5.930081137
int_met_coal,OK,2030,5.931302407
int_met_coal,OK,2031,5.936594578
int_met_coal,OK,2032,5.956745537
int_met_coal,OK,2033,5.957559717
int_met_coal,OK,2034,5.932116588
int_met_coal,OK,2035,5.952878181
int_met_coal,OK,2036,5.953692362
int_met_coal,OK,2037,5.953285271
int_met_coal,OK,2038,5.953895907
int_met_coal,OK,2039,5.938630029
int_met_coal,OK,2040,5.939851299
int_met_coal,OK,2041,5.920718065
int_met_coal,OK,2042,5.921125155
int_met_coal,OK,2043,5.917054255
int_met_coal,OK,2044,5.922346426
int_met_coal,OK,2045,5.934966218
int_met_coal,OK,2046,5.938426484
int_met_coal,OK,2047,5.937408759
int_met_coal,OK,2048,5.936594578
int_met_coal,OK,2049,5.939851299
int_met_coal,OK,2050,5.937001668
int_met_coal,KS,2010,6.144006972
int_met_coal,KS,2011,6.144006972
int_met_coal,KS,2012,6.144006972
int_met_coal,KS,2013,6.144006972
int_met_coal,KS,2014,6.144006972
int_met_coal,KS,2015,6.144006972
int_met_coal,KS,2016,6.144006972
int_met_coal,KS,2017,6.144006972
int_met_coal,KS,2018,6.144006972
int_met_coal,KS,2019,6.144006972
int_met_coal,KS,2020,6.144006972
int_met_coal,KS,2021,6.144006972
int_met_coal,KS,2022,6.144006972
int_met_coal,KS,2023,6.144006972
int_met_coal,KS,2024,6.144006972
int_met_coal,KS,2025,6.033889107
int_met_coal,KS,2026,5.986056023
int_met_coal,KS,2027,5.954506542
int_met_coal,KS,2028,5.932930768
int_met_coal,KS,2029,5.930081137
int_met_coal,KS,2030,5.931302407
int_met_coal,KS,2031,5.936594578
int_met_coal,KS,2032,5.956745537
int_met_coal,KS,2033,5.957559717
int_met_coal,KS,2034,5.932116588
int_met_coal,KS,2035,5.952878181
int_met_coal,KS,2036,5.953692362
int_met_coal,KS,2037,5.953285271
int_met_coal,KS,2038,5.953895907
int_met_coal,KS,2039,5.938630029
int_met_coal,KS,2040,5.939851299
int_met_coal,KS,2041,5.920718065
int_met_coal,KS,2042,5.921125155
int_met_coal,KS,2043,5.917054255
int_met_coal,KS,2044,5.922346426
int_met_coal,KS,2045,5.934966218
int_met_coal,KS,2046,5.938426484
int_met_coal,KS,2047,5.937408759
int_met_coal,KS,2048,5.936594578
int_met_coal,KS,2049,5.939851299
int_met_coal,KS,2050,5.937001668
int_met_coal,MO,2010,6.144006972
int_met_coal,MO,2011,6.144006972
int_met_coal,MO,2012,6.144006972
int_met_coal,MO,2013,6.144006972
int_met_coal,MO,2014,6.144006972
int_met_coal,MO,2015,6.144006972
int_met_coal,MO,2016,6.144006972
int_met_coal,MO,2017,6.144006972
int_met_coal,MO,2018,6.144006972
int_met_coal,MO,2019,6.144006972
int_met_coal,MO,2020,6.144006972
int_met_coal,MO,2021,6.144006972
int_met_coal,MO,2022,6.144006972
int_met_coal,MO,2023,6.144006972
int_met_coal,MO,2024,6.144006972
int_met_coal,MO,2025,6.033889107
int_met_coal,MO,2026,5.986056023
int_met_coal,MO,2027,5.954506542
int_met_coal,MO,2028,5.932930768
int_met_coal,MO,2029,5.930081137
int_met_coal,MO,2030,5.931302407
int_met_coal,MO,2031,5.936594578
int_met_coal,MO,2032,5.956745537
int_met_coal,MO,2033,5.957559717
int_met_coal,MO,2034,5.932116588
int_met_coal,MO,2035,5.952878181
int_met_coal,MO,2036,5.953692362
int_met_coal,MO,2037,5.953285271
int_met_coal,MO,2038,5.953895907
int_met_coal,MO,2039,5.938630029
int_met_coal,MO,2040,5.939851299
int_met_coal,MO,2041,5.920718065
int_met_coal,MO,2042,5.921125155
int_met_coal,MO,2043,5.917054255
int_met_coal,MO,2044,5.922346426
int_met_coal,MO,2045,5.934966218
int_met_coal,MO,2046,5.938426484
int_met_coal,MO,2047,5.937408759
int_met_coal,MO,2048,5.936594578
int_met_coal,MO,2049,5.939851299
int_met_coal,MO,2050,5.937001668
int_met_coal,AR,2010,6.144006972
int_met_coal,AR,2011,6.144006972
int_met_coal,AR,2012,6.144006972
int_met_coal,AR,2013,6.144006972
int_met_coal,AR,2014,6.144006972
int_met_coal,AR,2015,6.144006972
int_met_coal,AR,2016,6.144006972
int_met_coal,AR,2017,6.144006972
int_met_coal,AR,2018,6.144006972
int_met_coal,AR,2019,6.144006972
int_met_coal,AR,2020,6.144006972
int_met_coal,AR,2021,6.144006972
int_met_coal,AR,2022,6.144006972
int_met_coal,AR,2023,6.144006972
int_met_coal,AR,2024,6.144006972
int_met_coal,AR,2025,6.033889107
int_met_coal,AR,2026,5.986056023
int_met_coal,AR,2027,5.954506542
int_met_coal,AR,2028,5.932930768
int_met_coal,AR,2029,5.930081137
int_met_coal,AR,2030,5.931302407
int_met_coal,AR,2031,5.936594578
int_met_coal,AR,2032,5.956745537
int_met_coal,AR,2033,5.957559717
int_met_coal,AR,2034,5.932116588
int_met_coal,AR,2035,5.952878181
int_met_coal,AR,2036,5.953692362
int_met_coal,AR,2037,5.953285271
int_met_coal,AR,2038,5.953895907
int_met_coal,AR,2039,5.938630029
int_met_coal,AR,2040,5.939851299
int_met_coal,AR,2041,5.920718065
int_met_coal,AR,2042,5.921125155
int_met_coal,AR,2043,5.917054255
int_met_coal,AR,2044,5.922346426
int_met_coal,AR,2045,5.934966218
int_met_coal,AR,2046,5.938426484
int_met_coal,AR,2047,5.937408759
int_met_coal,AR,2048,5.936594578
int_met_coal,AR,2049,5.939851299
int_met_coal,AR,2050,5.937001668
int_met_coal,LA,2010,6.144006972
int_met_coal,LA,2011,6.144006972
int_met_coal,LA,2012,6.144006972
int_met_coal,LA,2013,6.144006972
int_met_coal,LA,2014,6.144006972
int_met_coal,LA,2015,6.144006972
int_met_coal,LA,2016,6.144006972
int_met_coal,LA,2017,6.144006972
int_met_coal,LA,2018,6.144006972
int_met_coal,LA,2019,6.144006972
int_met_coal,LA,2020,6.144006972
int_met_coal,LA,2021,6.144006972
int_met_coal,LA,2022,6.144006972
int_met_coal,LA,2023,6.144006972
int_met_coal,LA,2024,6.144006972
int_met_coal,LA,2025,6.033889107
int_met_coal,LA,2026,5.986056023
int_met_coal,LA,2027,5.954506542
int_met_coal,LA,2028,5.932930768
int_met_coal,LA,2029,5.930081137
int_met_coal,LA,2030,5.931302407
int_met_coal,LA,2031,5.936594578
int_met_coal,LA,2032,5.956745537
int_met_coal,LA,2033,5.957559717
int_met_coal,LA,2034,5.932116588
int_met_coal,LA,2035,5.952878181
int_met_coal,LA,2036,5.953692362
int_met_coal,LA,2037,5.953285271
int_met_coal,LA,2038,5.953895907
int_met_coal,LA,2039,5.938630029
int_met_coal,LA,2040,5.939851299
int_met_coal,LA,2041,5.920718065
int_met_coal,LA,2042,5.921125155
int_met_coal,LA,2043,5.917054255
int_met_coal,LA,2044,5.922346426
int_met_coal,LA,2045,5.934966218
int_met_coal,LA,2046,5.938426484
int_met_coal,LA,2047,5.937408759
int_met_coal,LA,2048,5.936594578
int_met_coal,LA,2049,5.939851299
int_met_coal,LA,2050,5.937001668
int_met_coal,MI,2010,6.699074291
int_met_coal,MI,2011,6.699074291
int_met_coal,MI,2012,6.699074291
int_met_coal,MI,2013,6.699074291
int_met_coal,MI,2014,6.699074291
int_met_coal,MI,2015,6.699074291
int_met_coal,MI,2016,6.699074291
int_met_coal,MI,2017,6.699074291
int_met_coal,MI,2018,6.699074291
int_met_coal,MI,2019,6.699074291
int_met_coal,MI,2020,6.699074291
int_met_coal,MI,2021,6.699074291
int_met_coal,MI,2022,6.699074291
int_met_coal,MI,2023,6.699074291
int_met_coal,MI,2024,6.699074291
int_met_coal,MI,2025,6.621727176
int_met_coal,MI,2026,6.583460709
int_met_coal,MI,2027,6.550893503
int_met_coal,MI,2028,6.525653918
int_met_coal,MI,2029,6.516697937
int_met_coal,MI,2030,6.511812856
int_met_coal,MI,2031,6.510998675
int_met_coal,MI,2032,6.524839738
int_met_coal,MI,2033,6.520768837
int_met_coal,MI,2034,6.491458352
int_met_coal,MI,2035,6.510184495
int_met_coal,MI,2036,6.513441216
int_met_coal,MI,2037,6.515883757
int_met_coal,MI,2038,6.518326297
int_met_coal,MI,2039,6.502856874
int_met_coal,MI,2040,6.503671054
int_met_coal,MI,2041,6.484130731
int_met_coal,MI,2042,6.48331655
int_met_coal,MI,2043,6.48168819
int_met_coal,MI,2044,6.487387451
int_met_coal,MI,2045,6.501228514
int_met_coal,MI,2046,6.508556135
int_met_coal,MI,2047,6.509370315
int_met_coal,MI,2048,6.508556135
int_met_coal,MI,2049,6.511812856
int_met_coal,MI,2050,6.510998675
int_met_coal,IL,2010,6.699074291
int_met_coal,IL,2011,6.699074291
int_met_coal,IL,2012,6.699074291
int_met_coal,IL,2013,6.699074291
int_met_coal,IL,2014,6.699074291
int_met_coal,IL,2015,6.699074291
int_met_coal,IL,2016,6.699074291
int_met_coal,IL,2017,6.699074291
int_met_coal,IL,2018,6.699074291
int_met_coal,IL,2019,6.699074291
int_met_coal,IL,2020,6.699074291
int_met_coal,IL,2021,6.699074291
int_met_coal,IL,2022,6.699074291
int_met_coal,IL,2023,6.699074291
int_met_coal,IL,2024,6.699074291
int_met_coal,IL,2025,6.621727176
int_met_coal,IL,2026,6.583460709
int_met_coal,IL,2027,6.550893503
int_met_coal,IL,2028,6.525653918
int_met_coal,IL,2029,6.516697937
int_met_coal,IL,2030,6.511812856
int_met_coal,IL,2031,6.510998675
int_met_coal,IL,2032,6.524839738
int_met_coal,IL,2033,6.520768837
int_met_coal,IL,2034,6.491458352
int_met_coal,IL,2035,6.510184495
int_met_coal,IL,2036,6.513441216
int_met_coal,IL,2037,6.515883757
int_met_coal,IL,2038,6.518326297
int_met_coal,IL,2039,6.502856874
int_met_coal,IL,2040,6.503671054
int_met_coal,IL,2041,6.484130731
int_met_coal,IL,2042,6.48331655
int_met_coal,IL,2043,6.48168819
int_met_coal,IL,2044,6.487387451
int_met_coal,IL,2045,6.501228514
int_met_coal,IL,2046,6.508556135
int_met_coal,IL,2047,6.509370315
int_met_coal,IL,2048,6.508556135
int_met_coal,IL,2049,6.511812856
int_met_coal,IL,2050,6.510998675
int_met_coal,MS,2010,6.405969436
int_met_coal,MS,2011,6.405969436
int_met_coal,MS,2012,6.405969436
int_met_coal,MS,2013,6.405969436
int_met_coal,MS,2014,6.405969436
int_met_coal,MS,2015,6.405969436
int_met_coal,MS,2016,6.405969436
int_met_coal,MS,2017,6.405969436
int_met_coal,MS,2018,6.405969436
int_met_coal,MS,2019,6.405969436
int_met_coal,MS,2020,6.405969436
int_met_coal,MS,2021,6.405969436
int_met_coal,MS,2022,6.405969436
int_met_coal,MS,2023,6.405969436
int_met_coal,MS,2024,6.405969436
int_met_coal,MS,2025,6.312338719
int_met_coal,MS,2026,6.26837299
int_met_coal,MS,2027,6.236619964
int_met_coal,MS,2028,6.21382292
int_met_coal,MS,2029,6.208123659
int_met_coal,MS,2030,6.206495299
int_met_coal,MS,2031,6.208937839
int_met_coal,MS,2032,6.226035622
int_met_coal,MS,2033,6.224407262
int_met_coal,MS,2034,6.197539317
int_met_coal,MS,2035,6.217079641
int_met_coal,MS,2036,6.219522181
int_met_coal,MS,2037,6.220336361
int_met_coal,MS,2038,6.221964722
int_met_coal,MS,2039,6.207309479
int_met_coal,MS,2040,6.208123659
int_met_coal,MS,2041,6.188583335
int_met_coal,MS,2042,6.188583335
int_met_coal,MS,2043,6.185326615
int_met_coal,MS,2044,6.191840056
int_met_coal,MS,2045,6.204866938
int_met_coal,MS,2046,6.209752019
int_met_coal,MS,2047,6.209752019
int_met_coal,MS,2048,6.209752019
int_met_coal,MS,2049,6.21300874
int_met_coal,MS,2050,6.21138038
int_met_coal,AL,2010,6.405969436
int_met_coal,AL,2011,6.405969436
int_met_coal,AL,2012,6.405969436
int_met_coal,AL,2013,6.405969436
int_met_coal,AL,2014,6.405969436
int_met_coal,AL,2015,6.405969436
int_met_coal,AL,2016,6.405969436
int_met_coal,AL,2017,6.405969436
int_met_coal,AL,2018,6.405969436
int_met_coal,AL,2019,6.405969436
int_met_coal,AL,2020,6.405969436
int_met_coal,AL,2021,6.405969436
int_met_coal,AL,2022,6.405969436
int_met_coal,AL,2023,6.405969436
int_met_coal,AL,2024,6.405969436
int_met_coal,AL,2025,6.312338719
int_met_coal,AL,2026,6.26837299
int_met_coal,AL,2027,6.236619964
int_met_coal,AL,2028,6.21382292
int_met_coal,AL,2029,6.208123659
int_met_coal,AL,2030,6.206495299
int_met_coal,AL,2031,6.208937839
int_met_coal,AL,2032,6.226035622
int_met_coal,AL,2033,6.224407262
int_met_coal,AL,2034,6.197539317
int_met_coal,AL,2035,6.217079641
int_met_coal,AL,2036,6.219522181
int_met_coal,AL,2037,6.220336361
int_met_coal,AL,2038,6.221964722
int_met_coal,AL,2039,6.207309479
int_met_coal,AL,2040,6.208123659
int_met_coal,AL,2041,6.188583335
int_met_coal,AL,2042,6.188583335
int_met_coal,AL,2043,6.185326615
int_met_coal,AL,2044,6.191840056
int_met_coal,AL,2045,6.204866938
int_met_coal,AL,2046,6.209752019
int_met_coal,AL,2047,6.209752019
int_met_coal,AL,2048,6.209752019
int_met_coal,AL,2049,6.21300874
int_met_coal,AL,2050,6.21138038
int_met_coal,FL,2010,5.644710994
int_met_coal,FL,2011,5.644710994
int_met_coal,FL,2012,5.644710994
int_met_coal,FL,2013,5.644710994
int_met_coal,FL,2014,5.644710994
int_met_coal,FL,2015,5.644710994
int_met_coal,FL,2016,5.644710994
int_met_coal,FL,2017,5.644710994
int_met_coal,FL,2018,5.644710994
int_met_coal,FL,2019,5.644710994
int_met_coal,FL,2020,5.644710994
int_met_coal,FL,2021,5.644710994
int_met_coal,FL,2022,5.644710994
int_met_coal,FL,2023,5.644710994
int_met_coal,FL,2024,5.644710994
int_met_coal,FL,2025,5.504672008
int_met_coal,FL,2026,5.448493577
int_met_coal,FL,2027,5.417554731
int_met_coal,FL,2028,5.398828588
int_met_coal,FL,2029,5.402085309
int_met_coal,FL,2030,5.40859875
int_met_coal,FL,2031,5.419183092
int_met_coal,FL,2032,5.445236857
int_met_coal,FL,2033,5.450121938
int_met_coal,FL,2034,5.428139073
int_met_coal,FL,2035,5.450936118
int_met_coal,FL,2036,5.449307757
int_met_coal,FL,2037,5.446051037
int_met_coal,FL,2038,5.445236857
int_met_coal,FL,2039,5.429767434
int_met_coal,FL,2040,5.431395794
int_met_coal,FL,2041,5.412669651
int_met_coal,FL,2042,5.414298011
int_met_coal,FL,2043,5.40778457
int_met_coal,FL,2044,5.412669651
int_met_coal,FL,2045,5.424068173
int_met_coal,FL,2046,5.424068173
int_met_coal,FL,2047,5.421625632
int_met_coal,FL,2048,5.419997272
int_met_coal,FL,2049,5.423253993
int_met_coal,FL,2050,5.418368912
int_met_coal,TN,2010,6.405969436
int_met_coal,TN,2011,6.405969436
int_met_coal,TN,2012,6.405969436
int_met_coal,TN,2013,6.405969436
int_met_coal,TN,2014,6.405969436
int_met_coal,TN,2015,6.405969436
int_met_coal,TN,2016,6.405969436
int_met_coal,TN,2017,6.405969436
int_met_coal,TN,2018,6.405969436
int_met_coal,TN,2019,6.405969436
int_met_coal,TN,2020,6.405969436
int_met_coal,TN,2021,6.405969436
int_met_coal,TN,2022,6.405969436
int_met_coal,TN,2023,6.405969436
int_met_coal,TN,2024,6.405969436
int_met_coal,TN,2025,6.312338719
int_met_coal,TN,2026,6.26837299
int_met_coal,TN,2027,6.236619964
int_met_coal,TN,2028,6.21382292
int_met_coal,TN,2029,6.208123659
int_met_coal,TN,2030,6.206495299
int_met_coal,TN,2031,6.208937839
int_met_coal,TN,2032,6.226035622
int_met_coal,TN,2033,6.224407262
int_met_coal,TN,2034,6.197539317
int_met_coal,TN,2035,6.217079641
int_met_coal,TN,2036,6.219522181
int_met_coal,TN,2037,6.220336361
int_met_coal,TN,2038,6.221964722
int_met_coal,TN,2039,6.207309479
int_met_coal,TN,2040,6.208123659
int_met_coal,TN,2041,6.188583335
int_met_coal,TN,2042,6.188583335
int_met_coal,TN,2043,6.185326615
int_met_coal,TN,2044,6.191840056
int_met_coal,TN,2045,6.204866938
int_met_coal,TN,2046,6.209752019
int_met_coal,TN,2047,6.209752019
int_met_coal,TN,2048,6.209752019
int_met_coal,TN,2049,6.21300874
int_met_coal,TN,2050,6.21138038
int_met_coal,KY,2010,6.405969436
int_met_coal,KY,2011,6.405969436
int_met_coal,KY,2012,6.405969436
int_met_coal,KY,2013,6.405969436
int_met_coal,KY,2014,6.405969436
int_met_coal,KY,2015,6.405969436
int_met_coal,KY,2016,6.405969436
int_met_coal,KY,2017,6.405969436
int_met_coal,KY,2018,6.405969436
int_met_coal,KY,2019,6.405969436
int_met_coal,KY,2020,6.405969436
int_met_coal,KY,2021,6.405969436
int_met_coal,KY,2022,6.405969436
int_met_coal,KY,2023,6.405969436
int_met_coal,KY,2024,6.405969436
int_met_coal,KY,2025,6.312338719
int_met_coal,KY,2026,6.26837299
int_met_coal,KY,2027,6.236619964
int_met_coal,KY,2028,6.21382292
int_met_coal,KY,2029,6.208123659
int_met_coal,KY,2030,6.206495299
int_met_coal,KY,2031,6.208937839
int_met_coal,KY,2032,6.226035622
int_met_coal,KY,2033,6.224407262
int_met_coal,KY,2034,6.197539317
int_met_coal,KY,2035,6.217079641
int_met_coal,KY,2036,6.219522181
int_met_coal,KY,2037,6.220336361
int_met_coal,KY,2038,6.221964722
int_met_coal,KY,2039,6.207309479
int_met_coal,KY,2040,6.208123659
int_met_coal,KY,2041,6.188583335
int_met_coal,KY,2042,6.188583335
int_met_coal,KY,2043,6.185326615
int_met_coal,KY,2044,6.191840056
int_met_coal,KY,2045,6.204866938
int_met_coal,KY,2046,6.209752019
int_met_coal,KY,2047,6.209752019
int_met_coal,KY,2048,6.209752019
int_met_coal,KY,2049,6.21300874
int_met_coal,KY,2050,6.21138038
int_met_coal,GA,2010,5.644710994
int_met_coal,GA,2011,5.644710994
int_met_coal,GA,2012,5.644710994
int_met_coal,GA,2013,5.644710994
int_met_coal,GA,2014,5.644710994
int_met_coal,GA,2015,5.644710994
int_met_coal,GA,2016,5.644710994
int_met_coal,GA,2017,5.644710994
int_met_coal,GA,2018,5.644710994
int_met_coal,GA,2019,5.644710994
int_met_coal,GA,2020,5.644710994
int_met_coal,GA,2021,5.644710994
int_met_coal,GA,2022,5.644710994
int_met_coal,GA,2023,5.644710994
int_met_coal,GA,2024,5.644710994
int_met_coal,GA,2025,5.504672008
int_met_coal,GA,2026,5.448493577
int_met_coal,GA,2027,5.417554731
int_met_coal,GA,2028,5.398828588
int_met_coal,GA,2029,5.402085309
int_met_coal,GA,2030,5.40859875
int_met_coal,GA,2031,5.419183092
int_met_coal,GA,2032,5.445236857
int_met_coal,GA,2033,5.450121938
int_met_coal,GA,2034,5.428139073
int_met_coal,GA,2035,5.450936118
int_met_coal,GA,2036,5.449307757
int_met_coal,GA,2037,5.446051037
int_met_coal,GA,2038,5.445236857
int_met_coal,GA,2039,5.429767434
int_met_coal,GA,2040,5.431395794
int_met_coal,GA,2041,5.412669651
int_met_coal,GA,2042,5.414298011
int_met_coal,GA,2043,5.40778457
int_met_coal,GA,2044,5.412669651
int_met_coal,GA,2045,5.424068173
int_met_coal,GA,2046,5.424068173
int_met_coal,GA,2047,5.421625632
int_met_coal,GA,2048,5.419997272
int_met_coal,GA,2049,5.423253993
int_met_coal,GA,2050,5.418368912
int_met_coal,SC,2010,5.644710994
int_met_coal,SC,2011,5.644710994
int_met_coal,SC,2012,5.644710994
int_met_coal,SC,2013,5.644710994
int_met_coal,SC,2014,5.644710994
int_met_coal,SC,2015,5.644710994
int_met_coal,SC,2016,5.644710994
int_met_coal,SC,2017,5.644710994
int_met_coal,SC,2018,5.644710994
int_met_coal,SC,2019,5.644710994
int_met_coal,SC,2020,5.644710994
int_met_coal,SC,2021,5.644710994
int_met_coal,SC,2022,5.644710994
int_met_coal,SC,2023,5.644710994
int_met_coal,SC,2024,5.644710994
int_met_coal,SC,2025,5.504672008
int_met_coal,SC,2026,5.448493577
int_met_coal,SC,2027,5.417554731
int_met_coal,SC,2028,5.398828588
int_met_coal,SC,2029,5.402085309
int_met_coal,SC,2030,5.40859875
int_met_coal,SC,2031,5.419183092
int_met_coal,SC,2032,5.445236857
int_met_coal,SC,2033,5.450121938
int_met_coal,SC,2034,5.428139073
int_met_coal,SC,2035,5.450936118
int_met_coal,SC,2036,5.449307757
int_met_coal,SC,2037,5.446051037
int_met_coal,SC,2038,5.445236857
int_met_coal,SC,2039,5.429767434
int_met_coal,SC,2040,5.431395794
int_met_coal,SC,2041,5.412669651
int_met_coal,SC,2042,5.414298011
int_met_coal,SC,2043,5.40778457
int_met_coal,SC,2044,5.412669651
int_met_coal,SC,2045,5.424068173
int_met_coal,SC,2046,5.424068173
int_met_coal,SC,2047,5.421625632
int_met_coal,SC,2048,5.419997272
int_met_coal,SC,2049,5.423253993
int_met_coal,SC,2050,5.418368912
int_met_coal,NC,2010,5.644710994
int_met_coal,NC,2011,5.644710994
int_met_coal,NC,2012,5.644710994
int_met_coal,NC,2013,5.644710994
int_met_coal,NC,2014,5.644710994
int_met_coal,NC,2015,5.644710994
int_met_coal,NC,2016,5.644710994
int_met_coal,NC,2017,5.644710994
int_met_coal,NC,2018,5.644710994
int_met_coal,NC,2019,5.644710994
int_met_coal,NC,2020,5.644710994
int_met_coal,NC,2021,5.644710994
int_met_coal,NC,2022,5.644710994
int_met_coal,NC,2023,5.644710994
int_met_coal,NC,2024,5.644710994
int_met_coal,NC,2025,5.504672008
int_met_coal,NC,2026,5.448493577
int_met_coal,NC,2027,5.417554731
int_met_coal,NC,2028,5.398828588
int_met_coal,NC,2029,5.402085309
int_met_coal,NC,2030,5.40859875
int_met_coal,NC,2031,5.419183092
int_met_coal,NC,2032,5.445236857
int_met_coal,NC,2033,5.450121938
int_met_coal,NC,2034,5.428139073
int_met_coal,NC,2035,5.450936118
int_met_coal,NC,2036,5.449307757
int_met_coal,NC,2037,5.446051037
int_met_coal,NC,2038,5.445236857
int_met_coal,NC,2039,5.429767434
int_met_coal,NC,2040,5.431395794
int_met_coal,NC,2041,5.412669651
int_met_coal,NC,2042,5.414298011
int_met_coal,NC,2043,5.40778457
int_met_coal,NC,2044,5.412669651
int_met_coal,NC,2045,5.424068173
int_met_coal,NC,2046,5.424068173
int_met_coal,NC,2047,5.421625632
int_met_coal,NC,2048,5.419997272
int_met_coal,NC,2049,5.423253993
int_met_coal,NC,2050,5.418368912
int_met_coal,VA,2010,5.644710994
int_met_coal,VA,2011,5.644710994
int_met_coal,VA,2012,5.644710994
int_met_coal,VA,2013,5.644710994
int_met_coal,VA,2014,5.644710994
int_met_coal,VA,2015,5.644710994
int_met_coal,VA,2016,5.644710994
int_met_coal,VA,2017,5.644710994
int_met_coal,VA,2018,5.644710994
int_met_coal,VA,2019,5.644710994
int_met_coal,VA,2020,5.644710994
int_met_coal,VA,2021,5.644710994
int_met_coal,VA,2022,5.644710994
int_met_coal,VA,2023,5.644710994
int_met_coal,VA,2024,5.644710994
int_met_coal,VA,2025,5.504672008
int_met_coal,VA,2026,5.448493577
int_met_coal,VA,2027,5.417554731
int_met_coal,VA,2028,5.398828588
int_met_coal,VA,2029,5.402085309
int_met_coal,VA,2030,5.40859875
int_met_coal,VA,2031,5.419183092
int_met_coal,VA,2032,5.445236857
int_met_coal,VA,2033,5.450121938
int_met_coal,VA,2034,5.428139073
int_met_coal,VA,2035,5.450936118
int_met_coal,VA,2036,5.449307757
int_met_coal,VA,2037,5.446051037
int_met_coal,VA,2038,5.445236857
int_met_coal,VA,2039,5.429767434
int_met_coal,VA,2040,5.431395794
int_met_coal,VA,2041,5.412669651
int_met_coal,VA,2042,5.414298011
int_met_coal,VA,2043,5.40778457
int_met_coal,VA,2044,5.412669651
int_met_coal,VA,2045,5.424068173
int_met_coal,VA,2046,5.424068173
int_met_coal,VA,2047,5.421625632
int_met_coal,VA,2048,5.419997272
int_met_coal,VA,2049,5.423253993
int_met_coal,VA,2050,5.418368912
int_met_coal,IN,2010,6.699074291
int_met_coal,IN,2011,6.699074291
int_met_coal,IN,2012,6.699074291
int_met_coal,IN,2013,6.699074291
int_met_coal,IN,2014,6.699074291
int_met_coal,IN,2015,6.699074291
int_met_coal,IN,2016,6.699074291
int_met_coal,IN,2017,6.699074291
int_met_coal,IN,2018,6.699074291
int_met_coal,IN,2019,6.699074291
int_met_coal,IN,2020,6.699074291
int_met_coal,IN,2021,6.699074291
int_met_coal,IN,2022,6.699074291
int_met_coal,IN,2023,6.699074291
int_met_coal,IN,2024,6.699074291
int_met_coal,IN,2025,6.621727176
int_met_coal,IN,2026,6.583460709
int_met_coal,IN,2027,6.550893503
int_met_coal,IN,2028,6.525653918
int_met_coal,IN,2029,6.516697937
int_met_coal,IN,2030,6.511812856
int_met_coal,IN,2031,6.510998675
int_met_coal,IN,2032,6.524839738
int_met_coal,IN,2033,6.520768837
int_met_coal,IN,2034,6.491458352
int_met_coal,IN,2035,6.510184495
int_met_coal,IN,2036,6.513441216
int_met_coal,IN,2037,6.515883757
int_met_coal,IN,2038,6.518326297
int_met_coal,IN,2039,6.502856874
int_met_coal,IN,2040,6.503671054
int_met_coal,IN,2041,6.484130731
int_met_coal,IN,2042,6.48331655
int_met_coal,IN,2043,6.48168819
int_met_coal,IN,2044,6.487387451
int_met_coal,IN,2045,6.501228514
int_met_coal,IN,2046,6.508556135
int_met_coal,IN,2047,6.509370315
int_met_coal,IN,2048,6.508556135
int_met_coal,IN,2049,6.511812856
int_met_coal,IN,2050,6.510998675
int_met_coal,OH,2010,6.699074291
int_met_coal,OH,2011,6.699074291
int_met_coal,OH,2012,6.699074291
int_met_coal,OH,2013,6.699074291
int_met_coal,OH,2014,6.699074291
int_met_coal,OH,2015,6.699074291
int_met_coal,OH,2016,6.699074291
int_met_coal,OH,2017,6.699074291
int_met_coal,OH,2018,6.699074291
int_met_coal,OH,2019,6.699074291
int_met_coal,OH,2020,6.699074291
int_met_coal,OH,2021,6.699074291
int_met_coal,OH,2022,6.699074291
int_met_coal,OH,2023,6.699074291
int_met_coal,OH,2024,6.699074291
int_met_coal,OH,2025,6.621727176
int_met_coal,OH,2026,6.583460709
int_met_coal,OH,2027,6.550893503
int_met_coal,OH,2028,6.525653918
int_met_coal,OH,2029,6.516697937
int_met_coal,OH,2030,6.511812856
int_met_coal,OH,2031,6.510998675
int_met_coal,OH,2032,6.524839738
int_met_coal,OH,2033,6.520768837
int_met_coal,OH,2034,6.491458352
int_met_coal,OH,2035,6.510184495
int_met_coal,OH,2036,6.513441216
int_met_coal,OH,2037,6.515883757
int_met_coal,OH,2038,6.518326297
int_met_coal,OH,2039,6.502856874
int_met_coal,OH,2040,6.503671054
int_met_coal,OH,2041,6.484130731
int_met_coal,OH,2042,6.48331655
int_met_coal,OH,2043,6.48168819
int_met_coal,OH,2044,6.487387451
int_met_coal,OH,2045,6.501228514
int_met_coal,OH,2046,6.508556135
int_met_coal,OH,2047,6.509370315
int_met_coal,OH,2048,6.508556135
int_met_coal,OH,2049,6.511812856
int_met_coal,OH,2050,6.510998675
int_met_coal,PA,2010,5.826273168
int_met_coal,PA,2011,5.826273168
int_met_coal,PA,2012,5.826273168
int_met_coal,PA,2013,5.826273168
int_met_coal,PA,2014,5.826273168
int_met_coal,PA,2015,5.826273168
int_met_coal,PA,2016,5.826273168
int_met_coal,PA,2017,5.826273168
int_met_coal,PA,2018,5.826273168
int_met_coal,PA,2019,5.826273168
int_met_coal,PA,2020,5.826273168
int_met_coal,PA,2021,5.826273168
int_met_coal,PA,2022,5.826273168
int_met_coal,PA,2023,5.826273168
int_met_coal,PA,2024,5.826273168
int_met_coal,PA,2025,5.696818524
int_met_coal,PA,2026,5.643896814
int_met_coal,PA,2027,5.612957968
int_met_coal,PA,2028,5.593417644
int_met_coal,PA,2029,5.593417644
int_met_coal,PA,2030,5.598302725
int_met_coal,PA,2031,5.607258707
int_met_coal,PA,2032,5.630869931
int_met_coal,PA,2033,5.634940832
int_met_coal,PA,2034,5.611329608
int_met_coal,PA,2035,5.633312472
int_met_coal,PA,2036,5.632498292
int_met_coal,PA,2037,5.630869931
int_met_coal,PA,2038,5.630055751
int_met_coal,PA,2039,5.614586328
int_met_coal,PA,2040,5.616214689
int_met_coal,PA,2041,5.597488545
int_met_coal,PA,2042,5.598302725
int_met_coal,PA,2043,5.593417644
int_met_coal,PA,2044,5.597488545
int_met_coal,PA,2045,5.609701247
int_met_coal,PA,2046,5.611329608
int_met_coal,PA,2047,5.608887067
int_met_coal,PA,2048,5.608072887
int_met_coal,PA,2049,5.611329608
int_met_coal,PA,2050,5.607258707
int_met_coal,WV,2010,5.644710994
int_met_coal,WV,2011,5.644710994
int_met_coal,WV,2012,5.644710994
int_met_coal,WV,2013,5.644710994
int_met_coal,WV,2014,5.644710994
int_met_coal,WV,2015,5.644710994
int_met_coal,WV,2016,5.644710994
int_met_coal,WV,2017,5.644710994
int_met_coal,WV,2018,5.644710994
int_met_coal,WV,2019,5.644710994
int_met_coal,WV,2020,5.644710994
int_met_coal,WV,2021,5.644710994
int_met_coal,WV,2022,5.644710994
int_met_coal,WV,2023,5.644710994
int_met_coal,WV,2024,5.644710994
int_met_coal,WV,2025,5.504672008
int_met_coal,WV,2026,5.448493577
int_met_coal,WV,2027,5.417554731
int_met_coal,WV,2028,5.398828588
int_met_coal,WV,2029,5.402085309
int_met_coal,WV,2030,5.40859875
int_met_coal,WV,2031,5.419183092
int_met_coal,WV,2032,5.445236857
int_met_coal,WV,2033,5.450121938
int_met_coal,WV,2034,5.428139073
int_met_coal,WV,2035,5.450936118
int_met_coal,WV,2036,5.449307757
int_met_coal,WV,2037,5.446051037
int_met_coal,WV,2038,5.445236857
int_met_coal,WV,2039,5.429767434
int_met_coal,WV,2040,5.431395794
int_met_coal,WV,2041,5.412669651
int_met_coal,WV,2042,5.414298011
int_met_coal,WV,2043,5.40778457
int_met_coal,WV,2044,5.412669651
int_met_coal,WV,2045,5.424068173
int_met_coal,WV,2046,5.424068173
int_met_coal,WV,2047,5.421625632
int_met_coal,WV,2048,5.419997272
int_met_coal,WV,2049,5.423253993
int_met_coal,WV,2050,5.418368912
int_met_coal,MD,2010,5.644710994
int_met_coal,MD,2011,5.644710994
int_met_coal,MD,2012,5.644710994
int_met_coal,MD,2013,5.644710994
int_met_coal,MD,2014,5.644710994
int_met_coal,MD,2015,5.644710994
int_met_coal,MD,2016,5.644710994
int_met_coal,MD,2017,5.644710994
int_met_coal,MD,2018,5.644710994
int_met_coal,MD,2019,5.644710994
int_met_coal,MD,2020,5.644710994
int_met_coal,MD,2021,5.644710994
int_met_coal,MD,2022,5.644710994
int_met_coal,MD,2023,5.644710994
int_met_coal,MD,2024,5.644710994
int_met_coal,MD,2025,5.504672008
int_met_coal,MD,2026,5.448493577
int_met_coal,MD,2027,5.417554731
int_met_coal,MD,2028,5.398828588
int_met_coal,MD,2029,5.402085309
int_met_coal,MD,2030,5.40859875
int_met_coal,MD,2031,5.419183092
int_met_coal,MD,2032,5.445236857
int_met_coal,MD,2033,5.450121938
int_met_coal,MD,2034,5.428139073
int_met_coal,MD,2035,5.450936118
int_met_coal,MD,2036,5.449307757
int_met_coal,MD,2037,5.446051037
int_met_coal,MD,2038,5.445236857
int_met_coal,MD,2039,5.429767434
int_met_coal,MD,2040,5.431395794
int_met_coal,MD,2041,5.412669651
int_met_coal,MD,2042,5.414298011
int_met_coal,MD,2043,5.40778457
int_met_coal,MD,2044,5.412669651
int_met_coal,MD,2045,5.424068173
int_met_coal,MD,2046,5.424068173
int_met_coal,MD,2047,5.421625632
int_met_coal,MD,2048,5.419997272
int_met_coal,MD,2049,5.423253993
int_met_coal,MD,2050,5.418368912
int_met_coal,DE,2010,5.644710994
int_met_coal,DE,2011,5.644710994
int_met_coal,DE,2012,5.644710994
int_met_coal,DE,2013,5.644710994
int_met_coal,DE,2014,5.644710994
int_met_coal,DE,2015,5.644710994
int_met_coal,DE,2016,5.644710994
int_met_coal,DE,2017,5.644710994
int_met_coal,DE,2018,5.644710994
int_met_coal,DE,2019,5.644710994
int_met_coal,DE,2020,5.644710994
int_met_coal,DE,2021,5.644710994
int_met_coal,DE,2022,5.644710994
int_met_coal,DE,2023,5.644710994
int_met_coal,DE,2024,5.644710994
int_met_coal,DE,2025,5.504672008
int_met_coal,DE,2026,5.448493577
int_met_coal,DE,2027,5.417554731
int_met_coal,DE,2028,5.398828588
int_met_coal,DE,2029,5.402085309
int_met_coal,DE,2030,5.40859875
int_met_coal,DE,2031,5.419183092
int_met_coal,DE,2032,5.445236857
int_met_coal,DE,2033,5.450121938
int_met_coal,DE,2034,5.428139073
int_met_coal,DE,2035,5.450936118
int_met_coal,DE,2036,5.449307757
int_met_coal,DE,2037,5.446051037
int_met_coal,DE,2038,5.445236857
int_met_coal,DE,2039,5.429767434
int_met_coal,DE,2040,5.431395794
int_met_coal,DE,2041,5.412669651
int_met_coal,DE,2042,5.414298011
int_met_coal,DE,2043,5.40778457
int_met_coal,DE,2044,5.412669651
int_met_coal,DE,2045,5.424068173
int_met_coal,DE,2046,5.424068173
int_met_coal,DE,2047,5.421625632
int_met_coal,DE,2048,5.419997272
int_met_coal,DE,2049,5.423253993
int_met_coal,DE,2050,5.418368912
int_met_coal,NJ,2010,5.826273168
int_met_coal,NJ,2011,5.826273168
int_met_coal,NJ,2012,5.826273168
int_met_coal,NJ,2013,5.826273168
int_met_coal,NJ,2014,5.826273168
int_met_coal,NJ,2015,5.826273168
int_met_coal,NJ,2016,5.826273168
int_met_coal,NJ,2017,5.826273168
int_met_coal,NJ,2018,5.826273168
int_met_coal,NJ,2019,5.826273168
int_met_coal,NJ,2020,5.826273168
int_met_coal,NJ,2021,5.826273168
int_met_coal,NJ,2022,5.826273168
int_met_coal,NJ,2023,5.826273168
int_met_coal,NJ,2024,5.826273168
int_met_coal,NJ,2025,5.696818524
int_met_coal,NJ,2026,5.643896814
int_met_coal,NJ,2027,5.612957968
int_met_coal,NJ,2028,5.593417644
int_met_coal,NJ,2029,5.593417644
int_met_coal,NJ,2030,5.598302725
int_met_coal,NJ,2031,5.607258707
int_met_coal,NJ,2032,5.630869931
int_met_coal,NJ,2033,5.634940832
int_met_coal,NJ,2034,5.611329608
int_met_coal,NJ,2035,5.633312472
int_met_coal,NJ,2036,5.632498292
int_met_coal,NJ,2037,5.630869931
int_met_coal,NJ,2038,5.630055751
int_met_coal,NJ,2039,5.614586328
int_met_coal,NJ,2040,5.616214689
int_met_coal,NJ,2041,5.597488545
int_met_coal,NJ,2042,5.598302725
int_met_coal,NJ,2043,5.593417644
int_met_coal,NJ,2044,5.597488545
int_met_coal,NJ,2045,5.609701247
int_met_coal,NJ,2046,5.611329608
int_met_coal,NJ,2047,5.608887067
int_met_coal,NJ,2048,5.608072887
int_met_coal,NJ,2049,5.611329608
int_met_coal,NJ,2050,5.607258707
int_met_coal,NY,2010,5.826273168
int_met_coal,NY,2011,5.826273168
int_met_coal,NY,2012,5.826273168
int_met_coal,NY,2013,5.826273168
int_met_coal,NY,2014,5.826273168
int_met_coal,NY,2015,5.826273168
int_met_coal,NY,2016,5.826273168
int_met_coal,NY,2017,5.826273168
int_met_coal,NY,2018,5.826273168
int_met_coal,NY,2019,5.826273168
int_met_coal,NY,2020,5.826273168
int_met_coal,NY,2021,5.826273168
int_met_coal,NY,2022,5.826273168
int_met_coal,NY,2023,5.826273168
int_met_coal,NY,2024,5.826273168
int_met_coal,NY,2025,5.696818524
int_met_coal,NY,2026,5.643896814
int_met_coal,NY,2027,5.612957968
int_met_coal,NY,2028,5.593417644
int_met_coal,NY,2029,5.593417644
int_met_coal,NY,2030,5.598302725
int_met_coal,NY,2031,5.607258707
int_met_coal,NY,2032,5.630869931
int_met_coal,NY,2033,5.634940832
int_met_coal,NY,2034,5.611329608
int_met_coal,NY,2035,5.633312472
int_met_coal,NY,2036,5.632498292
int_met_coal,NY,2037,5.630869931
int_met_coal,NY,2038,5.630055751
int_met_coal,NY,2039,5.614586328
int_met_coal,NY,2040,5.616214689
int_met_coal,NY,2041,5.597488545
int_met_coal,NY,2042,5.598302725
int_met_coal,NY,2043,5.593417644
int_met_coal,NY,2044,5.597488545
int_met_coal,NY,2045,5.609701247
int_met_coal,NY,2046,5.611329608
int_met_coal,NY,2047,5.608887067
int_met_coal,NY,2048,5.608072887
int_met_coal,NY,2049,5.611329608
int_met_coal,NY,2050,5.607258707
int_met_coal,VT,2010,6.144006972
int_met_coal,VT,2011,6.144006972
int_met_coal,VT,2012,6.144006972
int_met_coal,VT,2013,6.144006972
int_met_coal,VT,2014,6.144006972
int_met_coal,VT,2015,6.144006972
int_met_coal,VT,2016,6.144006972
int_met_coal,VT,2017,6.144006972
int_met_coal,VT,2018,6.144006972
int_met_coal,VT,2019,6.144006972
int_met_coal,VT,2020,6.144006972
int_met_coal,VT,2021,6.144006972
int_met_coal,VT,2022,6.144006972
int_met_coal,VT,2023,6.144006972
int_met_coal,VT,2024,6.144006972
int_met_coal,VT,2025,6.033889107
int_met_coal,VT,2026,5.986056023
int_met_coal,VT,2027,5.954506542
int_met_coal,VT,2028,5.932930768
int_met_coal,VT,2029,5.930081137
int_met_coal,VT,2030,5.931302407
int_met_coal,VT,2031,5.936594578
int_met_coal,VT,2032,5.956745537
int_met_coal,VT,2033,5.957559717
int_met_coal,VT,2034,5.932116588
int_met_coal,VT,2035,5.952878181
int_met_coal,VT,2036,5.953692362
int_met_coal,VT,2037,5.953285271
int_met_coal,VT,2038,5.953895907
int_met_coal,VT,2039,5.938630029
int_met_coal,VT,2040,5.939851299
int_met_coal,VT,2041,5.920718065
int_met_coal,VT,2042,5.921125155
int_met_coal,VT,2043,5.917054255
int_met_coal,VT,2044,5.922346426
int_met_coal,VT,2045,5.934966218
int_met_coal,VT,2046,5.938426484
int_met_coal,VT,2047,5.937408759
int_met_coal,VT,2048,5.936594578
int_met_coal,VT,2049,5.939851299
int_met_coal,VT,2050,5.937001668
int_met_coal,NH,2010,6.144006972
int_met_coal,NH,2011,6.144006972
int_met_coal,NH,2012,6.144006972
int_met_coal,NH,2013,6.144006972
int_met_coal,NH,2014,6.144006972
int_met_coal,NH,2015,6.144006972
int_met_coal,NH,2016,6.144006972
int_met_coal,NH,2017,6.144006972
int_met_coal,NH,2018,6.144006972
int_met_coal,NH,2019,6.144006972
int_met_coal,NH,2020,6.144006972
int_met_coal,NH,2021,6.144006972
int_met_coal,NH,2022,6.144006972
int_met_coal,NH,2023,6.144006972
int_met_coal,NH,2024,6.144006972
int_met_coal,NH,2025,6.033889107
int_met_coal,NH,2026,5.986056023
int_met_coal,NH,2027,5.954506542
int_met_coal,NH,2028,5.932930768
int_met_coal,NH,2029,5.930081137
int_met_coal,NH,2030,5.931302407
int_met_coal,NH,2031,5.936594578
int_met_coal,NH,2032,5.956745537
int_met_coal,NH,2033,5.957559717
int_met_coal,NH,2034,5.932116588
int_met_coal,NH,2035,5.952878181
int_met_coal,NH,2036,5.953692362
int_met_coal,NH,2037,5.953285271
int_met_coal,NH,2038,5.953895907
int_met_coal,NH,2039,5.938630029
int_met_coal,NH,2040,5.939851299
int_met_coal,NH,2041,5.920718065
int_met_coal,NH,2042,5.921125155
int_met_coal,NH,2043,5.917054255
int_met_coal,NH,2044,5.922346426
int_met_coal,NH,2045,5.934966218
int_met_coal,NH,2046,5.938426484
int_met_coal,NH,2047,5.937408759
int_met_coal,NH,2048,5.936594578
int_met_coal,NH,2049,5.939851299
int_met_coal,NH,2050,5.937001668
int_met_coal,MA,2010,6.144006972
int_met_coal,MA,2011,6.144006972
int_met_coal,MA,2012,6.144006972
int_met_coal,MA,2013,6.144006972
int_met_coal,MA,2014,6.144006972
int_met_coal,MA,2015,6.144006972
int_met_coal,MA,2016,6.144006972
int_met_coal,MA,2017,6.144006972
int_met_coal,MA,2018,6.144006972
int_met_coal,MA,2019,6.144006972
int_met_coal,MA,2020,6.144006972
int_met_coal,MA,2021,6.144006972
int_met_coal,MA,2022,6.144006972
int_met_coal,MA,2023,6.144006972
int_met_coal,MA,2024,6.144006972
int_met_coal,MA,2025,6.033889107
int_met_coal,MA,2026,5.986056023
int_met_coal,MA,2027,5.954506542
int_met_coal,MA,2028,5.932930768
int_met_coal,MA,2029,5.930081137
int_met_coal,MA,2030,5.931302407
int_met_coal,MA,2031,5.936594578
int_met_coal,MA,2032,5.956745537
int_met_coal,MA,2033,5.957559717
int_met_coal,MA,2034,5.932116588
int_met_coal,MA,2035,5.952878181
int_met_coal,MA,2036,5.953692362
int_met_coal,MA,2037,5.953285271
int_met_coal,MA,2038,5.953895907
int_met_coal,MA,2039,5.938630029
int_met_coal,MA,2040,5.939851299
int_met_coal,MA,2041,5.920718065
int_met_coal,MA,2042,5.921125155
int_met_coal,MA,2043,5.917054255
int_met_coal,MA,2044,5.922346426
int_met_coal,MA,2045,5.934966218
int_met_coal,MA,2046,5.938426484
int_met_coal,MA,2047,5.937408759
int_met_coal,MA,2048,5.936594578
int_met_coal,MA,2049,5.939851299
int_met_coal,MA,2050,5.937001668
int_met_coal,CT,2010,6.144006972
int_met_coal,CT,2011,6.144006972
int_met_coal,CT,2012,6.144006972
int_met_coal,CT,2013,6.144006972
int_met_coal,CT,2014,6.144006972
int_met_coal,CT,2015,6.144006972
int_met_coal,CT,2016,6.144006972
int_met_coal,CT,2017,6.144006972
int_met_coal,CT,2018,6.144006972
int_met_coal,CT,2019,6.144006972
int_met_coal,CT,2020,6.144006972
int_met_coal,CT,2021,6.144006972
int_met_coal,CT,2022,6.144006972
int_met_coal,CT,2023,6.144006972
int_met_coal,CT,2024,6.144006972
int_met_coal,CT,2025,6.033889107
int_met_coal,CT,2026,5.986056023
int_met_coal,CT,2027,5.954506542
int_met_coal,CT,2028,5.932930768
int_met_coal,CT,2029,5.930081137
int_met_coal,CT,2030,5.931302407
int_met_coal,CT,2031,5.936594578
int_met_coal,CT,2032,5.956745537
int_met_coal,CT,2033,5.957559717
int_met_coal,CT,2034,5.932116588
int_met_coal,CT,2035,5.952878181
int_met_coal,CT,2036,5.953692362
int_met_coal,CT,2037,5.953285271
int_met_coal,CT,2038,5.953895907
int_met_coal,CT,2039,5.938630029
int_met_coal,CT,2040,5.939851299
int_met_coal,CT,2041,5.920718065
int_met_coal,CT,2042,5.921125155
int_met_coal,CT,2043,5.917054255
int_met_coal,CT,2044,5.922346426
int_met_coal,CT,2045,5.934966218
int_met_coal,CT,2046,5.938426484
int_met_coal,CT,2047,5.937408759
int_met_coal,CT,2048,5.936594578
int_met_coal,CT,2049,5.939851299
int_met_coal,CT,2050,5.937001668
int_met_coal,RI,2010,6.144006972
int_met_coal,RI,2011,6.144006972
int_met_coal,RI,2012,6.144006972
int_met_coal,RI,2013,6.144006972
int_met_coal,RI,2014,6.144006972
int_met_coal,RI,2015,6.144006972
int_met_coal,RI,2016,6.144006972
int_met_coal,RI,2017,6.144006972
int_met_coal,RI,2018,6.144006972
int_met_coal,RI,2019,6.144006972
int_met_coal,RI,2020,6.144006972
int_met_coal,RI,2021,6.144006972
int_met_coal,RI,2022,6.144006972
int_met_coal,RI,2023,6.144006972
int_met_coal,RI,2024,6.144006972
int_met_coal,RI,2025,6.033889107
int_met_coal,RI,2026,5.986056023
int_met_coal,RI,2027,5.954506542
int_met_coal,RI,2028,5.932930768
int_met_coal,RI,2029,5.930081137
int_met_coal,RI,2030,5.931302407
int_met_coal,RI,2031,5.936594578
int_met_coal,RI,2032,5.956745537
int_met_coal,RI,2033,5.957559717
int_met_coal,RI,2034,5.932116588
int_met_coal,RI,2035,5.952878181
int_met_coal,RI,2036,5.953692362
int_met_coal,RI,2037,5.953285271
int_met_coal,RI,2038,5.953895907
int_met_coal,RI,2039,5.938630029
int_met_coal,RI,2040,5.939851299
int_met_coal,RI,2041,5.920718065
int_met_coal,RI,2042,5.921125155
int_met_coal,RI,2043,5.917054255
int_met_coal,RI,2044,5.922346426
int_met_coal,RI,2045,5.934966218
int_met_coal,RI,2046,5.938426484
int_met_coal,RI,2047,5.937408759
int_met_coal,RI,2048,5.936594578
int_met_coal,RI,2049,5.939851299
int_met_coal,RI,2050,5.937001668
int_met_coal,ME,2010,6.144006972
int_met_coal,ME,2011,6.144006972
int_met_coal,ME,2012,6.144006972
int_met_coal,ME,2013,6.144006972
int_met_coal,ME,2014,6.144006972
int_met_coal,ME,2015,6.144006972
int_met_coal,ME,2016,6.144006972
int_met_coal,ME,2017,6.144006972
int_met_coal,ME,2018,6.144006972
int_met_coal,ME,2019,6.144006972
int_met_coal,ME,2020,6.144006972
int_met_coal,ME,2021,6.144006972
int_met_coal,ME,2022,6.144006972
int_met_coal,ME,2023,6.144006972
int_met_coal,ME,2024,6.144006972
int_met_coal,ME,2025,6.033889107
int_met_coal,ME,2026,5.986056023
int_met_coal,ME,2027,5.954506542
int_met_coal,ME,2028,5.932930768
int_met_coal,ME,2029,5.930081137
int_met_coal,ME,2030,5.931302407
int_met_coal,ME,2031,5.936594578
int_met_coal,ME,2032,5.956745537
int_met_coal,ME,2033,5.957559717
int_met_coal,ME,2034,5.932116588
int_met_coal,ME,2035,5.952878181
int_met_coal,ME,2036,5.953692362
int_met_coal,ME,2037,5.953285271
int_met_coal,ME,2038,5.953895907
int_met_coal,ME,2039,5.938630029
int_met_coal,ME,2040,5.939851299
int_met_coal,ME,2041,5.920718065
int_met_coal,ME,2042,5.921125155
int_met_coal,ME,2043,5.917054255
int_met_coal,ME,2044,5.922346426
int_met_coal,ME,2045,5.934966218
int_met_coal,ME,2046,5.938426484
int_met_coal,ME,2047,5.937408759
int_met_coal,ME,2048,5.936594578
int_met_coal,ME,2049,5.939851299
int_met_coal,ME,2050,5.937001668
int_met_coal,voluntary,2010,6.120582331
int_met_coal,voluntary,2011,6.120582331
int_met_coal,voluntary,2012,6.120582331
int_met_coal,voluntary,2013,6.120582331
int_met_coal,voluntary,2014,6.120582331
int_met_coal,voluntary,2015,6.120582331
int_met_coal,voluntary,2016,6.120582331
int_met_coal,voluntary,2017,6.120582331
int_met_coal,voluntary,2018,6.120582331
int_met_coal,voluntary,2019,6.120582331
int_met_coal,voluntary,2020,6.120582331
int_met_coal,voluntary,2021,6.120582331
int_met_coal,voluntary,2022,6.120582331
int_met_coal,voluntary,2023,6.120582331
int_met_coal,voluntary,2024,6.120582331
int_met_coal,voluntary,2025,6.009056612
int_met_coal,voluntary,2026,5.9608334
int_met_coal,voluntary,2027,5.929300881
int_met_coal,voluntary,2028,5.907843842
int_met_coal,voluntary,2029,5.905316491
int_met_coal,voluntary,2030,5.90677523
int_met_coal,voluntary,2031,5.91230487
int_met_coal,voluntary,2032,5.932744185
int_met_coal,voluntary,2033,5.933727986
int_met_coal,voluntary,2034,5.908454477
int_met_coal,voluntary,2035,5.929317843
int_met_coal,voluntary,2036,5.930013289
int_met_coal,voluntary,2037,5.92945354
int_met_coal,voluntary,2038,5.930013289
int_met_coal,voluntary,2039,5.914730449
int_met_coal,voluntary,2040,5.915968681
int_met_coal,voluntary,2041,5.89685241
int_met_coal,voluntary,2042,5.897327348
int_met_coal,voluntary,2043,5.893120751
int_met_coal,voluntary,2044,5.898412922
int_met_coal,voluntary,2045,5.910964866
int_met_coal,voluntary,2046,5.91425551
int_met_coal,voluntary,2047,5.913186899
int_met_coal,voluntary,2048,5.91230487
int_met_coal,voluntary,2049,5.915561591
int_met_coal,voluntary,2050,5.912610188
int_coke,id,2010,6.087787833
int_coke,id,2011,6.087787833
int_coke,id,2012,6.087787833
int_coke,id,2013,6.087787833
int_coke,id,2014,6.087787833
int_coke,id,2015,6.087787833
int_coke,id,2016,6.087787833
int_coke,id,2017,6.087787833
int_coke,id,2018,6.087787833
int_coke,id,2019,6.087787833
int_coke,id,2020,6.087787833
int_coke,id,2021,6.087787833
int_coke,id,2022,6.087787833
int_coke,id,2023,6.087787833
int_coke,id,2024,6.087787833
int_coke,id,2025,5.974291119
int_coke,id,2026,5.925521728
int_coke,id,2027,5.894012956
int_coke,id,2028,5.872722145
int_coke,id,2029,5.870645986
int_coke,id,2030,5.872437182
int_coke,id,2031,5.878299279
int_coke,id,2032,5.899142291
int_coke,id,2033,5.900363562
int_coke,id,2034,5.875327522
int_coke,id,2035,5.89633337
int_coke,id,2036,5.896862587
int_coke,id,2037,5.896089116
int_coke,id,2038,5.896577624
int_coke,id,2039,5.881271037
int_coke,id,2040,5.882533016
int_coke,id,2041,5.863440492
int_coke,id,2042,5.864010418
int_coke,id,2043,5.859613845
int_coke,id,2044,5.864906016
int_coke,id,2045,5.877362972
int_coke,id,2046,5.880416148
int_coke,id,2047,5.879276296
int_coke,id,2048,5.878299279
int_coke,id,2049,5.881556
int_coke,id,2050,5.878462115
int_coke,WA,2010,6.087787833
int_coke,WA,2011,6.087787833
int_coke,WA,2012,6.087787833
int_coke,WA,2013,6.087787833
int_coke,WA,2014,6.087787833
int_coke,WA,2015,6.087787833
int_coke,WA,2016,6.087787833
int_coke,WA,2017,6.087787833
int_coke,WA,2018,6.087787833
int_coke,WA,2019,6.087787833
int_coke,WA,2020,6.087787833
int_coke,WA,2021,6.087787833
int_coke,WA,2022,6.087787833
int_coke,WA,2023,6.087787833
int_coke,WA,2024,6.087787833
int_coke,WA,2025,5.974291119
int_coke,WA,2026,5.925521728
int_coke,WA,2027,5.894012956
int_coke,WA,2028,5.872722145
int_coke,WA,2029,5.870645986
int_coke,WA,2030,5.872437182
int_coke,WA,2031,5.878299279
int_coke,WA,2032,5.899142291
int_coke,WA,2033,5.900363562
int_coke,WA,2034,5.875327522
int_coke,WA,2035,5.89633337
int_coke,WA,2036,5.896862587
int_coke,WA,2037,5.896089116
int_coke,WA,2038,5.896577624
int_coke,WA,2039,5.881271037
int_coke,WA,2040,5.882533016
int_coke,WA,2041,5.863440492
int_coke,WA,2042,5.864010418
int_coke,WA,2043,5.859613845
int_coke,WA,2044,5.864906016
int_coke,WA,2045,5.877362972
int_coke,WA,2046,5.880416148
int_coke,WA,2047,5.879276296
int_coke,WA,2048,5.878299279
int_coke,WA,2049,5.881556
int_coke,WA,2050,5.878462115
int_coke,OR,2010,6.087787833
int_coke,OR,2011,6.087787833
int_coke,OR,2012,6.087787833
int_coke,OR,2013,6.087787833
int_coke,OR,2014,6.087787833
int_coke,OR,2015,6.087787833
int_coke,OR,2016,6.087787833
int_coke,OR,2017,6.087787833
int_coke,OR,2018,6.087787833
int_coke,OR,2019,6.087787833
int_coke,OR,2020,6.087787833
int_coke,OR,2021,6.087787833
int_coke,OR,2022,6.087787833
int_coke,OR,2023,6.087787833
int_coke,OR,2024,6.087787833
int_coke,OR,2025,5.974291119
int_coke,OR,2026,5.925521728
int_coke,OR,2027,5.894012956
int_coke,OR,2028,5.872722145
int_coke,OR,2029,5.870645986
int_coke,OR,2030,5.872437182
int_coke,OR,2031,5.878299279
int_coke,OR,2032,5.899142291
int_coke,OR,2033,5.900363562
int_coke,OR,2034,5.875327522
int_coke,OR,2035,5.89633337
int_coke,OR,2036,5.896862587
int_coke,OR,2037,5.896089116
int_coke,OR,2038,5.896577624
int_coke,OR,2039,5.881271037
int_coke,OR,2040,5.882533016
int_coke,OR,2041,5.863440492
int_coke,OR,2042,5.864010418
int_coke,OR,2043,5.859613845
int_coke,OR,2044,5.864906016
int_coke,OR,2045,5.877362972
int_coke,OR,2046,5.880416148
int_coke,OR,2047,5.879276296
int_coke,OR,2048,5.878299279
int_coke,OR,2049,5.881556
int_coke,OR,2050,5.878462115
int_coke,CA,2010,6.087787833
int_coke,CA,2011,6.087787833
int_coke,CA,2012,6.087787833
int_coke,CA,2013,6.087787833
int_coke,CA,2014,6.087787833
int_coke,CA,2015,6.087787833
int_coke,CA,2016,6.087787833
int_coke,CA,2017,6.087787833
int_coke,CA,2018,6.087787833
int_coke,CA,2019,6.087787833
int_coke,CA,2020,6.087787833
int_coke,CA,2021,6.087787833
int_coke,CA,2022,6.087787833
int_coke,CA,2023,6.087787833
int_coke,CA,2024,6.087787833
int_coke,CA,2025,5.974291119
int_coke,CA,2026,5.925521728
int_coke,CA,2027,5.894012956
int_coke,CA,2028,5.872722145
int_coke,CA,2029,5.870645986
int_coke,CA,2030,5.872437182
int_coke,CA,2031,5.878299279
int_coke,CA,2032,5.899142291
int_coke,CA,2033,5.900363562
int_coke,CA,2034,5.875327522
int_coke,CA,2035,5.89633337
int_coke,CA,2036,5.896862587
int_coke,CA,2037,5.896089116
int_coke,CA,2038,5.896577624
int_coke,CA,2039,5.881271037
int_coke,CA,2040,5.882533016
int_coke,CA,2041,5.863440492
int_coke,CA,2042,5.864010418
int_coke,CA,2043,5.859613845
int_coke,CA,2044,5.864906016
int_coke,CA,2045,5.877362972
int_coke,CA,2046,5.880416148
int_coke,CA,2047,5.879276296
int_coke,CA,2048,5.878299279
int_coke,CA,2049,5.881556
int_coke,CA,2050,5.878462115
int_coke,NV,2010,6.087787833
int_coke,NV,2011,6.087787833
int_coke,NV,2012,6.087787833
int_coke,NV,2013,6.087787833
int_coke,NV,2014,6.087787833
int_coke,NV,2015,6.087787833
int_coke,NV,2016,6.087787833
int_coke,NV,2017,6.087787833
int_coke,NV,2018,6.087787833
int_coke,NV,2019,6.087787833
int_coke,NV,2020,6.087787833
int_coke,NV,2021,6.087787833
int_coke,NV,2022,6.087787833
int_coke,NV,2023,6.087787833
int_coke,NV,2024,6.087787833
int_coke,NV,2025,5.974291119
int_coke,NV,2026,5.925521728
int_coke,NV,2027,5.894012956
int_coke,NV,2028,5.872722145
int_coke,NV,2029,5.870645986
int_coke,NV,2030,5.872437182
int_coke,NV,2031,5.878299279
int_coke,NV,2032,5.899142291
int_coke,NV,2033,5.900363562
int_coke,NV,2034,5.875327522
int_coke,NV,2035,5.89633337
int_coke,NV,2036,5.896862587
int_coke,NV,2037,5.896089116
int_coke,NV,2038,5.896577624
int_coke,NV,2039,5.881271037
int_coke,NV,2040,5.882533016
int_coke,NV,2041,5.863440492
int_coke,NV,2042,5.864010418
int_coke,NV,2043,5.859613845
int_coke,NV,2044,5.864906016
int_coke,NV,2045,5.877362972
int_coke,NV,2046,5.880416148
int_coke,NV,2047,5.879276296
int_coke,NV,2048,5.878299279
int_coke,NV,2049,5.881556
int_coke,NV,2050,5.878462115
int_coke,MT,2010,6.087787833
int_coke,MT,2011,6.087787833
int_coke,MT,2012,6.087787833
int_coke,MT,2013,6.087787833
int_coke,MT,2014,6.087787833
int_coke,MT,2015,6.087787833
int_coke,MT,2016,6.087787833
int_coke,MT,2017,6.087787833
int_coke,MT,2018,6.087787833
int_coke,MT,2019,6.087787833
int_coke,MT,2020,6.087787833
int_coke,MT,2021,6.087787833
int_coke,MT,2022,6.087787833
int_coke,MT,2023,6.087787833
int_coke,MT,2024,6.087787833
int_coke,MT,2025,5.974291119
int_coke,MT,2026,5.925521728
int_coke,MT,2027,5.894012956
int_coke,MT,2028,5.872722145
int_coke,MT,2029,5.870645986
int_coke,MT,2030,5.872437182
int_coke,MT,2031,5.878299279
int_coke,MT,2032,5.899142291
int_coke,MT,2033,5.900363562
int_coke,MT,2034,5.875327522
int_coke,MT,2035,5.89633337
int_coke,MT,2036,5.896862587
int_coke,MT,2037,5.896089116
int_coke,MT,2038,5.896577624
int_coke,MT,2039,5.881271037
int_coke,MT,2040,5.882533016
int_coke,MT,2041,5.863440492
int_coke,MT,2042,5.864010418
int_coke,MT,2043,5.859613845
int_coke,MT,2044,5.864906016
int_coke,MT,2045,5.877362972
int_coke,MT,2046,5.880416148
int_coke,MT,2047,5.879276296
int_coke,MT,2048,5.878299279
int_coke,MT,2049,5.881556
int_coke,MT,2050,5.878462115
int_coke,WY,2010,6.087787833
int_coke,WY,2011,6.087787833
int_coke,WY,2012,6.087787833
int_coke,WY,2013,6.087787833
int_coke,WY,2014,6.087787833
int_coke,WY,2015,6.087787833
int_coke,WY,2016,6.087787833
int_coke,WY,2017,6.087787833
int_coke,WY,2018,6.087787833
int_coke,WY,2019,6.087787833
int_coke,WY,2020,6.087787833
int_coke,WY,2021,6.087787833
int_coke,WY,2022,6.087787833
int_coke,WY,2023,6.087787833
int_coke,WY,2024,6.087787833
int_coke,WY,2025,5.974291119
int_coke,WY,2026,5.925521728
int_coke,WY,2027,5.894012956
int_coke,WY,2028,5.872722145
int_coke,WY,2029,5.870645986
int_coke,WY,2030,5.872437182
int_coke,WY,2031,5.878299279
int_coke,WY,2032,5.899142291
int_coke,WY,2033,5.900363562
int_coke,WY,2034,5.875327522
int_coke,WY,2035,5.89633337
int_coke,WY,2036,5.896862587
int_coke,WY,2037,5.896089116
int_coke,WY,2038,5.896577624
int_coke,WY,2039,5.881271037
int_coke,WY,2040,5.882533016
int_coke,WY,2041,5.863440492
int_coke,WY,2042,5.864010418
int_coke,WY,2043,5.859613845
int_coke,WY,2044,5.864906016
int_coke,WY,2045,5.877362972
int_coke,WY,2046,5.880416148
int_coke,WY,2047,5.879276296
int_coke,WY,2048,5.878299279
int_coke,WY,2049,5.881556
int_coke,WY,2050,5.878462115
int_coke,UT,2010,6.087787833
int_coke,UT,2011,6.087787833
int_coke,UT,2012,6.087787833
int_coke,UT,2013,6.087787833
int_coke,UT,2014,6.087787833
int_coke,UT,2015,6.087787833
int_coke,UT,2016,6.087787833
int_coke,UT,2017,6.087787833
int_coke,UT,2018,6.087787833
int_coke,UT,2019,6.087787833
int_coke,UT,2020,6.087787833
int_coke,UT,2021,6.087787833
int_coke,UT,2022,6.087787833
int_coke,UT,2023,6.087787833
int_coke,UT,2024,6.087787833
int_coke,UT,2025,5.974291119
int_coke,UT,2026,5.925521728
int_coke,UT,2027,5.894012956
int_coke,UT,2028,5.872722145
int_coke,UT,2029,5.870645986
int_coke,UT,2030,5.872437182
int_coke,UT,2031,5.878299279
int_coke,UT,2032,5.899142291
int_coke,UT,2033,5.900363562
int_coke,UT,2034,5.875327522
int_coke,UT,2035,5.89633337
int_coke,UT,2036,5.896862587
int_coke,UT,2037,5.896089116
int_coke,UT,2038,5.896577624
int_coke,UT,2039,5.881271037
int_coke,UT,2040,5.882533016
int_coke,UT,2041,5.863440492
int_coke,UT,2042,5.864010418
int_coke,UT,2043,5.859613845
int_coke,UT,2044,5.864906016
int_coke,UT,2045,5.877362972
int_coke,UT,2046,5.880416148
int_coke,UT,2047,5.879276296
int_coke,UT,2048,5.878299279
int_coke,UT,2049,5.881556
int_coke,UT,2050,5.878462115
int_coke,AZ,2010,6.087787833
int_coke,AZ,2011,6.087787833
int_coke,AZ,2012,6.087787833
int_coke,AZ,2013,6.087787833
int_coke,AZ,2014,6.087787833
int_coke,AZ,2015,6.087787833
int_coke,AZ,2016,6.087787833
int_coke,AZ,2017,6.087787833
int_coke,AZ,2018,6.087787833
int_coke,AZ,2019,6.087787833
int_coke,AZ,2020,6.087787833
int_coke,AZ,2021,6.087787833
int_coke,AZ,2022,6.087787833
int_coke,AZ,2023,6.087787833
int_coke,AZ,2024,6.087787833
int_coke,AZ,2025,5.974291119
int_coke,AZ,2026,5.925521728
int_coke,AZ,2027,5.894012956
int_coke,AZ,2028,5.872722145
int_coke,AZ,2029,5.870645986
int_coke,AZ,2030,5.872437182
int_coke,AZ,2031,5.878299279
int_coke,AZ,2032,5.899142291
int_coke,AZ,2033,5.900363562
int_coke,AZ,2034,5.875327522
int_coke,AZ,2035,5.89633337
int_coke,AZ,2036,5.896862587
int_coke,AZ,2037,5.896089116
int_coke,AZ,2038,5.896577624
int_coke,AZ,2039,5.881271037
int_coke,AZ,2040,5.882533016
int_coke,AZ,2041,5.863440492
int_coke,AZ,2042,5.864010418
int_coke,AZ,2043,5.859613845
int_coke,AZ,2044,5.864906016
int_coke,AZ,2045,5.877362972
int_coke,AZ,2046,5.880416148
int_coke,AZ,2047,5.879276296
int_coke,AZ,2048,5.878299279
int_coke,AZ,2049,5.881556
int_coke,AZ,2050,5.878462115
int_coke,NM,2010,6.087787833
int_coke,NM,2011,6.087787833
int_coke,NM,2012,6.087787833
int_coke,NM,2013,6.087787833
int_coke,NM,2014,6.087787833
int_coke,NM,2015,6.087787833
int_coke,NM,2016,6.087787833
int_coke,NM,2017,6.087787833
int_coke,NM,2018,6.087787833
int_coke,NM,2019,6.087787833
int_coke,NM,2020,6.087787833
int_coke,NM,2021,6.087787833
int_coke,NM,2022,6.087787833
int_coke,NM,2023,6.087787833
int_coke,NM,2024,6.087787833
int_coke,NM,2025,5.974291119
int_coke,NM,2026,5.925521728
int_coke,NM,2027,5.894012956
int_coke,NM,2028,5.872722145
int_coke,NM,2029,5.870645986
int_coke,NM,2030,5.872437182
int_coke,NM,2031,5.878299279
int_coke,NM,2032,5.899142291
int_coke,NM,2033,5.900363562
int_coke,NM,2034,5.875327522
int_coke,NM,2035,5.89633337
int_coke,NM,2036,5.896862587
int_coke,NM,2037,5.896089116
int_coke,NM,2038,5.896577624
int_coke,NM,2039,5.881271037
int_coke,NM,2040,5.882533016
int_coke,NM,2041,5.863440492
int_coke,NM,2042,5.864010418
int_coke,NM,2043,5.859613845
int_coke,NM,2044,5.864906016
int_coke,NM,2045,5.877362972
int_coke,NM,2046,5.880416148
int_coke,NM,2047,5.879276296
int_coke,NM,2048,5.878299279
int_coke,NM,2049,5.881556
int_coke,NM,2050,5.878462115
int_coke,SD,2010,6.087787833
int_coke,SD,2011,6.087787833
int_coke,SD,2012,6.087787833
int_coke,SD,2013,6.087787833
int_coke,SD,2014,6.087787833
int_coke,SD,2015,6.087787833
int_coke,SD,2016,6.087787833
int_coke,SD,2017,6.087787833
int_coke,SD,2018,6.087787833
int_coke,SD,2019,6.087787833
int_coke,SD,2020,6.087787833
int_coke,SD,2021,6.087787833
int_coke,SD,2022,6.087787833
int_coke,SD,2023,6.087787833
int_coke,SD,2024,6.087787833
int_coke,SD,2025,5.974291119
int_coke,SD,2026,5.925521728
int_coke,SD,2027,5.894012956
int_coke,SD,2028,5.872722145
int_coke,SD,2029,5.870645986
int_coke,SD,2030,5.872437182
int_coke,SD,2031,5.878299279
int_coke,SD,2032,5.899142291
int_coke,SD,2033,5.900363562
int_coke,SD,2034,5.875327522
int_coke,SD,2035,5.89633337
int_coke,SD,2036,5.896862587
int_coke,SD,2037,5.896089116
int_coke,SD,2038,5.896577624
int_coke,SD,2039,5.881271037
int_coke,SD,2040,5.882533016
int_coke,SD,2041,5.863440492
int_coke,SD,2042,5.864010418
int_coke,SD,2043,5.859613845
int_coke,SD,2044,5.864906016
int_coke,SD,2045,5.877362972
int_coke,SD,2046,5.880416148
int_coke,SD,2047,5.879276296
int_coke,SD,2048,5.878299279
int_coke,SD,2049,5.881556
int_coke,SD,2050,5.878462115
int_coke,CO,2010,6.087787833
int_coke,CO,2011,6.087787833
int_coke,CO,2012,6.087787833
int_coke,CO,2013,6.087787833
int_coke,CO,2014,6.087787833
int_coke,CO,2015,6.087787833
int_coke,CO,2016,6.087787833
int_coke,CO,2017,6.087787833
int_coke,CO,2018,6.087787833
int_coke,CO,2019,6.087787833
int_coke,CO,2020,6.087787833
int_coke,CO,2021,6.087787833
int_coke,CO,2022,6.087787833
int_coke,CO,2023,6.087787833
int_coke,CO,2024,6.087787833
int_coke,CO,2025,5.974291119
int_coke,CO,2026,5.925521728
int_coke,CO,2027,5.894012956
int_coke,CO,2028,5.872722145
int_coke,CO,2029,5.870645986
int_coke,CO,2030,5.872437182
int_coke,CO,2031,5.878299279
int_coke,CO,2032,5.899142291
int_coke,CO,2033,5.900363562
int_coke,CO,2034,5.875327522
int_coke,CO,2035,5.89633337
int_coke,CO,2036,5.896862587
int_coke,CO,2037,5.896089116
int_coke,CO,2038,5.896577624
int_coke,CO,2039,5.881271037
int_coke,CO,2040,5.882533016
int_coke,CO,2041,5.863440492
int_coke,CO,2042,5.864010418
int_coke,CO,2043,5.859613845
int_coke,CO,2044,5.864906016
int_coke,CO,2045,5.877362972
int_coke,CO,2046,5.880416148
int_coke,CO,2047,5.879276296
int_coke,CO,2048,5.878299279
int_coke,CO,2049,5.881556
int_coke,CO,2050,5.878462115
int_coke,ND,2010,6.087787833
int_coke,ND,2011,6.087787833
int_coke,ND,2012,6.087787833
int_coke,ND,2013,6.087787833
int_coke,ND,2014,6.087787833
int_coke,ND,2015,6.087787833
int_coke,ND,2016,6.087787833
int_coke,ND,2017,6.087787833
int_coke,ND,2018,6.087787833
int_coke,ND,2019,6.087787833
int_coke,ND,2020,6.087787833
int_coke,ND,2021,6.087787833
int_coke,ND,2022,6.087787833
int_coke,ND,2023,6.087787833
int_coke,ND,2024,6.087787833
int_coke,ND,2025,5.974291119
int_coke,ND,2026,5.925521728
int_coke,ND,2027,5.894012956
int_coke,ND,2028,5.872722145
int_coke,ND,2029,5.870645986
int_coke,ND,2030,5.872437182
int_coke,ND,2031,5.878299279
int_coke,ND,2032,5.899142291
int_coke,ND,2033,5.900363562
int_coke,ND,2034,5.875327522
int_coke,ND,2035,5.89633337
int_coke,ND,2036,5.896862587
int_coke,ND,2037,5.896089116
int_coke,ND,2038,5.896577624
int_coke,ND,2039,5.881271037
int_coke,ND,2040,5.882533016
int_coke,ND,2041,5.863440492
int_coke,ND,2042,5.864010418
int_coke,ND,2043,5.859613845
int_coke,ND,2044,5.864906016
int_coke,ND,2045,5.877362972
int_coke,ND,2046,5.880416148
int_coke,ND,2047,5.879276296
int_coke,ND,2048,5.878299279
int_coke,ND,2049,5.881556
int_coke,ND,2050,5.878462115
int_coke,NE,2010,6.087787833
int_coke,NE,2011,6.087787833
int_coke,NE,2012,6.087787833
int_coke,NE,2013,6.087787833
int_coke,NE,2014,6.087787833
int_coke,NE,2015,6.087787833
int_coke,NE,2016,6.087787833
int_coke,NE,2017,6.087787833
int_coke,NE,2018,6.087787833
int_coke,NE,2019,6.087787833
int_coke,NE,2020,6.087787833
int_coke,NE,2021,6.087787833
int_coke,NE,2022,6.087787833
int_coke,NE,2023,6.087787833
int_coke,NE,2024,6.087787833
int_coke,NE,2025,5.974291119
int_coke,NE,2026,5.925521728
int_coke,NE,2027,5.894012956
int_coke,NE,2028,5.872722145
int_coke,NE,2029,5.870645986
int_coke,NE,2030,5.872437182
int_coke,NE,2031,5.878299279
int_coke,NE,2032,5.899142291
int_coke,NE,2033,5.900363562
int_coke,NE,2034,5.875327522
int_coke,NE,2035,5.89633337
int_coke,NE,2036,5.896862587
int_coke,NE,2037,5.896089116
int_coke,NE,2038,5.896577624
int_coke,NE,2039,5.881271037
int_coke,NE,2040,5.882533016
int_coke,NE,2041,5.863440492
int_coke,NE,2042,5.864010418
int_coke,NE,2043,5.859613845
int_coke,NE,2044,5.864906016
int_coke,NE,2045,5.877362972
int_coke,NE,2046,5.880416148
int_coke,NE,2047,5.879276296
int_coke,NE,2048,5.878299279
int_coke,NE,2049,5.881556
int_coke,NE,2050,5.878462115
int_coke,MN,2010,6.087787833
int_coke,MN,2011,6.087787833
int_coke,MN,2012,6.087787833
int_coke,MN,2013,6.087787833
int_coke,MN,2014,6.087787833
int_coke,MN,2015,6.087787833
int_coke,MN,2016,6.087787833
int_coke,MN,2017,6.087787833
int_coke,MN,2018,6.087787833
int_coke,MN,2019,6.087787833
int_coke,MN,2020,6.087787833
int_coke,MN,2021,6.087787833
int_coke,MN,2022,6.087787833
int_coke,MN,2023,6.087787833
int_coke,MN,2024,6.087787833
int_coke,MN,2025,5.974291119
int_coke,MN,2026,5.925521728
int_coke,MN,2027,5.894012956
int_coke,MN,2028,5.872722145
int_coke,MN,2029,5.870645986
int_coke,MN,2030,5.872437182
int_coke,MN,2031,5.878299279
int_coke,MN,2032,5.899142291
int_coke,MN,2033,5.900363562
int_coke,MN,2034,5.875327522
int_coke,MN,2035,5.89633337
int_coke,MN,2036,5.896862587
int_coke,MN,2037,5.896089116
int_coke,MN,2038,5.896577624
int_coke,MN,2039,5.881271037
int_coke,MN,2040,5.882533016
int_coke,MN,2041,5.863440492
int_coke,MN,2042,5.864010418
int_coke,MN,2043,5.859613845
int_coke,MN,2044,5.864906016
int_coke,MN,2045,5.877362972
int_coke,MN,2046,5.880416148
int_coke,MN,2047,5.879276296
int_coke,MN,2048,5.878299279
int_coke,MN,2049,5.881556
int_coke,MN,2050,5.878462115
int_coke,IA,2010,6.087787833
int_coke,IA,2011,6.087787833
int_coke,IA,2012,6.087787833
int_coke,IA,2013,6.087787833
int_coke,IA,2014,6.087787833
int_coke,IA,2015,6.087787833
int_coke,IA,2016,6.087787833
int_coke,IA,2017,6.087787833
int_coke,IA,2018,6.087787833
int_coke,IA,2019,6.087787833
int_coke,IA,2020,6.087787833
int_coke,IA,2021,6.087787833
int_coke,IA,2022,6.087787833
int_coke,IA,2023,6.087787833
int_coke,IA,2024,6.087787833
int_coke,IA,2025,5.974291119
int_coke,IA,2026,5.925521728
int_coke,IA,2027,5.894012956
int_coke,IA,2028,5.872722145
int_coke,IA,2029,5.870645986
int_coke,IA,2030,5.872437182
int_coke,IA,2031,5.878299279
int_coke,IA,2032,5.899142291
int_coke,IA,2033,5.900363562
int_coke,IA,2034,5.875327522
int_coke,IA,2035,5.89633337
int_coke,IA,2036,5.896862587
int_coke,IA,2037,5.896089116
int_coke,IA,2038,5.896577624
int_coke,IA,2039,5.881271037
int_coke,IA,2040,5.882533016
int_coke,IA,2041,5.863440492
int_coke,IA,2042,5.864010418
int_coke,IA,2043,5.859613845
int_coke,IA,2044,5.864906016
int_coke,IA,2045,5.877362972
int_coke,IA,2046,5.880416148
int_coke,IA,2047,5.879276296
int_coke,IA,2048,5.878299279
int_coke,IA,2049,5.881556
int_coke,IA,2050,5.878462115
int_coke,WI,2010,6.699074291
int_coke,WI,2011,6.699074291
int_coke,WI,2012,6.699074291
int_coke,WI,2013,6.699074291
int_coke,WI,2014,6.699074291
int_coke,WI,2015,6.699074291
int_coke,WI,2016,6.699074291
int_coke,WI,2017,6.699074291
int_coke,WI,2018,6.699074291
int_coke,WI,2019,6.699074291
int_coke,WI,2020,6.699074291
int_coke,WI,2021,6.699074291
int_coke,WI,2022,6.699074291
int_coke,WI,2023,6.699074291
int_coke,WI,2024,6.699074291
int_coke,WI,2025,6.621727176
int_coke,WI,2026,6.583460709
int_coke,WI,2027,6.550893503
int_coke,WI,2028,6.525653918
int_coke,WI,2029,6.516697937
int_coke,WI,2030,6.511812856
int_coke,WI,2031,6.510998676
int_coke,WI,2032,6.524839738
int_coke,WI,2033,6.520768837
int_coke,WI,2034,6.491458352
int_coke,WI,2035,6.510184495
int_coke,WI,2036,6.513441216
int_coke,WI,2037,6.515883756
int_coke,WI,2038,6.518326297
int_coke,WI,2039,6.502856874
int_coke,WI,2040,6.503671054
int_coke,WI,2041,6.484130731
int_coke,WI,2042,6.48331655
int_coke,WI,2043,6.48168819
int_coke,WI,2044,6.487387451
int_coke,WI,2045,6.501228514
int_coke,WI,2046,6.508556135
int_coke,WI,2047,6.509370315
int_coke,WI,2048,6.508556135
int_coke,WI,2049,6.511812856
int_coke,WI,2050,6.510998676
int_coke,TX,2010,6.087787833
int_coke,TX,2011,6.087787833
int_coke,TX,2012,6.087787833
int_coke,TX,2013,6.087787833
int_coke,TX,2014,6.087787833
int_coke,TX,2015,6.087787833
int_coke,TX,2016,6.087787833
int_coke,TX,2017,6.087787833
int_coke,TX,2018,6.087787833
int_coke,TX,2019,6.087787833
int_coke,TX,2020,6.087787833
int_coke,TX,2021,6.087787833
int_coke,TX,2022,6.087787833
int_coke,TX,2023,6.087787833
int_coke,TX,2024,6.087787833
int_coke,TX,2025,5.974291119
int_coke,TX,2026,5.925521728
int_coke,TX,2027,5.894012956
int_coke,TX,2028,5.872722145
int_coke,TX,2029,5.870645986
int_coke,TX,2030,5.872437182
int_coke,TX,2031,5.878299279
int_coke,TX,2032,5.899142291
int_coke,TX,2033,5.900363562
int_coke,TX,2034,5.875327522
int_coke,TX,2035,5.89633337
int_coke,TX,2036,5.896862587
int_coke,TX,2037,5.896089116
int_coke,TX,2038,5.896577624
int_coke,TX,2039,5.881271037
int_coke,TX,2040,5.882533016
int_coke,TX,2041,5.863440492
int_coke,TX,2042,5.864010418
int_coke,TX,2043,5.859613845
int_coke,TX,2044,5.864906016
int_coke,TX,2045,5.877362972
int_coke,TX,2046,5.880416148
int_coke,TX,2047,5.879276296
int_coke,TX,2048,5.878299279
int_coke,TX,2049,5.881556
int_coke,TX,2050,5.878462115
int_coke,OK,2010,6.087787833
int_coke,OK,2011,6.087787833
int_coke,OK,2012,6.087787833
int_coke,OK,2013,6.087787833
int_coke,OK,2014,6.087787833
int_coke,OK,2015,6.087787833
int_coke,OK,2016,6.087787833
int_coke,OK,2017,6.087787833
int_coke,OK,2018,6.087787833
int_coke,OK,2019,6.087787833
int_coke,OK,2020,6.087787833
int_coke,OK,2021,6.087787833
int_coke,OK,2022,6.087787833
int_coke,OK,2023,6.087787833
int_coke,OK,2024,6.087787833
int_coke,OK,2025,5.974291119
int_coke,OK,2026,5.925521728
int_coke,OK,2027,5.894012956
int_coke,OK,2028,5.872722145
int_coke,OK,2029,5.870645986
int_coke,OK,2030,5.872437182
int_coke,OK,2031,5.878299279
int_coke,OK,2032,5.899142291
int_coke,OK,2033,5.900363562
int_coke,OK,2034,5.875327522
int_coke,OK,2035,5.89633337
int_coke,OK,2036,5.896862587
int_coke,OK,2037,5.896089116
int_coke,OK,2038,5.896577624
int_coke,OK,2039,5.881271037
int_coke,OK,2040,5.882533016
int_coke,OK,2041,5.863440492
int_coke,OK,2042,5.864010418
int_coke,OK,2043,5.859613845
int_coke,OK,2044,5.864906016
int_coke,OK,2045,5.877362972
int_coke,OK,2046,5.880416148
int_coke,OK,2047,5.879276296
int_coke,OK,2048,5.878299279
int_coke,OK,2049,5.881556
int_coke,OK,2050,5.878462115
int_coke,KS,2010,6.087787833
int_coke,KS,2011,6.087787833
int_coke,KS,2012,6.087787833
int_coke,KS,2013,6.087787833
int_coke,KS,2014,6.087787833
int_coke,KS,2015,6.087787833
int_coke,KS,2016,6.087787833
int_coke,KS,2017,6.087787833
int_coke,KS,2018,6.087787833
int_coke,KS,2019,6.087787833
int_coke,KS,2020,6.087787833
int_coke,KS,2021,6.087787833
int_coke,KS,2022,6.087787833
int_coke,KS,2023,6.087787833
int_coke,KS,2024,6.087787833
int_coke,KS,2025,5.974291119
int_coke,KS,2026,5.925521728
int_coke,KS,2027,5.894012956
int_coke,KS,2028,5.872722145
int_coke,KS,2029,5.870645986
int_coke,KS,2030,5.872437182
int_coke,KS,2031,5.878299279
int_coke,KS,2032,5.899142291
int_coke,KS,2033,5.900363562
int_coke,KS,2034,5.875327522
int_coke,KS,2035,5.89633337
int_coke,KS,2036,5.896862587
int_coke,KS,2037,5.896089116
int_coke,KS,2038,5.896577624
int_coke,KS,2039,5.881271037
int_coke,KS,2040,5.882533016
int_coke,KS,2041,5.863440492
int_coke,KS,2042,5.864010418
int_coke,KS,2043,5.859613845
int_coke,KS,2044,5.864906016
int_coke,KS,2045,5.877362972
int_coke,KS,2046,5.880416148
int_coke,KS,2047,5.879276296
int_coke,KS,2048,5.878299279
int_coke,KS,2049,5.881556
int_coke,KS,2050,5.878462115
int_coke,MO,2010,6.087787833
int_coke,MO,2011,6.087787833
int_coke,MO,2012,6.087787833
int_coke,MO,2013,6.087787833
int_coke,MO,2014,6.087787833
int_coke,MO,2015,6.087787833
int_coke,MO,2016,6.087787833
int_coke,MO,2017,6.087787833
int_coke,MO,2018,6.087787833
int_coke,MO,2019,6.087787833
int_coke,MO,2020,6.087787833
int_coke,MO,2021,6.087787833
int_coke,MO,2022,6.087787833
int_coke,MO,2023,6.087787833
int_coke,MO,2024,6.087787833
int_coke,MO,2025,5.974291119
int_coke,MO,2026,5.925521728
int_coke,MO,2027,5.894012956
int_coke,MO,2028,5.872722145
int_coke,MO,2029,5.870645986
int_coke,MO,2030,5.872437182
int_coke,MO,2031,5.878299279
int_coke,MO,2032,5.899142291
int_coke,MO,2033,5.900363562
int_coke,MO,2034,5.875327522
int_coke,MO,2035,5.89633337
int_coke,MO,2036,5.896862587
int_coke,MO,2037,5.896089116
int_coke,MO,2038,5.896577624
int_coke,MO,2039,5.881271037
int_coke,MO,2040,5.882533016
int_coke,MO,2041,5.863440492
int_coke,MO,2042,5.864010418
int_coke,MO,2043,5.859613845
int_coke,MO,2044,5.864906016
int_coke,MO,2045,5.877362972
int_coke,MO,2046,5.880416148
int_coke,MO,2047,5.879276296
int_coke,MO,2048,5.878299279
int_coke,MO,2049,5.881556
int_coke,MO,2050,5.878462115
int_coke,AR,2010,6.087787833
int_coke,AR,2011,6.087787833
int_coke,AR,2012,6.087787833
int_coke,AR,2013,6.087787833
int_coke,AR,2014,6.087787833
int_coke,AR,2015,6.087787833
int_coke,AR,2016,6.087787833
int_coke,AR,2017,6.087787833
int_coke,AR,2018,6.087787833
int_coke,AR,2019,6.087787833
int_coke,AR,2020,6.087787833
int_coke,AR,2021,6.087787833
int_coke,AR,2022,6.087787833
int_coke,AR,2023,6.087787833
int_coke,AR,2024,6.087787833
int_coke,AR,2025,5.974291119
int_coke,AR,2026,5.925521728
int_coke,AR,2027,5.894012956
int_coke,AR,2028,5.872722145
int_coke,AR,2029,5.870645986
int_coke,AR,2030,5.872437182
int_coke,AR,2031,5.878299279
int_coke,AR,2032,5.899142291
int_coke,AR,2033,5.900363562
int_coke,AR,2034,5.875327522
int_coke,AR,2035,5.89633337
int_coke,AR,2036,5.896862587
int_coke,AR,2037,5.896089116
int_coke,AR,2038,5.896577624
int_coke,AR,2039,5.881271037
int_coke,AR,2040,5.882533016
int_coke,AR,2041,5.863440492
int_coke,AR,2042,5.864010418
int_coke,AR,2043,5.859613845
int_coke,AR,2044,5.864906016
int_coke,AR,2045,5.877362972
int_coke,AR,2046,5.880416148
int_coke,AR,2047,5.879276296
int_coke,AR,2048,5.878299279
int_coke,AR,2049,5.881556
int_coke,AR,2050,5.878462115
int_coke,LA,2010,6.087787833
int_coke,LA,2011,6.087787833
int_coke,LA,2012,6.087787833
int_coke,LA,2013,6.087787833
int_coke,LA,2014,6.087787833
int_coke,LA,2015,6.087787833
int_coke,LA,2016,6.087787833
int_coke,LA,2017,6.087787833
int_coke,LA,2018,6.087787833
int_coke,LA,2019,6.087787833
int_coke,LA,2020,6.087787833
int_coke,LA,2021,6.087787833
int_coke,LA,2022,6.087787833
int_coke,LA,2023,6.087787833
int_coke,LA,2024,6.087787833
int_coke,LA,2025,5.974291119
int_coke,LA,2026,5.925521728
int_coke,LA,2027,5.894012956
int_coke,LA,2028,5.872722145
int_coke,LA,2029,5.870645986
int_coke,LA,2030,5.872437182
int_coke,LA,2031,5.878299279
int_coke,LA,2032,5.899142291
int_coke,LA,2033,5.900363562
int_coke,LA,2034,5.875327522
int_coke,LA,2035,5.89633337
int_coke,LA,2036,5.896862587
int_coke,LA,2037,5.896089116
int_coke,LA,2038,5.896577624
int_coke,LA,2039,5.881271037
int_coke,LA,2040,5.882533016
int_coke,LA,2041,5.863440492
int_coke,LA,2042,5.864010418
int_coke,LA,2043,5.859613845
int_coke,LA,2044,5.864906016
int_coke,LA,2045,5.877362972
int_coke,LA,2046,5.880416148
int_coke,LA,2047,5.879276296
int_coke,LA,2048,5.878299279
int_coke,LA,2049,5.881556
int_coke,LA,2050,5.878462115
int_coke,MI,2010,6.699074291
int_coke,MI,2011,6.699074291
int_coke,MI,2012,6.699074291
int_coke,MI,2013,6.699074291
int_coke,MI,2014,6.699074291
int_coke,MI,2015,6.699074291
int_coke,MI,2016,6.699074291
int_coke,MI,2017,6.699074291
int_coke,MI,2018,6.699074291
int_coke,MI,2019,6.699074291
int_coke,MI,2020,6.699074291
int_coke,MI,2021,6.699074291
int_coke,MI,2022,6.699074291
int_coke,MI,2023,6.699074291
int_coke,MI,2024,6.699074291
int_coke,MI,2025,6.621727176
int_coke,MI,2026,6.583460709
int_coke,MI,2027,6.550893503
int_coke,MI,2028,6.525653918
int_coke,MI,2029,6.516697937
int_coke,MI,2030,6.511812856
int_coke,MI,2031,6.510998676
int_coke,MI,2032,6.524839738
int_coke,MI,2033,6.520768837
int_coke,MI,2034,6.491458352
int_coke,MI,2035,6.510184495
int_coke,MI,2036,6.513441216
int_coke,MI,2037,6.515883756
int_coke,MI,2038,6.518326297
int_coke,MI,2039,6.502856874
int_coke,MI,2040,6.503671054
int_coke,MI,2041,6.484130731
int_coke,MI,2042,6.48331655
int_coke,MI,2043,6.48168819
int_coke,MI,2044,6.487387451
int_coke,MI,2045,6.501228514
int_coke,MI,2046,6.508556135
int_coke,MI,2047,6.509370315
int_coke,MI,2048,6.508556135
int_coke,MI,2049,6.511812856
int_coke,MI,2050,6.510998676
int_coke,IL,2010,6.699074291
int_coke,IL,2011,6.699074291
int_coke,IL,2012,6.699074291
int_coke,IL,2013,6.699074291
int_coke,IL,2014,6.699074291
int_coke,IL,2015,6.699074291
int_coke,IL,2016,6.699074291
int_coke,IL,2017,6.699074291
int_coke,IL,2018,6.699074291
int_coke,IL,2019,6.699074291
int_coke,IL,2020,6.699074291
int_coke,IL,2021,6.699074291
int_coke,IL,2022,6.699074291
int_coke,IL,2023,6.699074291
int_coke,IL,2024,6.699074291
int_coke,IL,2025,6.621727176
int_coke,IL,2026,6.583460709
int_coke,IL,2027,6.550893503
int_coke,IL,2028,6.525653918
int_coke,IL,2029,6.516697937
int_coke,IL,2030,6.511812856
int_coke,IL,2031,6.510998676
int_coke,IL,2032,6.524839738
int_coke,IL,2033,6.520768837
int_coke,IL,2034,6.491458352
int_coke,IL,2035,6.510184495
int_coke,IL,2036,6.513441216
int_coke,IL,2037,6.515883756
int_coke,IL,2038,6.518326297
int_coke,IL,2039,6.502856874
int_coke,IL,2040,6.503671054
int_coke,IL,2041,6.484130731
int_coke,IL,2042,6.48331655
int_coke,IL,2043,6.48168819
int_coke,IL,2044,6.487387451
int_coke,IL,2045,6.501228514
int_coke,IL,2046,6.508556135
int_coke,IL,2047,6.509370315
int_coke,IL,2048,6.508556135
int_coke,IL,2049,6.511812856
int_coke,IL,2050,6.510998676
int_coke,MS,2010,6.405969436
int_coke,MS,2011,6.405969436
int_coke,MS,2012,6.405969436
int_coke,MS,2013,6.405969436
int_coke,MS,2014,6.405969436
int_coke,MS,2015,6.405969436
int_coke,MS,2016,6.405969436
int_coke,MS,2017,6.405969436
int_coke,MS,2018,6.405969436
int_coke,MS,2019,6.405969436
int_coke,MS,2020,6.405969436
int_coke,MS,2021,6.405969436
int_coke,MS,2022,6.405969436
int_coke,MS,2023,6.405969436
int_coke,MS,2024,6.405969436
int_coke,MS,2025,6.312338718
int_coke,MS,2026,6.26837299
int_coke,MS,2027,6.236619964
int_coke,MS,2028,6.21382292
int_coke,MS,2029,6.208123659
int_coke,MS,2030,6.206495299
int_coke,MS,2031,6.208937839
int_coke,MS,2032,6.226035622
int_coke,MS,2033,6.224407262
int_coke,MS,2034,6.197539317
int_coke,MS,2035,6.217079641
int_coke,MS,2036,6.219522181
int_coke,MS,2037,6.220336361
int_coke,MS,2038,6.221964722
int_coke,MS,2039,6.207309479
int_coke,MS,2040,6.208123659
int_coke,MS,2041,6.188583335
int_coke,MS,2042,6.188583335
int_coke,MS,2043,6.185326615
int_coke,MS,2044,6.191840056
int_coke,MS,2045,6.204866938
int_coke,MS,2046,6.209752019
int_coke,MS,2047,6.209752019
int_coke,MS,2048,6.209752019
int_coke,MS,2049,6.21300874
int_coke,MS,2050,6.21138038
int_coke,AL,2010,6.405969436
int_coke,AL,2011,6.405969436
int_coke,AL,2012,6.405969436
int_coke,AL,2013,6.405969436
int_coke,AL,2014,6.405969436
int_coke,AL,2015,6.405969436
int_coke,AL,2016,6.405969436
int_coke,AL,2017,6.405969436
int_coke,AL,2018,6.405969436
int_coke,AL,2019,6.405969436
int_coke,AL,2020,6.405969436
int_coke,AL,2021,6.405969436
int_coke,AL,2022,6.405969436
int_coke,AL,2023,6.405969436
int_coke,AL,2024,6.405969436
int_coke,AL,2025,6.312338718
int_coke,AL,2026,6.26837299
int_coke,AL,2027,6.236619964
int_coke,AL,2028,6.21382292
int_coke,AL,2029,6.208123659
int_coke,AL,2030,6.206495299
int_coke,AL,2031,6.208937839
int_coke,AL,2032,6.226035622
int_coke,AL,2033,6.224407262
int_coke,AL,2034,6.197539317
int_coke,AL,2035,6.217079641
int_coke,AL,2036,6.219522181
int_coke,AL,2037,6.220336361
int_coke,AL,2038,6.221964722
int_coke,AL,2039,6.207309479
int_coke,AL,2040,6.208123659
int_coke,AL,2041,6.188583335
int_coke,AL,2042,6.188583335
int_coke,AL,2043,6.185326615
int_coke,AL,2044,6.191840056
int_coke,AL,2045,6.204866938
int_coke,AL,2046,6.209752019
int_coke,AL,2047,6.209752019
int_coke,AL,2048,6.209752019
int_coke,AL,2049,6.21300874
int_coke,AL,2050,6.21138038
int_coke,FL,2010,5.644710994
int_coke,FL,2011,5.644710994
int_coke,FL,2012,5.644710994
int_coke,FL,2013,5.644710994
int_coke,FL,2014,5.644710994
int_coke,FL,2015,5.644710994
int_coke,FL,2016,5.644710994
int_coke,FL,2017,5.644710994
int_coke,FL,2018,5.644710994
int_coke,FL,2019,5.644710994
int_coke,FL,2020,5.644710994
int_coke,FL,2021,5.644710994
int_coke,FL,2022,5.644710994
int_coke,FL,2023,5.644710994
int_coke,FL,2024,5.644710994
int_coke,FL,2025,5.504672008
int_coke,FL,2026,5.448493577
int_coke,FL,2027,5.417554731
int_coke,FL,2028,5.398828588
int_coke,FL,2029,5.402085309
int_coke,FL,2030,5.40859875
int_coke,FL,2031,5.419183092
int_coke,FL,2032,5.445236857
int_coke,FL,2033,5.450121937
int_coke,FL,2034,5.428139073
int_coke,FL,2035,5.450936118
int_coke,FL,2036,5.449307757
int_coke,FL,2037,5.446051037
int_coke,FL,2038,5.445236857
int_coke,FL,2039,5.429767434
int_coke,FL,2040,5.431395794
int_coke,FL,2041,5.41266965
int_coke,FL,2042,5.414298011
int_coke,FL,2043,5.40778457
int_coke,FL,2044,5.41266965
int_coke,FL,2045,5.424068173
int_coke,FL,2046,5.424068173
int_coke,FL,2047,5.421625632
int_coke,FL,2048,5.419997272
int_coke,FL,2049,5.423253992
int_coke,FL,2050,5.418368912
int_coke,TN,2010,6.405969436
int_coke,TN,2011,6.405969436
int_coke,TN,2012,6.405969436
int_coke,TN,2013,6.405969436
int_coke,TN,2014,6.405969436
int_coke,TN,2015,6.405969436
int_coke,TN,2016,6.405969436
int_coke,TN,2017,6.405969436
int_coke,TN,2018,6.405969436
int_coke,TN,2019,6.405969436
int_coke,TN,2020,6.405969436
int_coke,TN,2021,6.405969436
int_coke,TN,2022,6.405969436
int_coke,TN,2023,6.405969436
int_coke,TN,2024,6.405969436
int_coke,TN,2025,6.312338718
int_coke,TN,2026,6.26837299
int_coke,TN,2027,6.236619964
int_coke,TN,2028,6.21382292
int_coke,TN,2029,6.208123659
int_coke,TN,2030,6.206495299
int_coke,TN,2031,6.208937839
int_coke,TN,2032,6.226035622
int_coke,TN,2033,6.224407262
int_coke,TN,2034,6.197539317
int_coke,TN,2035,6.217079641
int_coke,TN,2036,6.219522181
int_coke,TN,2037,6.220336361
int_coke,TN,2038,6.221964722
int_coke,TN,2039,6.207309479
int_coke,TN,2040,6.208123659
int_coke,TN,2041,6.188583335
int_coke,TN,2042,6.188583335
int_coke,TN,2043,6.185326615
int_coke,TN,2044,6.191840056
int_coke,TN,2045,6.204866938
int_coke,TN,2046,6.209752019
int_coke,TN,2047,6.209752019
int_coke,TN,2048,6.209752019
int_coke,TN,2049,6.21300874
int_coke,TN,2050,6.21138038
int_coke,KY,2010,6.405969436
int_coke,KY,2011,6.405969436
int_coke,KY,2012,6.405969436
int_coke,KY,2013,6.405969436
int_coke,KY,2014,6.405969436
int_coke,KY,2015,6.405969436
int_coke,KY,2016,6.405969436
int_coke,KY,2017,6.405969436
int_coke,KY,2018,6.405969436
int_coke,KY,2019,6.405969436
int_coke,KY,2020,6.405969436
int_coke,KY,2021,6.405969436
int_coke,KY,2022,6.405969436
int_coke,KY,2023,6.405969436
int_coke,KY,2024,6.405969436
int_coke,KY,2025,6.312338718
int_coke,KY,2026,6.26837299
int_coke,KY,2027,6.236619964
int_coke,KY,2028,6.21382292
int_coke,KY,2029,6.208123659
int_coke,KY,2030,6.206495299
int_coke,KY,2031,6.208937839
int_coke,KY,2032,6.226035622
int_coke,KY,2033,6.224407262
int_coke,KY,2034,6.197539317
int_coke,KY,2035,6.217079641
int_coke,KY,2036,6.219522181
int_coke,KY,2037,6.220336361
int_coke,KY,2038,6.221964722
int_coke,KY,2039,6.207309479
int_coke,KY,2040,6.208123659
int_coke,KY,2041,6.188583335
int_coke,KY,2042,6.188583335
int_coke,KY,2043,6.185326615
int_coke,KY,2044,6.191840056
int_coke,KY,2045,6.204866938
int_coke,KY,2046,6.209752019
int_coke,KY,2047,6.209752019
int_coke,KY,2048,6.209752019
int_coke,KY,2049,6.21300874
int_coke,KY,2050,6.21138038
int_coke,GA,2010,5.644710994
int_coke,GA,2011,5.644710994
int_coke,GA,2012,5.644710994
int_coke,GA,2013,5.644710994
int_coke,GA,2014,5.644710994
int_coke,GA,2015,5.644710994
int_coke,GA,2016,5.644710994
int_coke,GA,2017,5.644710994
int_coke,GA,2018,5.644710994
int_coke,GA,2019,5.644710994
int_coke,GA,2020,5.644710994
int_coke,GA,2021,5.644710994
int_coke,GA,2022,5.644710994
int_coke,GA,2023,5.644710994
int_coke,GA,2024,5.644710994
int_coke,GA,2025,5.504672008
int_coke,GA,2026,5.448493577
int_coke,GA,2027,5.417554731
int_coke,GA,2028,5.398828588
int_coke,GA,2029,5.402085309
int_coke,GA,2030,5.40859875
int_coke,GA,2031,5.419183092
int_coke,GA,2032,5.445236857
int_coke,GA,2033,5.450121937
int_coke,GA,2034,5.428139073
int_coke,GA,2035,5.450936118
int_coke,GA,2036,5.449307757
int_coke,GA,2037,5.446051037
int_coke,GA,2038,5.445236857
int_coke,GA,2039,5.429767434
int_coke,GA,2040,5.431395794
int_coke,GA,2041,5.41266965
int_coke,GA,2042,5.414298011
int_coke,GA,2043,5.40778457
int_coke,GA,2044,5.41266965
int_coke,GA,2045,5.424068173
int_coke,GA,2046,5.424068173
int_coke,GA,2047,5.421625632
int_coke,GA,2048,5.419997272
int_coke,GA,2049,5.423253992
int_coke,GA,2050,5.418368912
int_coke,SC,2010,5.644710994
int_coke,SC,2011,5.644710994
int_coke,SC,2012,5.644710994
int_coke,SC,2013,5.644710994
int_coke,SC,2014,5.644710994
int_coke,SC,2015,5.644710994
int_coke,SC,2016,5.644710994
int_coke,SC,2017,5.644710994
int_coke,SC,2018,5.644710994
int_coke,SC,2019,5.644710994
int_coke,SC,2020,5.644710994
int_coke,SC,2021,5.644710994
int_coke,SC,2022,5.644710994
int_coke,SC,2023,5.644710994
int_coke,SC,2024,5.644710994
int_coke,SC,2025,5.504672008
int_coke,SC,2026,5.448493577
int_coke,SC,2027,5.417554731
int_coke,SC,2028,5.398828588
int_coke,SC,2029,5.402085309
int_coke,SC,2030,5.40859875
int_coke,SC,2031,5.419183092
int_coke,SC,2032,5.445236857
int_coke,SC,2033,5.450121937
int_coke,SC,2034,5.428139073
int_coke,SC,2035,5.450936118
int_coke,SC,2036,5.449307757
int_coke,SC,2037,5.446051037
int_coke,SC,2038,5.445236857
int_coke,SC,2039,5.429767434
int_coke,SC,2040,5.431395794
int_coke,SC,2041,5.41266965
int_coke,SC,2042,5.414298011
int_coke,SC,2043,5.40778457
int_coke,SC,2044,5.41266965
int_coke,SC,2045,5.424068173
int_coke,SC,2046,5.424068173
int_coke,SC,2047,5.421625632
int_coke,SC,2048,5.419997272
int_coke,SC,2049,5.423253992
int_coke,SC,2050,5.418368912
int_coke,NC,2010,5.644710994
int_coke,NC,2011,5.644710994
int_coke,NC,2012,5.644710994
int_coke,NC,2013,5.644710994
int_coke,NC,2014,5.644710994
int_coke,NC,2015,5.644710994
int_coke,NC,2016,5.644710994
int_coke,NC,2017,5.644710994
int_coke,NC,2018,5.644710994
int_coke,NC,2019,5.644710994
int_coke,NC,2020,5.644710994
int_coke,NC,2021,5.644710994
int_coke,NC,2022,5.644710994
int_coke,NC,2023,5.644710994
int_coke,NC,2024,5.644710994
int_coke,NC,2025,5.504672008
int_coke,NC,2026,5.448493577
int_coke,NC,2027,5.417554731
int_coke,NC,2028,5.398828588
int_coke,NC,2029,5.402085309
int_coke,NC,2030,5.40859875
int_coke,NC,2031,5.419183092
int_coke,NC,2032,5.445236857
int_coke,NC,2033,5.450121937
int_coke,NC,2034,5.428139073
int_coke,NC,2035,5.450936118
int_coke,NC,2036,5.449307757
int_coke,NC,2037,5.446051037
int_coke,NC,2038,5.445236857
int_coke,NC,2039,5.429767434
int_coke,NC,2040,5.431395794
int_coke,NC,2041,5.41266965
int_coke,NC,2042,5.414298011
int_coke,NC,2043,5.40778457
int_coke,NC,2044,5.41266965
int_coke,NC,2045,5.424068173
int_coke,NC,2046,5.424068173
int_coke,NC,2047,5.421625632
int_coke,NC,2048,5.419997272
int_coke,NC,2049,5.423253992
int_coke,NC,2050,5.418368912
int_coke,VA,2010,5.644710994
int_coke,VA,2011,5.644710994
int_coke,VA,2012,5.644710994
int_coke,VA,2013,5.644710994
int_coke,VA,2014,5.644710994
int_coke,VA,2015,5.644710994
int_coke,VA,2016,5.644710994
int_coke,VA,2017,5.644710994
int_coke,VA,2018,5.644710994
int_coke,VA,2019,5.644710994
int_coke,VA,2020,5.644710994
int_coke,VA,2021,5.644710994
int_coke,VA,2022,5.644710994
int_coke,VA,2023,5.644710994
int_coke,VA,2024,5.644710994
int_coke,VA,2025,5.504672008
int_coke,VA,2026,5.448493577
int_coke,VA,2027,5.417554731
int_coke,VA,2028,5.398828588
int_coke,VA,2029,5.402085309
int_coke,VA,2030,5.40859875
int_coke,VA,2031,5.419183092
int_coke,VA,2032,5.445236857
int_coke,VA,2033,5.450121937
int_coke,VA,2034,5.428139073
int_coke,VA,2035,5.450936118
int_coke,VA,2036,5.449307757
int_coke,VA,2037,5.446051037
int_coke,VA,2038,5.445236857
int_coke,VA,2039,5.429767434
int_coke,VA,2040,5.431395794
int_coke,VA,2041,5.41266965
int_coke,VA,2042,5.414298011
int_coke,VA,2043,5.40778457
int_coke,VA,2044,5.41266965
int_coke,VA,2045,5.424068173
int_coke,VA,2046,5.424068173
int_coke,VA,2047,5.421625632
int_coke,VA,2048,5.419997272
int_coke,VA,2049,5.423253992
int_coke,VA,2050,5.418368912
int_coke,IN,2010,6.699074291
int_coke,IN,2011,6.699074291
int_coke,IN,2012,6.699074291
int_coke,IN,2013,6.699074291
int_coke,IN,2014,6.699074291
int_coke,IN,2015,6.699074291
int_coke,IN,2016,6.699074291
int_coke,IN,2017,6.699074291
int_coke,IN,2018,6.699074291
int_coke,IN,2019,6.699074291
int_coke,IN,2020,6.699074291
int_coke,IN,2021,6.699074291
int_coke,IN,2022,6.699074291
int_coke,IN,2023,6.699074291
int_coke,IN,2024,6.699074291
int_coke,IN,2025,6.621727176
int_coke,IN,2026,6.583460709
int_coke,IN,2027,6.550893503
int_coke,IN,2028,6.525653918
int_coke,IN,2029,6.516697937
int_coke,IN,2030,6.511812856
int_coke,IN,2031,6.510998676
int_coke,IN,2032,6.524839738
int_coke,IN,2033,6.520768837
int_coke,IN,2034,6.491458352
int_coke,IN,2035,6.510184495
int_coke,IN,2036,6.513441216
int_coke,IN,2037,6.515883756
int_coke,IN,2038,6.518326297
int_coke,IN,2039,6.502856874
int_coke,IN,2040,6.503671054
int_coke,IN,2041,6.484130731
int_coke,IN,2042,6.48331655
int_coke,IN,2043,6.48168819
int_coke,IN,2044,6.487387451
int_coke,IN,2045,6.501228514
int_coke,IN,2046,6.508556135
int_coke,IN,2047,6.509370315
int_coke,IN,2048,6.508556135
int_coke,IN,2049,6.511812856
int_coke,IN,2050,6.510998676
int_coke,OH,2010,6.699074291
int_coke,OH,2011,6.699074291
int_coke,OH,2012,6.699074291
int_coke,OH,2013,6.699074291
int_coke,OH,2014,6.699074291
int_coke,OH,2015,6.699074291
int_coke,OH,2016,6.699074291
int_coke,OH,2017,6.699074291
int_coke,OH,2018,6.699074291
int_coke,OH,2019,6.699074291
int_coke,OH,2020,6.699074291
int_coke,OH,2021,6.699074291
int_coke,OH,2022,6.699074291
int_coke,OH,2023,6.699074291
int_coke,OH,2024,6.699074291
int_coke,OH,2025,6.621727176
int_coke,OH,2026,6.583460709
int_coke,OH,2027,6.550893503
int_coke,OH,2028,6.525653918
int_coke,OH,2029,6.516697937
int_coke,OH,2030,6.511812856
int_coke,OH,2031,6.510998676
int_coke,OH,2032,6.524839738
int_coke,OH,2033,6.520768837
int_coke,OH,2034,6.491458352
int_coke,OH,2035,6.510184495
int_coke,OH,2036,6.513441216
int_coke,OH,2037,6.515883756
int_coke,OH,2038,6.518326297
int_coke,OH,2039,6.502856874
int_coke,OH,2040,6.503671054
int_coke,OH,2041,6.484130731
int_coke,OH,2042,6.48331655
int_coke,OH,2043,6.48168819
int_coke,OH,2044,6.487387451
int_coke,OH,2045,6.501228514
int_coke,OH,2046,6.508556135
int_coke,OH,2047,6.509370315
int_coke,OH,2048,6.508556135
int_coke,OH,2049,6.511812856
int_coke,OH,2050,6.510998676
int_coke,PA,2010,5.826273168
int_coke,PA,2011,5.826273168
int_coke,PA,2012,5.826273168
int_coke,PA,2013,5.826273168
int_coke,PA,2014,5.826273168
int_coke,PA,2015,5.826273168
int_coke,PA,2016,5.826273168
int_coke,PA,2017,5.826273168
int_coke,PA,2018,5.826273168
int_coke,PA,2019,5.826273168
int_coke,PA,2020,5.826273168
int_coke,PA,2021,5.826273168
int_coke,PA,2022,5.826273168
int_coke,PA,2023,5.826273168
int_coke,PA,2024,5.826273168
int_coke,PA,2025,5.696818524
int_coke,PA,2026,5.643896814
int_coke,PA,2027,5.612957968
int_coke,PA,2028,5.593417644
int_coke,PA,2029,5.593417644
int_coke,PA,2030,5.598302725
int_coke,PA,2031,5.607258707
int_coke,PA,2032,5.630869931
int_coke,PA,2033,5.634940832
int_coke,PA,2034,5.611329608
int_coke,PA,2035,5.633312472
int_coke,PA,2036,5.632498292
int_coke,PA,2037,5.630869931
int_coke,PA,2038,5.630055751
int_coke,PA,2039,5.614586328
int_coke,PA,2040,5.616214688
int_coke,PA,2041,5.597488545
int_coke,PA,2042,5.598302725
int_coke,PA,2043,5.593417644
int_coke,PA,2044,5.597488545
int_coke,PA,2045,5.609701247
int_coke,PA,2046,5.611329608
int_coke,PA,2047,5.608887067
int_coke,PA,2048,5.608072887
int_coke,PA,2049,5.611329608
int_coke,PA,2050,5.607258707
int_coke,WV,2010,5.644710994
int_coke,WV,2011,5.644710994
int_coke,WV,2012,5.644710994
int_coke,WV,2013,5.644710994
int_coke,WV,2014,5.644710994
int_coke,WV,2015,5.644710994
int_coke,WV,2016,5.644710994
int_coke,WV,2017,5.644710994
int_coke,WV,2018,5.644710994
int_coke,WV,2019,5.644710994
int_coke,WV,2020,5.644710994
int_coke,WV,2021,5.644710994
int_coke,WV,2022,5.644710994
int_coke,WV,2023,5.644710994
int_coke,WV,2024,5.644710994
int_coke,WV,2025,5.504672008
int_coke,WV,2026,5.448493577
int_coke,WV,2027,5.417554731
int_coke,WV,2028,5.398828588
int_coke,WV,2029,5.402085309
int_coke,WV,2030,5.40859875
int_coke,WV,2031,5.419183092
int_coke,WV,2032,5.445236857
int_coke,WV,2033,5.450121937
int_coke,WV,2034,5.428139073
int_coke,WV,2035,5.450936118
int_coke,WV,2036,5.449307757
int_coke,WV,2037,5.446051037
int_coke,WV,2038,5.445236857
int_coke,WV,2039,5.429767434
int_coke,WV,2040,5.431395794
int_coke,WV,2041,5.41266965
int_coke,WV,2042,5.414298011
int_coke,WV,2043,5.40778457
int_coke,WV,2044,5.41266965
int_coke,WV,2045,5.424068173
int_coke,WV,2046,5.424068173
int_coke,WV,2047,5.421625632
int_coke,WV,2048,5.419997272
int_coke,WV,2049,5.423253992
int_coke,WV,2050,5.418368912
int_coke,MD,2010,5.644710994
int_coke,MD,2011,5.644710994
int_coke,MD,2012,5.644710994
int_coke,MD,2013,5.644710994
int_coke,MD,2014,5.644710994
int_coke,MD,2015,5.644710994
int_coke,MD,2016,5.644710994
int_coke,MD,2017,5.644710994
int_coke,MD,2018,5.644710994
int_coke,MD,2019,5.644710994
int_coke,MD,2020,5.644710994
int_coke,MD,2021,5.644710994
int_coke,MD,2022,5.644710994
int_coke,MD,2023,5.644710994
int_coke,MD,2024,5.644710994
int_coke,MD,2025,5.504672008
int_coke,MD,2026,5.448493577
int_coke,MD,2027,5.417554731
int_coke,MD,2028,5.398828588
int_coke,MD,2029,5.402085309
int_coke,MD,2030,5.40859875
int_coke,MD,2031,5.419183092
int_coke,MD,2032,5.445236857
int_coke,MD,2033,5.450121937
int_coke,MD,2034,5.428139073
int_coke,MD,2035,5.450936118
int_coke,MD,2036,5.449307757
int_coke,MD,2037,5.446051037
int_coke,MD,2038,5.445236857
int_coke,MD,2039,5.429767434
int_coke,MD,2040,5.431395794
int_coke,MD,2041,5.41266965
int_coke,MD,2042,5.414298011
int_coke,MD,2043,5.40778457
int_coke,MD,2044,5.41266965
int_coke,MD,2045,5.424068173
int_coke,MD,2046,5.424068173
int_coke,MD,2047,5.421625632
int_coke,MD,2048,5.419997272
int_coke,MD,2049,5.423253992
int_coke,MD,2050,5.418368912
int_coke,DE,2010,5.644710994
int_coke,DE,2011,5.644710994
int_coke,DE,2012,5.644710994
int_coke,DE,2013,5.644710994
int_coke,DE,2014,5.644710994
int_coke,DE,2015,5.644710994
int_coke,DE,2016,5.644710994
int_coke,DE,2017,5.644710994
int_coke,DE,2018,5.644710994
int_coke,DE,2019,5.644710994
int_coke,DE,2020,5.644710994
int_coke,DE,2021,5.644710994
int_coke,DE,2022,5.644710994
int_coke,DE,2023,5.644710994
int_coke,DE,2024,5.644710994
int_coke,DE,2025,5.504672008
int_coke,DE,2026,5.448493577
int_coke,DE,2027,5.417554731
int_coke,DE,2028,5.398828588
int_coke,DE,2029,5.402085309
int_coke,DE,2030,5.40859875
int_coke,DE,2031,5.419183092
int_coke,DE,2032,5.445236857
int_coke,DE,2033,5.450121937
int_coke,DE,2034,5.428139073
int_coke,DE,2035,5.450936118
int_coke,DE,2036,5.449307757
int_coke,DE,2037,5.446051037
int_coke,DE,2038,5.445236857
int_coke,DE,2039,5.429767434
int_coke,DE,2040,5.431395794
int_coke,DE,2041,5.41266965
int_coke,DE,2042,5.414298011
int_coke,DE,2043,5.40778457
int_coke,DE,2044,5.41266965
int_coke,DE,2045,5.424068173
int_coke,DE,2046,5.424068173
int_coke,DE,2047,5.421625632
int_coke,DE,2048,5.419997272
int_coke,DE,2049,5.423253992
int_coke,DE,2050,5.418368912
int_coke,NJ,2010,5.826273168
int_coke,NJ,2011,5.826273168
int_coke,NJ,2012,5.826273168
int_coke,NJ,2013,5.826273168
int_coke,NJ,2014,5.826273168
int_coke,NJ,2015,5.826273168
int_coke,NJ,2016,5.826273168
int_coke,NJ,2017,5.826273168
int_coke,NJ,2018,5.826273168
int_coke,NJ,2019,5.826273168
int_coke,NJ,2020,5.826273168
int_coke,NJ,2021,5.826273168
int_coke,NJ,2022,5.826273168
int_coke,NJ,2023,5.826273168
int_coke,NJ,2024,5.826273168
int_coke,NJ,2025,5.696818524
int_coke,NJ,2026,5.643896814
int_coke,NJ,2027,5.612957968
int_coke,NJ,2028,5.593417644
int_coke,NJ,2029,5.593417644
int_coke,NJ,2030,5.598302725
int_coke,NJ,2031,5.607258707
int_coke,NJ,2032,5.630869931
int_coke,NJ,2033,5.634940832
int_coke,NJ,2034,5.611329608
int_coke,NJ,2035,5.633312472
int_coke,NJ,2036,5.632498292
int_coke,NJ,2037,5.630869931
int_coke,NJ,2038,5.630055751
int_coke,NJ,2039,5.614586328
int_coke,NJ,2040,5.616214688
int_coke,NJ,2041,5.597488545
int_coke,NJ,2042,5.598302725
int_coke,NJ,2043,5.593417644
int_coke,NJ,2044,5.597488545
int_coke,NJ,2045,5.609701247
int_coke,NJ,2046,5.611329608
int_coke,NJ,2047,5.608887067
int_coke,NJ,2048,5.608072887
int_coke,NJ,2049,5.611329608
int_coke,NJ,2050,5.607258707
int_coke,NY,2010,5.826273168
int_coke,NY,2011,5.826273168
int_coke,NY,2012,5.826273168
int_coke,NY,2013,5.826273168
int_coke,NY,2014,5.826273168
int_coke,NY,2015,5.826273168
int_coke,NY,2016,5.826273168
int_coke,NY,2017,5.826273168
int_coke,NY,2018,5.826273168
int_coke,NY,2019,5.826273168
int_coke,NY,2020,5.826273168
int_coke,NY,2021,5.826273168
int_coke,NY,2022,5.826273168
int_coke,NY,2023,5.826273168
int_coke,NY,2024,5.826273168
int_coke,NY,2025,5.696818524
int_coke,NY,2026,5.643896814
int_coke,NY,2027,5.612957968
int_coke,NY,2028,5.593417644
int_coke,NY,2029,5.593417644
int_coke,NY,2030,5.598302725
int_coke,NY,2031,5.607258707
int_coke,NY,2032,5.630869931
int_coke,NY,2033,5.634940832
int_coke,NY,2034,5.611329608
int_coke,NY,2035,5.633312472
int_coke,NY,2036,5.632498292
int_coke,NY,2037,5.630869931
int_coke,NY,2038,5.630055751
int_coke,NY,2039,5.614586328
int_coke,NY,2040,5.616214688
int_coke,NY,2041,5.597488545
int_coke,NY,2042,5.598302725
int_coke,NY,2043,5.593417644
int_coke,NY,2044,5.597488545
int_coke,NY,2045,5.609701247
int_coke,NY,2046,5.611329608
int_coke,NY,2047,5.608887067
int_coke,NY,2048,5.608072887
int_coke,NY,2049,5.611329608
int_coke,NY,2050,5.607258707
int_coke,VT,2010,6.087787833
int_coke,VT,2011,6.087787833
int_coke,VT,2012,6.087787833
int_coke,VT,2013,6.087787833
int_coke,VT,2014,6.087787833
int_coke,VT,2015,6.087787833
int_coke,VT,2016,6.087787833
int_coke,VT,2017,6.087787833
int_coke,VT,2018,6.087787833
int_coke,VT,2019,6.087787833
int_coke,VT,2020,6.087787833
int_coke,VT,2021,6.087787833
int_coke,VT,2022,6.087787833
int_coke,VT,2023,6.087787833
int_coke,VT,2024,6.087787833
int_coke,VT,2025,5.974291119
int_coke,VT,2026,5.925521728
int_coke,VT,2027,5.894012956
int_coke,VT,2028,5.872722145
int_coke,VT,2029,5.870645986
int_coke,VT,2030,5.872437182
int_coke,VT,2031,5.878299279
int_coke,VT,2032,5.899142291
int_coke,VT,2033,5.900363562
int_coke,VT,2034,5.875327522
int_coke,VT,2035,5.89633337
int_coke,VT,2036,5.896862587
int_coke,VT,2037,5.896089116
int_coke,VT,2038,5.896577624
int_coke,VT,2039,5.881271037
int_coke,VT,2040,5.882533016
int_coke,VT,2041,5.863440492
int_coke,VT,2042,5.864010418
int_coke,VT,2043,5.859613845
int_coke,VT,2044,5.864906016
int_coke,VT,2045,5.877362972
int_coke,VT,2046,5.880416148
int_coke,VT,2047,5.879276296
int_coke,VT,2048,5.878299279
int_coke,VT,2049,5.881556
int_coke,VT,2050,5.878462115
int_coke,NH,2010,6.087787833
int_coke,NH,2011,6.087787833
int_coke,NH,2012,6.087787833
int_coke,NH,2013,6.087787833
int_coke,NH,2014,6.087787833
int_coke,NH,2015,6.087787833
int_coke,NH,2016,6.087787833
int_coke,NH,2017,6.087787833
int_coke,NH,2018,6.087787833
int_coke,NH,2019,6.087787833
int_coke,NH,2020,6.087787833
int_coke,NH,2021,6.087787833
int_coke,NH,2022,6.087787833
int_coke,NH,2023,6.087787833
int_coke,NH,2024,6.087787833
int_coke,NH,2025,5.974291119
int_coke,NH,2026,5.925521728
int_coke,NH,2027,5.894012956
int_coke,NH,2028,5.872722145
int_coke,NH,2029,5.870645986
int_coke,NH,2030,5.872437182
int_coke,NH,2031,5.878299279
int_coke,NH,2032,5.899142291
int_coke,NH,2033,5.900363562
int_coke,NH,2034,5.875327522
int_coke,NH,2035,5.89633337
int_coke,NH,2036,5.896862587
int_coke,NH,2037,5.896089116
int_coke,NH,2038,5.896577624
int_coke,NH,2039,5.881271037
int_coke,NH,2040,5.882533016
int_coke,NH,2041,5.863440492
int_coke,NH,2042,5.864010418
int_coke,NH,2043,5.859613845
int_coke,NH,2044,5.864906016
int_coke,NH,2045,5.877362972
int_coke,NH,2046,5.880416148
int_coke,NH,2047,5.879276296
int_coke,NH,2048,5.878299279
int_coke,NH,2049,5.881556
int_coke,NH,2050,5.878462115
int_coke,MA,2010,6.087787833
int_coke,MA,2011,6.087787833
int_coke,MA,2012,6.087787833
int_coke,MA,2013,6.087787833
int_coke,MA,2014,6.087787833
int_coke,MA,2015,6.087787833
int_coke,MA,2016,6.087787833
int_coke,MA,2017,6.087787833
int_coke,MA,2018,6.087787833
int_coke,MA,2019,6.087787833
int_coke,MA,2020,6.087787833
int_coke,MA,2021,6.087787833
int_coke,MA,2022,6.087787833
int_coke,MA,2023,6.087787833
int_coke,MA,2024,6.087787833
int_coke,MA,2025,5.974291119
int_coke,MA,2026,5.925521728
int_coke,MA,2027,5.894012956
int_coke,MA,2028,5.872722145
int_coke,MA,2029,5.870645986
int_coke,MA,2030,5.872437182
int_coke,MA,2031,5.878299279
int_coke,MA,2032,5.899142291
int_coke,MA,2033,5.900363562
int_coke,MA,2034,5.875327522
int_coke,MA,2035,5.89633337
int_coke,MA,2036,5.896862587
int_coke,MA,2037,5.896089116
int_coke,MA,2038,5.896577624
int_coke,MA,2039,5.881271037
int_coke,MA,2040,5.882533016
int_coke,MA,2041,5.863440492
int_coke,MA,2042,5.864010418
int_coke,MA,2043,5.859613845
int_coke,MA,2044,5.864906016
int_coke,MA,2045,5.877362972
int_coke,MA,2046,5.880416148
int_coke,MA,2047,5.879276296
int_coke,MA,2048,5.878299279
int_coke,MA,2049,5.881556
int_coke,MA,2050,5.878462115
int_coke,CT,2010,6.087787833
int_coke,CT,2011,6.087787833
int_coke,CT,2012,6.087787833
int_coke,CT,2013,6.087787833
int_coke,CT,2014,6.087787833
int_coke,CT,2015,6.087787833
int_coke,CT,2016,6.087787833
int_coke,CT,2017,6.087787833
int_coke,CT,2018,6.087787833
int_coke,CT,2019,6.087787833
int_coke,CT,2020,6.087787833
int_coke,CT,2021,6.087787833
int_coke,CT,2022,6.087787833
int_coke,CT,2023,6.087787833
int_coke,CT,2024,6.087787833
int_coke,CT,2025,5.974291119
int_coke,CT,2026,5.925521728
int_coke,CT,2027,5.894012956
int_coke,CT,2028,5.872722145
int_coke,CT,2029,5.870645986
int_coke,CT,2030,5.872437182
int_coke,CT,2031,5.878299279
int_coke,CT,2032,5.899142291
int_coke,CT,2033,5.900363562
int_coke,CT,2034,5.875327522
int_coke,CT,2035,5.89633337
int_coke,CT,2036,5.896862587
int_coke,CT,2037,5.896089116
int_coke,CT,2038,5.896577624
int_coke,CT,2039,5.881271037
int_coke,CT,2040,5.882533016
int_coke,CT,2041,5.863440492
int_coke,CT,2042,5.864010418
int_coke,CT,2043,5.859613845
int_coke,CT,2044,5.864906016
int_coke,CT,2045,5.877362972
int_coke,CT,2046,5.880416148
int_coke,CT,2047,5.879276296
int_coke,CT,2048,5.878299279
int_coke,CT,2049,5.881556
int_coke,CT,2050,5.878462115
int_coke,RI,2010,6.087787833
int_coke,RI,2011,6.087787833
int_coke,RI,2012,6.087787833
int_coke,RI,2013,6.087787833
int_coke,RI,2014,6.087787833
int_coke,RI,2015,6.087787833
int_coke,RI,2016,6.087787833
int_coke,RI,2017,6.087787833
int_coke,RI,2018,6.087787833
int_coke,RI,2019,6.087787833
int_coke,RI,2020,6.087787833
int_coke,RI,2021,6.087787833
int_coke,RI,2022,6.087787833
int_coke,RI,2023,6.087787833
int_coke,RI,2024,6.087787833
int_coke,RI,2025,5.974291119
int_coke,RI,2026,5.925521728
int_coke,RI,2027,5.894012956
int_coke,RI,2028,5.872722145
int_coke,RI,2029,5.870645986
int_coke,RI,2030,5.872437182
int_coke,RI,2031,5.878299279
int_coke,RI,2032,5.899142291
int_coke,RI,2033,5.900363562
int_coke,RI,2034,5.875327522
int_coke,RI,2035,5.89633337
int_coke,RI,2036,5.896862587
int_coke,RI,2037,5.896089116
int_coke,RI,2038,5.896577624
int_coke,RI,2039,5.881271037
int_coke,RI,2040,5.882533016
int_coke,RI,2041,5.863440492
int_coke,RI,2042,5.864010418
int_coke,RI,2043,5.859613845
int_coke,RI,2044,5.864906016
int_coke,RI,2045,5.877362972
int_coke,RI,2046,5.880416148
int_coke,RI,2047,5.879276296
int_coke,RI,2048,5.878299279
int_coke,RI,2049,5.881556
int_coke,RI,2050,5.878462115
int_coke,ME,2010,6.087787833
int_coke,ME,2011,6.087787833
int_coke,ME,2012,6.087787833
int_coke,ME,2013,6.087787833
int_coke,ME,2014,6.087787833
int_coke,ME,2015,6.087787833
int_coke,ME,2016,6.087787833
int_coke,ME,2017,6.087787833
int_coke,ME,2018,6.087787833
int_coke,ME,2019,6.087787833
int_coke,ME,2020,6.087787833
int_coke,ME,2021,6.087787833
int_coke,ME,2022,6.087787833
int_coke,ME,2023,6.087787833
int_coke,ME,2024,6.087787833
int_coke,ME,2025,5.974291119
int_coke,ME,2026,5.925521728
int_coke,ME,2027,5.894012956
int_coke,ME,2028,5.872722145
int_coke,ME,2029,5.870645986
int_coke,ME,2030,5.872437182
int_coke,ME,2031,5.878299279
int_coke,ME,2032,5.899142291
int_coke,ME,2033,5.900363562
int_coke,ME,2034,5.875327522
int_coke,ME,2035,5.89633337
int_coke,ME,2036,5.896862587
int_coke,ME,2037,5.896089116
int_coke,ME,2038,5.896577624
int_coke,ME,2039,5.881271037
int_coke,ME,2040,5.882533016
int_coke,ME,2041,5.863440492
int_coke,ME,2042,5.864010418
int_coke,ME,2043,5.859613845
int_coke,ME,2044,5.864906016
int_coke,ME,2045,5.877362972
int_coke,ME,2046,5.880416148
int_coke,ME,2047,5.879276296
int_coke,ME,2048,5.878299279
int_coke,ME,2049,5.881556
int_coke,ME,2050,5.878462115
int_coke,voluntary,2010,6.087787833
int_coke,voluntary,2011,6.087787833
int_coke,voluntary,2012,6.087787833
int_coke,voluntary,2013,6.087787833
int_coke,voluntary,2014,6.087787833
int_coke,voluntary,2015,6.087787833
int_coke,voluntary,2016,6.087787833
int_coke,voluntary,2017,6.087787833
int_coke,voluntary,2018,6.087787833
int_coke,voluntary,2019,6.087787833
int_coke,voluntary,2020,6.087787833
int_coke,voluntary,2021,6.087787833
int_coke,voluntary,2022,6.087787833
int_coke,voluntary,2023,6.087787833
int_coke,voluntary,2024,6.087787833
int_coke,voluntary,2025,5.974291119
int_coke,voluntary,2026,5.925521728
int_coke,voluntary,2027,5.894012956
int_coke,voluntary,2028,5.872722145
int_coke,voluntary,2029,5.870645986
int_coke,voluntary,2030,5.872437182
int_coke,voluntary,2031,5.878299279
int_coke,voluntary,2032,5.899142291
int_coke,voluntary,2033,5.900363562
int_coke,voluntary,2034,5.875327522
int_coke,voluntary,2035,5.89633337
int_coke,voluntary,2036,5.896862587
int_coke,voluntary,2037,5.896089116
int_coke,voluntary,2038,5.896577624
int_coke,voluntary,2039,5.881271037
int_coke,voluntary,2040,5.882533016
int_coke,voluntary,2041,5.863440492
int_coke,voluntary,2042,5.864010418
int_coke,voluntary,2043,5.859613845
int_coke,voluntary,2044,5.864906016
int_coke,voluntary,2045,5.877362972
int_coke,voluntary,2046,5.880416148
int_coke,voluntary,2047,5.879276296
int_coke,voluntary,2048,5.878299279
int_coke,voluntary,2049,5.881556
int_coke,voluntary,2050,5.878462115
int_ddfo,id,2010,23.2546135
int_ddfo,id,2011,23.2546135
int_ddfo,id,2012,23.2546135
int_ddfo,id,2013,23.2546135
int_ddfo,id,2014,23.2546135
int_ddfo,id,2015,23.2546135
int_ddfo,id,2016,23.2546135
int_ddfo,id,2017,23.2546135
int_ddfo,id,2018,23.2546135
int_ddfo,id,2019,23.2546135
int_ddfo,id,2020,23.2546135
int_ddfo,id,2021,23.2546135
int_ddfo,id,2022,23.2546135
int_ddfo,id,2023,23.2546135
int_ddfo,id,2024,23.2546135
int_ddfo,id,2025,22.02764401
int_ddfo,id,2026,21.06691143
int_ddfo,id,2027,20.68424676
int_ddfo,id,2028,20.44732034
int_ddfo,id,2029,20.24214694
int_ddfo,id,2030,20.05569968
int_ddfo,id,2031,20.0548855
int_ddfo,id,2032,19.85866809
int_ddfo,id,2033,20.06791239
int_ddfo,id,2034,20.16805655
int_ddfo,id,2035,20.36997322
int_ddfo,id,2036,20.46604648
int_ddfo,id,2037,20.61178473
int_ddfo,id,2038,20.6907602
int_ddfo,id,2039,20.81207305
int_ddfo,id,2040,20.9944494
int_ddfo,id,2041,21.17682575
int_ddfo,id,2042,21.25905795
int_ddfo,id,2043,21.54483518
int_ddfo,id,2044,21.71092793
int_ddfo,id,2045,21.76384964
int_ddfo,id,2046,21.96902304
int_ddfo,id,2047,22.39891016
int_ddfo,id,2048,22.40379524
int_ddfo,id,2049,22.3932109
int_ddfo,id,2050,22.48521326
int_ddfo,WA,2010,23.27415383
int_ddfo,WA,2011,23.27415383
int_ddfo,WA,2012,23.27415383
int_ddfo,WA,2013,23.27415383
int_ddfo,WA,2014,23.27415383
int_ddfo,WA,2015,23.27415383
int_ddfo,WA,2016,23.27415383
int_ddfo,WA,2017,23.27415383
int_ddfo,WA,2018,23.27415383
int_ddfo,WA,2019,23.27415383
int_ddfo,WA,2020,23.27415383
int_ddfo,WA,2021,23.27415383
int_ddfo,WA,2022,23.27415383
int_ddfo,WA,2023,23.27415383
int_ddfo,WA,2024,23.27415383
int_ddfo,WA,2025,21.95111108
int_ddfo,WA,2026,20.95129785
int_ddfo,WA,2027,20.52792417
int_ddfo,WA,2028,20.25110292
int_ddfo,WA,2029,20.00603469
int_ddfo,WA,2030,19.77969261
int_ddfo,WA,2031,19.77806425
int_ddfo,WA,2032,19.58266102
int_ddfo,WA,2033,19.79190531
int_ddfo,WA,2034,19.89204947
int_ddfo,WA,2035,20.09315197
int_ddfo,WA,2036,20.18922523
int_ddfo,WA,2037,20.33496348
int_ddfo,WA,2038,20.41393895
int_ddfo,WA,2039,20.53525179
int_ddfo,WA,2040,20.71762815
int_ddfo,WA,2041,20.9000045
int_ddfo,WA,2042,20.9822367
int_ddfo,WA,2043,21.26801393
int_ddfo,WA,2044,21.4332925
int_ddfo,WA,2045,21.48621421
int_ddfo,WA,2046,21.69220179
int_ddfo,WA,2047,22.12208891
int_ddfo,WA,2048,22.12697399
int_ddfo,WA,2049,22.11557547
int_ddfo,WA,2050,22.20757783
int_ddfo,OR,2010,23.27415383
int_ddfo,OR,2011,23.27415383
int_ddfo,OR,2012,23.27415383
int_ddfo,OR,2013,23.27415383
int_ddfo,OR,2014,23.27415383
int_ddfo,OR,2015,23.27415383
int_ddfo,OR,2016,23.27415383
int_ddfo,OR,2017,23.27415383
int_ddfo,OR,2018,23.27415383
int_ddfo,OR,2019,23.27415383
int_ddfo,OR,2020,23.27415383
int_ddfo,OR,2021,23.27415383
int_ddfo,OR,2022,23.27415383
int_ddfo,OR,2023,23.27415383
int_ddfo,OR,2024,23.27415383
int_ddfo,OR,2025,21.95111108
int_ddfo,OR,2026,20.95129785
int_ddfo,OR,2027,20.52792417
int_ddfo,OR,2028,20.25110292
int_ddfo,OR,2029,20.00603469
int_ddfo,OR,2030,19.77969261
int_ddfo,OR,2031,19.77806425
int_ddfo,OR,2032,19.58266102
int_ddfo,OR,2033,19.79190531
int_ddfo,OR,2034,19.89204947
int_ddfo,OR,2035,20.09315197
int_ddfo,OR,2036,20.18922523
int_ddfo,OR,2037,20.33496348
int_ddfo,OR,2038,20.41393895
int_ddfo,OR,2039,20.53525179
int_ddfo,OR,2040,20.71762815
int_ddfo,OR,2041,20.9000045
int_ddfo,OR,2042,20.9822367
int_ddfo,OR,2043,21.26801393
int_ddfo,OR,2044,21.4332925
int_ddfo,OR,2045,21.48621421
int_ddfo,OR,2046,21.69220179
int_ddfo,OR,2047,22.12208891
int_ddfo,OR,2048,22.12697399
int_ddfo,OR,2049,22.11557547
int_ddfo,OR,2050,22.20757783
int_ddfo,CA,2010,23.27415383
int_ddfo,CA,2011,23.27415383
int_ddfo,CA,2012,23.27415383
int_ddfo,CA,2013,23.27415383
int_ddfo,CA,2014,23.27415383
int_ddfo,CA,2015,23.27415383
int_ddfo,CA,2016,23.27415383
int_ddfo,CA,2017,23.27415383
int_ddfo,CA,2018,23.27415383
int_ddfo,CA,2019,23.27415383
int_ddfo,CA,2020,23.27415383
int_ddfo,CA,2021,23.27415383
int_ddfo,CA,2022,23.27415383
int_ddfo,CA,2023,23.27415383
int_ddfo,CA,2024,23.27415383
int_ddfo,CA,2025,21.95111108
int_ddfo,CA,2026,20.95129785
int_ddfo,CA,2027,20.52792417
int_ddfo,CA,2028,20.25110292
int_ddfo,CA,2029,20.00603469
int_ddfo,CA,2030,19.77969261
int_ddfo,CA,2031,19.77806425
int_ddfo,CA,2032,19.58266102
int_ddfo,CA,2033,19.79190531
int_ddfo,CA,2034,19.89204947
int_ddfo,CA,2035,20.09315197
int_ddfo,CA,2036,20.18922523
int_ddfo,CA,2037,20.33496348
int_ddfo,CA,2038,20.41393895
int_ddfo,CA,2039,20.53525179
int_ddfo,CA,2040,20.71762815
int_ddfo,CA,2041,20.9000045
int_ddfo,CA,2042,20.9822367
int_ddfo,CA,2043,21.26801393
int_ddfo,CA,2044,21.4332925
int_ddfo,CA,2045,21.48621421
int_ddfo,CA,2046,21.69220179
int_ddfo,CA,2047,22.12208891
int_ddfo,CA,2048,22.12697399
int_ddfo,CA,2049,22.11557547
int_ddfo,CA,2050,22.20757783
int_ddfo,NV,2010,23.2546135
int_ddfo,NV,2011,23.2546135
int_ddfo,NV,2012,23.2546135
int_ddfo,NV,2013,23.2546135
int_ddfo,NV,2014,23.2546135
int_ddfo,NV,2015,23.2546135
int_ddfo,NV,2016,23.2546135
int_ddfo,NV,2017,23.2546135
int_ddfo,NV,2018,23.2546135
int_ddfo,NV,2019,23.2546135
int_ddfo,NV,2020,23.2546135
int_ddfo,NV,2021,23.2546135
int_ddfo,NV,2022,23.2546135
int_ddfo,NV,2023,23.2546135
int_ddfo,NV,2024,23.2546135
int_ddfo,NV,2025,22.02764401
int_ddfo,NV,2026,21.06691143
int_ddfo,NV,2027,20.68424676
int_ddfo,NV,2028,20.44732034
int_ddfo,NV,2029,20.24214694
int_ddfo,NV,2030,20.05569968
int_ddfo,NV,2031,20.0548855
int_ddfo,NV,2032,19.85866809
int_ddfo,NV,2033,20.06791239
int_ddfo,NV,2034,20.16805655
int_ddfo,NV,2035,20.36997322
int_ddfo,NV,2036,20.46604648
int_ddfo,NV,2037,20.61178473
int_ddfo,NV,2038,20.6907602
int_ddfo,NV,2039,20.81207305
int_ddfo,NV,2040,20.9944494
int_ddfo,NV,2041,21.17682575
int_ddfo,NV,2042,21.25905795
int_ddfo,NV,2043,21.54483518
int_ddfo,NV,2044,21.71092793
int_ddfo,NV,2045,21.76384964
int_ddfo,NV,2046,21.96902304
int_ddfo,NV,2047,22.39891016
int_ddfo,NV,2048,22.40379524
int_ddfo,NV,2049,22.3932109
int_ddfo,NV,2050,22.48521326
int_ddfo,MT,2010,20.89674778
int_ddfo,MT,2011,20.89674778
int_ddfo,MT,2012,20.89674778
int_ddfo,MT,2013,20.89674778
int_ddfo,MT,2014,20.89674778
int_ddfo,MT,2015,20.89674778
int_ddfo,MT,2016,20.89674778
int_ddfo,MT,2017,20.89674778
int_ddfo,MT,2018,20.89674778
int_ddfo,MT,2019,20.89674778
int_ddfo,MT,2020,20.89674778
int_ddfo,MT,2021,20.89674778
int_ddfo,MT,2022,20.89674778
int_ddfo,MT,2023,20.89674778
int_ddfo,MT,2024,20.89674778
int_ddfo,MT,2025,19.73654106
int_ddfo,MT,2026,18.72085132
int_ddfo,MT,2027,18.30032728
int_ddfo,MT,2028,18.0247273
int_ddfo,MT,2029,17.78169452
int_ddfo,MT,2030,17.5651226
int_ddfo,MT,2031,17.58995509
int_ddfo,MT,2032,17.46375717
int_ddfo,MT,2033,17.7128963
int_ddfo,MT,2034,17.82118226
int_ddfo,MT,2035,18.02187766
int_ddfo,MT,2036,18.10818076
int_ddfo,MT,2037,18.25921118
int_ddfo,MT,2038,18.34062919
int_ddfo,MT,2039,18.45705696
int_ddfo,MT,2040,18.64106167
int_ddfo,MT,2041,18.83076565
int_ddfo,MT,2042,18.91706874
int_ddfo,MT,2043,19.18819073
int_ddfo,MT,2044,19.35509766
int_ddfo,MT,2045,19.40842646
int_ddfo,MT,2046,19.61359986
int_ddfo,MT,2047,20.0386019
int_ddfo,MT,2048,20.04389407
int_ddfo,MT,2049,20.034531
int_ddfo,MT,2050,20.12694045
int_ddfo,WY,2010,23.2546135
int_ddfo,WY,2011,23.2546135
int_ddfo,WY,2012,23.2546135
int_ddfo,WY,2013,23.2546135
int_ddfo,WY,2014,23.2546135
int_ddfo,WY,2015,23.2546135
int_ddfo,WY,2016,23.2546135
int_ddfo,WY,2017,23.2546135
int_ddfo,WY,2018,23.2546135
int_ddfo,WY,2019,23.2546135
int_ddfo,WY,2020,23.2546135
int_ddfo,WY,2021,23.2546135
int_ddfo,WY,2022,23.2546135
int_ddfo,WY,2023,23.2546135
int_ddfo,WY,2024,23.2546135
int_ddfo,WY,2025,22.02764401
int_ddfo,WY,2026,21.06691143
int_ddfo,WY,2027,20.68424676
int_ddfo,WY,2028,20.44732034
int_ddfo,WY,2029,20.24214694
int_ddfo,WY,2030,20.05569968
int_ddfo,WY,2031,20.0548855
int_ddfo,WY,2032,19.85866809
int_ddfo,WY,2033,20.06791239
int_ddfo,WY,2034,20.16805655
int_ddfo,WY,2035,20.36997322
int_ddfo,WY,2036,20.46604648
int_ddfo,WY,2037,20.61178473
int_ddfo,WY,2038,20.6907602
int_ddfo,WY,2039,20.81207305
int_ddfo,WY,2040,20.9944494
int_ddfo,WY,2041,21.17682575
int_ddfo,WY,2042,21.25905795
int_ddfo,WY,2043,21.54483518
int_ddfo,WY,2044,21.71092793
int_ddfo,WY,2045,21.76384964
int_ddfo,WY,2046,21.96902304
int_ddfo,WY,2047,22.39891016
int_ddfo,WY,2048,22.40379524
int_ddfo,WY,2049,22.3932109
int_ddfo,WY,2050,22.48521326
int_ddfo,UT,2010,23.2546135
int_ddfo,UT,2011,23.2546135
int_ddfo,UT,2012,23.2546135
int_ddfo,UT,2013,23.2546135
int_ddfo,UT,2014,23.2546135
int_ddfo,UT,2015,23.2546135
int_ddfo,UT,2016,23.2546135
int_ddfo,UT,2017,23.2546135
int_ddfo,UT,2018,23.2546135
int_ddfo,UT,2019,23.2546135
int_ddfo,UT,2020,23.2546135
int_ddfo,UT,2021,23.2546135
int_ddfo,UT,2022,23.2546135
int_ddfo,UT,2023,23.2546135
int_ddfo,UT,2024,23.2546135
int_ddfo,UT,2025,22.02764401
int_ddfo,UT,2026,21.06691143
int_ddfo,UT,2027,20.68424676
int_ddfo,UT,2028,20.44732034
int_ddfo,UT,2029,20.24214694
int_ddfo,UT,2030,20.05569968
int_ddfo,UT,2031,20.0548855
int_ddfo,UT,2032,19.85866809
int_ddfo,UT,2033,20.06791239
int_ddfo,UT,2034,20.16805655
int_ddfo,UT,2035,20.36997322
int_ddfo,UT,2036,20.46604648
int_ddfo,UT,2037,20.61178473
int_ddfo,UT,2038,20.6907602
int_ddfo,UT,2039,20.81207305
int_ddfo,UT,2040,20.9944494
int_ddfo,UT,2041,21.17682575
int_ddfo,UT,2042,21.25905795
int_ddfo,UT,2043,21.54483518
int_ddfo,UT,2044,21.71092793
int_ddfo,UT,2045,21.76384964
int_ddfo,UT,2046,21.96902304
int_ddfo,UT,2047,22.39891016
int_ddfo,UT,2048,22.40379524
int_ddfo,UT,2049,22.3932109
int_ddfo,UT,2050,22.48521326
int_ddfo,AZ,2010,23.2546135
int_ddfo,AZ,2011,23.2546135
int_ddfo,AZ,2012,23.2546135
int_ddfo,AZ,2013,23.2546135
int_ddfo,AZ,2014,23.2546135
int_ddfo,AZ,2015,23.2546135
int_ddfo,AZ,2016,23.2546135
int_ddfo,AZ,2017,23.2546135
int_ddfo,AZ,2018,23.2546135
int_ddfo,AZ,2019,23.2546135
int_ddfo,AZ,2020,23.2546135
int_ddfo,AZ,2021,23.2546135
int_ddfo,AZ,2022,23.2546135
int_ddfo,AZ,2023,23.2546135
int_ddfo,AZ,2024,23.2546135
int_ddfo,AZ,2025,22.02764401
int_ddfo,AZ,2026,21.06691143
int_ddfo,AZ,2027,20.68424676
int_ddfo,AZ,2028,20.44732034
int_ddfo,AZ,2029,20.24214694
int_ddfo,AZ,2030,20.05569968
int_ddfo,AZ,2031,20.0548855
int_ddfo,AZ,2032,19.85866809
int_ddfo,AZ,2033,20.06791239
int_ddfo,AZ,2034,20.16805655
int_ddfo,AZ,2035,20.36997322
int_ddfo,AZ,2036,20.46604648
int_ddfo,AZ,2037,20.61178473
int_ddfo,AZ,2038,20.6907602
int_ddfo,AZ,2039,20.81207305
int_ddfo,AZ,2040,20.9944494
int_ddfo,AZ,2041,21.17682575
int_ddfo,AZ,2042,21.25905795
int_ddfo,AZ,2043,21.54483518
int_ddfo,AZ,2044,21.71092793
int_ddfo,AZ,2045,21.76384964
int_ddfo,AZ,2046,21.96902304
int_ddfo,AZ,2047,22.39891016
int_ddfo,AZ,2048,22.40379524
int_ddfo,AZ,2049,22.3932109
int_ddfo,AZ,2050,22.48521326
int_ddfo,NM,2010,22.4876558
int_ddfo,NM,2011,22.4876558
int_ddfo,NM,2012,22.4876558
int_ddfo,NM,2013,22.4876558
int_ddfo,NM,2014,22.4876558
int_ddfo,NM,2015,22.4876558
int_ddfo,NM,2016,22.4876558
int_ddfo,NM,2017,22.4876558
int_ddfo,NM,2018,22.4876558
int_ddfo,NM,2019,22.4876558
int_ddfo,NM,2020,22.4876558
int_ddfo,NM,2021,22.4876558
int_ddfo,NM,2022,22.4876558
int_ddfo,NM,2023,22.4876558
int_ddfo,NM,2024,22.4876558
int_ddfo,NM,2025,21.26068631
int_ddfo,NM,2026,20.26779361
int_ddfo,NM,2027,19.88919984
int_ddfo,NM,2028,19.64616707
int_ddfo,NM,2029,19.44099367
int_ddfo,NM,2030,19.26105986
int_ddfo,NM,2031,19.28589235
int_ddfo,NM,2032,19.16376533
int_ddfo,NM,2033,19.42145335
int_ddfo,NM,2034,19.52933222
int_ddfo,NM,2035,19.73694815
int_ddfo,NM,2036,19.83464977
int_ddfo,NM,2037,19.98364474
int_ddfo,NM,2038,20.07686837
int_ddfo,NM,2039,20.19777412
int_ddfo,NM,2040,20.3789292
int_ddfo,NM,2041,20.56334101
int_ddfo,NM,2042,20.6455732
int_ddfo,NM,2043,20.93135044
int_ddfo,NM,2044,21.0970361
int_ddfo,NM,2045,21.14995781
int_ddfo,NM,2046,21.3555383
int_ddfo,NM,2047,21.78542542
int_ddfo,NM,2048,21.7903105
int_ddfo,NM,2049,21.77931907
int_ddfo,NM,2050,21.87172851
int_ddfo,SD,2010,20.89674778
int_ddfo,SD,2011,20.89674778
int_ddfo,SD,2012,20.89674778
int_ddfo,SD,2013,20.89674778
int_ddfo,SD,2014,20.89674778
int_ddfo,SD,2015,20.89674778
int_ddfo,SD,2016,20.89674778
int_ddfo,SD,2017,20.89674778
int_ddfo,SD,2018,20.89674778
int_ddfo,SD,2019,20.89674778
int_ddfo,SD,2020,20.89674778
int_ddfo,SD,2021,20.89674778
int_ddfo,SD,2022,20.89674778
int_ddfo,SD,2023,20.89674778
int_ddfo,SD,2024,20.89674778
int_ddfo,SD,2025,19.73654106
int_ddfo,SD,2026,18.72085132
int_ddfo,SD,2027,18.30032728
int_ddfo,SD,2028,18.0247273
int_ddfo,SD,2029,17.78169452
int_ddfo,SD,2030,17.5651226
int_ddfo,SD,2031,17.58995509
int_ddfo,SD,2032,17.46375717
int_ddfo,SD,2033,17.7128963
int_ddfo,SD,2034,17.82118226
int_ddfo,SD,2035,18.02187766
int_ddfo,SD,2036,18.10818076
int_ddfo,SD,2037,18.25921118
int_ddfo,SD,2038,18.34062919
int_ddfo,SD,2039,18.45705696
int_ddfo,SD,2040,18.64106167
int_ddfo,SD,2041,18.83076565
int_ddfo,SD,2042,18.91706874
int_ddfo,SD,2043,19.18819073
int_ddfo,SD,2044,19.35509766
int_ddfo,SD,2045,19.40842646
int_ddfo,SD,2046,19.61359986
int_ddfo,SD,2047,20.0386019
int_ddfo,SD,2048,20.04389407
int_ddfo,SD,2049,20.034531
int_ddfo,SD,2050,20.12694045
int_ddfo,CO,2010,23.2546135
int_ddfo,CO,2011,23.2546135
int_ddfo,CO,2012,23.2546135
int_ddfo,CO,2013,23.2546135
int_ddfo,CO,2014,23.2546135
int_ddfo,CO,2015,23.2546135
int_ddfo,CO,2016,23.2546135
int_ddfo,CO,2017,23.2546135
int_ddfo,CO,2018,23.2546135
int_ddfo,CO,2019,23.2546135
int_ddfo,CO,2020,23.2546135
int_ddfo,CO,2021,23.2546135
int_ddfo,CO,2022,23.2546135
int_ddfo,CO,2023,23.2546135
int_ddfo,CO,2024,23.2546135
int_ddfo,CO,2025,22.02764401
int_ddfo,CO,2026,21.06691143
int_ddfo,CO,2027,20.68424676
int_ddfo,CO,2028,20.44732034
int_ddfo,CO,2029,20.24214694
int_ddfo,CO,2030,20.05569968
int_ddfo,CO,2031,20.0548855
int_ddfo,CO,2032,19.85866809
int_ddfo,CO,2033,20.06791239
int_ddfo,CO,2034,20.16805655
int_ddfo,CO,2035,20.36997322
int_ddfo,CO,2036,20.46604648
int_ddfo,CO,2037,20.61178473
int_ddfo,CO,2038,20.6907602
int_ddfo,CO,2039,20.81207305
int_ddfo,CO,2040,20.9944494
int_ddfo,CO,2041,21.17682575
int_ddfo,CO,2042,21.25905795
int_ddfo,CO,2043,21.54483518
int_ddfo,CO,2044,21.71092793
int_ddfo,CO,2045,21.76384964
int_ddfo,CO,2046,21.96902304
int_ddfo,CO,2047,22.39891016
int_ddfo,CO,2048,22.40379524
int_ddfo,CO,2049,22.3932109
int_ddfo,CO,2050,22.48521326
int_ddfo,ND,2010,18.53888206
int_ddfo,ND,2011,18.53888206
int_ddfo,ND,2012,18.53888206
int_ddfo,ND,2013,18.53888206
int_ddfo,ND,2014,18.53888206
int_ddfo,ND,2015,18.53888206
int_ddfo,ND,2016,18.53888206
int_ddfo,ND,2017,18.53888206
int_ddfo,ND,2018,18.53888206
int_ddfo,ND,2019,18.53888206
int_ddfo,ND,2020,18.53888206
int_ddfo,ND,2021,18.53888206
int_ddfo,ND,2022,18.53888206
int_ddfo,ND,2023,18.53888206
int_ddfo,ND,2024,18.53888206
int_ddfo,ND,2025,17.44543812
int_ddfo,ND,2026,16.37479122
int_ddfo,ND,2027,15.91640779
int_ddfo,ND,2028,15.60213425
int_ddfo,ND,2029,15.3212421
int_ddfo,ND,2030,15.07454551
int_ddfo,ND,2031,15.12502468
int_ddfo,ND,2032,15.06884625
int_ddfo,ND,2033,15.35788021
int_ddfo,ND,2034,15.47430797
int_ddfo,ND,2035,15.67378211
int_ddfo,ND,2036,15.75031504
int_ddfo,ND,2037,15.90663763
int_ddfo,ND,2038,15.99049819
int_ddfo,ND,2039,16.10204087
int_ddfo,ND,2040,16.28767394
int_ddfo,ND,2041,16.48470554
int_ddfo,ND,2042,16.57507953
int_ddfo,ND,2043,16.83154628
int_ddfo,ND,2044,16.99926739
int_ddfo,ND,2045,17.05300328
int_ddfo,ND,2046,17.25817668
int_ddfo,ND,2047,17.67829364
int_ddfo,ND,2048,17.6839929
int_ddfo,ND,2049,17.6758511
int_ddfo,ND,2050,17.76866764
int_ddfo,NE,2010,18.53888206
int_ddfo,NE,2011,18.53888206
int_ddfo,NE,2012,18.53888206
int_ddfo,NE,2013,18.53888206
int_ddfo,NE,2014,18.53888206
int_ddfo,NE,2015,18.53888206
int_ddfo,NE,2016,18.53888206
int_ddfo,NE,2017,18.53888206
int_ddfo,NE,2018,18.53888206
int_ddfo,NE,2019,18.53888206
int_ddfo,NE,2020,18.53888206
int_ddfo,NE,2021,18.53888206
int_ddfo,NE,2022,18.53888206
int_ddfo,NE,2023,18.53888206
int_ddfo,NE,2024,18.53888206
int_ddfo,NE,2025,17.44543812
int_ddfo,NE,2026,16.37479122
int_ddfo,NE,2027,15.91640779
int_ddfo,NE,2028,15.60213425
int_ddfo,NE,2029,15.3212421
int_ddfo,NE,2030,15.07454551
int_ddfo,NE,2031,15.12502468
int_ddfo,NE,2032,15.06884625
int_ddfo,NE,2033,15.35788021
int_ddfo,NE,2034,15.47430797
int_ddfo,NE,2035,15.67378211
int_ddfo,NE,2036,15.75031504
int_ddfo,NE,2037,15.90663763
int_ddfo,NE,2038,15.99049819
int_ddfo,NE,2039,16.10204087
int_ddfo,NE,2040,16.28767394
int_ddfo,NE,2041,16.48470554
int_ddfo,NE,2042,16.57507953
int_ddfo,NE,2043,16.83154628
int_ddfo,NE,2044,16.99926739
int_ddfo,NE,2045,17.05300328
int_ddfo,NE,2046,17.25817668
int_ddfo,NE,2047,17.67829364
int_ddfo,NE,2048,17.6839929
int_ddfo,NE,2049,17.6758511
int_ddfo,NE,2050,17.76866764
int_ddfo,MN,2010,18.53888206
int_ddfo,MN,2011,18.53888206
int_ddfo,MN,2012,18.53888206
int_ddfo,MN,2013,18.53888206
int_ddfo,MN,2014,18.53888206
int_ddfo,MN,2015,18.53888206
int_ddfo,MN,2016,18.53888206
int_ddfo,MN,2017,18.53888206
int_ddfo,MN,2018,18.53888206
int_ddfo,MN,2019,18.53888206
int_ddfo,MN,2020,18.53888206
int_ddfo,MN,2021,18.53888206
int_ddfo,MN,2022,18.53888206
int_ddfo,MN,2023,18.53888206
int_ddfo,MN,2024,18.53888206
int_ddfo,MN,2025,17.44543812
int_ddfo,MN,2026,16.37479122
int_ddfo,MN,2027,15.91640779
int_ddfo,MN,2028,15.60213425
int_ddfo,MN,2029,15.3212421
int_ddfo,MN,2030,15.07454551
int_ddfo,MN,2031,15.12502468
int_ddfo,MN,2032,15.06884625
int_ddfo,MN,2033,15.35788021
int_ddfo,MN,2034,15.47430797
int_ddfo,MN,2035,15.67378211
int_ddfo,MN,2036,15.75031504
int_ddfo,MN,2037,15.90663763
int_ddfo,MN,2038,15.99049819
int_ddfo,MN,2039,16.10204087
int_ddfo,MN,2040,16.28767394
int_ddfo,MN,2041,16.48470554
int_ddfo,MN,2042,16.57507953
int_ddfo,MN,2043,16.83154628
int_ddfo,MN,2044,16.99926739
int_ddfo,MN,2045,17.05300328
int_ddfo,MN,2046,17.25817668
int_ddfo,MN,2047,17.67829364
int_ddfo,MN,2048,17.6839929
int_ddfo,MN,2049,17.6758511
int_ddfo,MN,2050,17.76866764
int_ddfo,IA,2010,18.53888206
int_ddfo,IA,2011,18.53888206
int_ddfo,IA,2012,18.53888206
int_ddfo,IA,2013,18.53888206
int_ddfo,IA,2014,18.53888206
int_ddfo,IA,2015,18.53888206
int_ddfo,IA,2016,18.53888206
int_ddfo,IA,2017,18.53888206
int_ddfo,IA,2018,18.53888206
int_ddfo,IA,2019,18.53888206
int_ddfo,IA,2020,18.53888206
int_ddfo,IA,2021,18.53888206
int_ddfo,IA,2022,18.53888206
int_ddfo,IA,2023,18.53888206
int_ddfo,IA,2024,18.53888206
int_ddfo,IA,2025,17.44543812
int_ddfo,IA,2026,16.37479122
int_ddfo,IA,2027,15.91640779
int_ddfo,IA,2028,15.60213425
int_ddfo,IA,2029,15.3212421
int_ddfo,IA,2030,15.07454551
int_ddfo,IA,2031,15.12502468
int_ddfo,IA,2032,15.06884625
int_ddfo,IA,2033,15.35788021
int_ddfo,IA,2034,15.47430797
int_ddfo,IA,2035,15.67378211
int_ddfo,IA,2036,15.75031504
int_ddfo,IA,2037,15.90663763
int_ddfo,IA,2038,15.99049819
int_ddfo,IA,2039,16.10204087
int_ddfo,IA,2040,16.28767394
int_ddfo,IA,2041,16.48470554
int_ddfo,IA,2042,16.57507953
int_ddfo,IA,2043,16.83154628
int_ddfo,IA,2044,16.99926739
int_ddfo,IA,2045,17.05300328
int_ddfo,IA,2046,17.25817668
int_ddfo,IA,2047,17.67829364
int_ddfo,IA,2048,17.6839929
int_ddfo,IA,2049,17.6758511
int_ddfo,IA,2050,17.76866764
int_ddfo,WI,2010,18.42326848
int_ddfo,WI,2011,18.42326848
int_ddfo,WI,2012,18.42326848
int_ddfo,WI,2013,18.42326848
int_ddfo,WI,2014,18.42326848
int_ddfo,WI,2015,18.42326848
int_ddfo,WI,2016,18.42326848
int_ddfo,WI,2017,18.42326848
int_ddfo,WI,2018,18.42326848
int_ddfo,WI,2019,18.42326848
int_ddfo,WI,2020,18.42326848
int_ddfo,WI,2021,18.42326848
int_ddfo,WI,2022,18.42326848
int_ddfo,WI,2023,18.42326848
int_ddfo,WI,2024,18.42326848
int_ddfo,WI,2025,17.35017904
int_ddfo,WI,2026,16.2974441
int_ddfo,WI,2027,15.84150322
int_ddfo,WI,2028,15.56223943
int_ddfo,WI,2029,15.30414432
int_ddfo,WI,2030,15.06640371
int_ddfo,WI,2031,15.12176796
int_ddfo,WI,2032,15.06640371
int_ddfo,WI,2033,15.32612718
int_ddfo,WI,2034,15.43766986
int_ddfo,WI,2035,15.62655966
int_ddfo,WI,2036,15.70472095
int_ddfo,WI,2037,15.85534428
int_ddfo,WI,2038,15.94001902
int_ddfo,WI,2039,16.05319006
int_ddfo,WI,2040,16.23638059
int_ddfo,WI,2041,16.43259801
int_ddfo,WI,2042,16.52541455
int_ddfo,WI,2043,16.78350965
int_ddfo,WI,2044,16.94715986
int_ddfo,WI,2045,17.00089575
int_ddfo,WI,2046,17.20525497
int_ddfo,WI,2047,17.62618611
int_ddfo,WI,2048,17.63188537
int_ddfo,WI,2049,17.62374357
int_ddfo,WI,2050,17.71656011
int_ddfo,TX,2010,22.4876558
int_ddfo,TX,2011,22.4876558
int_ddfo,TX,2012,22.4876558
int_ddfo,TX,2013,22.4876558
int_ddfo,TX,2014,22.4876558
int_ddfo,TX,2015,22.4876558
int_ddfo,TX,2016,22.4876558
int_ddfo,TX,2017,22.4876558
int_ddfo,TX,2018,22.4876558
int_ddfo,TX,2019,22.4876558
int_ddfo,TX,2020,22.4876558
int_ddfo,TX,2021,22.4876558
int_ddfo,TX,2022,22.4876558
int_ddfo,TX,2023,22.4876558
int_ddfo,TX,2024,22.4876558
int_ddfo,TX,2025,21.26068631
int_ddfo,TX,2026,20.26779361
int_ddfo,TX,2027,19.88919984
int_ddfo,TX,2028,19.64616707
int_ddfo,TX,2029,19.44099367
int_ddfo,TX,2030,19.26105986
int_ddfo,TX,2031,19.28589235
int_ddfo,TX,2032,19.16376533
int_ddfo,TX,2033,19.42145335
int_ddfo,TX,2034,19.52933222
int_ddfo,TX,2035,19.73694815
int_ddfo,TX,2036,19.83464977
int_ddfo,TX,2037,19.98364474
int_ddfo,TX,2038,20.07686837
int_ddfo,TX,2039,20.19777412
int_ddfo,TX,2040,20.3789292
int_ddfo,TX,2041,20.56334101
int_ddfo,TX,2042,20.6455732
int_ddfo,TX,2043,20.93135044
int_ddfo,TX,2044,21.0970361
int_ddfo,TX,2045,21.14995781
int_ddfo,TX,2046,21.3555383
int_ddfo,TX,2047,21.78542542
int_ddfo,TX,2048,21.7903105
int_ddfo,TX,2049,21.77931907
int_ddfo,TX,2050,21.87172851
int_ddfo,OK,2010,21.7206981
int_ddfo,OK,2011,21.7206981
int_ddfo,OK,2012,21.7206981
int_ddfo,OK,2013,21.7206981
int_ddfo,OK,2014,21.7206981
int_ddfo,OK,2015,21.7206981
int_ddfo,OK,2016,21.7206981
int_ddfo,OK,2017,21.7206981
int_ddfo,OK,2018,21.7206981
int_ddfo,OK,2019,21.7206981
int_ddfo,OK,2020,21.7206981
int_ddfo,OK,2021,21.7206981
int_ddfo,OK,2022,21.7206981
int_ddfo,OK,2023,21.7206981
int_ddfo,OK,2024,21.7206981
int_ddfo,OK,2025,20.49372861
int_ddfo,OK,2026,19.46867579
int_ddfo,OK,2027,19.09415292
int_ddfo,OK,2028,18.8450138
int_ddfo,OK,2029,18.6398404
int_ddfo,OK,2030,18.46642003
int_ddfo,OK,2031,18.5168992
int_ddfo,OK,2032,18.46886257
int_ddfo,OK,2033,18.77499431
int_ddfo,OK,2034,18.89060789
int_ddfo,OK,2035,19.10392309
int_ddfo,OK,2036,19.20325307
int_ddfo,OK,2037,19.35550475
int_ddfo,OK,2038,19.46297653
int_ddfo,OK,2039,19.5834752
int_ddfo,OK,2040,19.76340901
int_ddfo,OK,2041,19.94985626
int_ddfo,OK,2042,20.03208846
int_ddfo,OK,2043,20.31786569
int_ddfo,OK,2044,20.48314426
int_ddfo,OK,2045,20.53606597
int_ddfo,OK,2046,20.74205355
int_ddfo,OK,2047,21.17194067
int_ddfo,OK,2048,21.17682575
int_ddfo,OK,2049,21.16542723
int_ddfo,OK,2050,21.25824377
int_ddfo,KS,2010,18.53888206
int_ddfo,KS,2011,18.53888206
int_ddfo,KS,2012,18.53888206
int_ddfo,KS,2013,18.53888206
int_ddfo,KS,2014,18.53888206
int_ddfo,KS,2015,18.53888206
int_ddfo,KS,2016,18.53888206
int_ddfo,KS,2017,18.53888206
int_ddfo,KS,2018,18.53888206
int_ddfo,KS,2019,18.53888206
int_ddfo,KS,2020,18.53888206
int_ddfo,KS,2021,18.53888206
int_ddfo,KS,2022,18.53888206
int_ddfo,KS,2023,18.53888206
int_ddfo,KS,2024,18.53888206
int_ddfo,KS,2025,17.44543812
int_ddfo,KS,2026,16.37479122
int_ddfo,KS,2027,15.91640779
int_ddfo,KS,2028,15.60213425
int_ddfo,KS,2029,15.3212421
int_ddfo,KS,2030,15.07454551
int_ddfo,KS,2031,15.12502468
int_ddfo,KS,2032,15.06884625
int_ddfo,KS,2033,15.35788021
int_ddfo,KS,2034,15.47430797
int_ddfo,KS,2035,15.67378211
int_ddfo,KS,2036,15.75031504
int_ddfo,KS,2037,15.90663763
int_ddfo,KS,2038,15.99049819
int_ddfo,KS,2039,16.10204087
int_ddfo,KS,2040,16.28767394
int_ddfo,KS,2041,16.48470554
int_ddfo,KS,2042,16.57507953
int_ddfo,KS,2043,16.83154628
int_ddfo,KS,2044,16.99926739
int_ddfo,KS,2045,17.05300328
int_ddfo,KS,2046,17.25817668
int_ddfo,KS,2047,17.67829364
int_ddfo,KS,2048,17.6839929
int_ddfo,KS,2049,17.6758511
int_ddfo,KS,2050,17.76866764
int_ddfo,MO,2010,18.53888206
int_ddfo,MO,2011,18.53888206
int_ddfo,MO,2012,18.53888206
int_ddfo,MO,2013,18.53888206
int_ddfo,MO,2014,18.53888206
int_ddfo,MO,2015,18.53888206
int_ddfo,MO,2016,18.53888206
int_ddfo,MO,2017,18.53888206
int_ddfo,MO,2018,18.53888206
int_ddfo,MO,2019,18.53888206
int_ddfo,MO,2020,18.53888206
int_ddfo,MO,2021,18.53888206
int_ddfo,MO,2022,18.53888206
int_ddfo,MO,2023,18.53888206
int_ddfo,MO,2024,18.53888206
int_ddfo,MO,2025,17.44543812
int_ddfo,MO,2026,16.37479122
int_ddfo,MO,2027,15.91640779
int_ddfo,MO,2028,15.60213425
int_ddfo,MO,2029,15.3212421
int_ddfo,MO,2030,15.07454551
int_ddfo,MO,2031,15.12502468
int_ddfo,MO,2032,15.06884625
int_ddfo,MO,2033,15.35788021
int_ddfo,MO,2034,15.47430797
int_ddfo,MO,2035,15.67378211
int_ddfo,MO,2036,15.75031504
int_ddfo,MO,2037,15.90663763
int_ddfo,MO,2038,15.99049819
int_ddfo,MO,2039,16.10204087
int_ddfo,MO,2040,16.28767394
int_ddfo,MO,2041,16.48470554
int_ddfo,MO,2042,16.57507953
int_ddfo,MO,2043,16.83154628
int_ddfo,MO,2044,16.99926739
int_ddfo,MO,2045,17.05300328
int_ddfo,MO,2046,17.25817668
int_ddfo,MO,2047,17.67829364
int_ddfo,MO,2048,17.6839929
int_ddfo,MO,2049,17.6758511
int_ddfo,MO,2050,17.76866764
int_ddfo,AR,2010,21.7206981
int_ddfo,AR,2011,21.7206981
int_ddfo,AR,2012,21.7206981
int_ddfo,AR,2013,21.7206981
int_ddfo,AR,2014,21.7206981
int_ddfo,AR,2015,21.7206981
int_ddfo,AR,2016,21.7206981
int_ddfo,AR,2017,21.7206981
int_ddfo,AR,2018,21.7206981
int_ddfo,AR,2019,21.7206981
int_ddfo,AR,2020,21.7206981
int_ddfo,AR,2021,21.7206981
int_ddfo,AR,2022,21.7206981
int_ddfo,AR,2023,21.7206981
int_ddfo,AR,2024,21.7206981
int_ddfo,AR,2025,20.49372861
int_ddfo,AR,2026,19.46867579
int_ddfo,AR,2027,19.09415292
int_ddfo,AR,2028,18.8450138
int_ddfo,AR,2029,18.6398404
int_ddfo,AR,2030,18.46642003
int_ddfo,AR,2031,18.5168992
int_ddfo,AR,2032,18.46886257
int_ddfo,AR,2033,18.77499431
int_ddfo,AR,2034,18.89060789
int_ddfo,AR,2035,19.10392309
int_ddfo,AR,2036,19.20325307
int_ddfo,AR,2037,19.35550475
int_ddfo,AR,2038,19.46297653
int_ddfo,AR,2039,19.5834752
int_ddfo,AR,2040,19.76340901
int_ddfo,AR,2041,19.94985626
int_ddfo,AR,2042,20.03208846
int_ddfo,AR,2043,20.31786569
int_ddfo,AR,2044,20.48314426
int_ddfo,AR,2045,20.53606597
int_ddfo,AR,2046,20.74205355
int_ddfo,AR,2047,21.17194067
int_ddfo,AR,2048,21.17682575
int_ddfo,AR,2049,21.16542723
int_ddfo,AR,2050,21.25824377
int_ddfo,LA,2010,21.7206981
int_ddfo,LA,2011,21.7206981
int_ddfo,LA,2012,21.7206981
int_ddfo,LA,2013,21.7206981
int_ddfo,LA,2014,21.7206981
int_ddfo,LA,2015,21.7206981
int_ddfo,LA,2016,21.7206981
int_ddfo,LA,2017,21.7206981
int_ddfo,LA,2018,21.7206981
int_ddfo,LA,2019,21.7206981
int_ddfo,LA,2020,21.7206981
int_ddfo,LA,2021,21.7206981
int_ddfo,LA,2022,21.7206981
int_ddfo,LA,2023,21.7206981
int_ddfo,LA,2024,21.7206981
int_ddfo,LA,2025,20.49372861
int_ddfo,LA,2026,19.46867579
int_ddfo,LA,2027,19.09415292
int_ddfo,LA,2028,18.8450138
int_ddfo,LA,2029,18.6398404
int_ddfo,LA,2030,18.46642003
int_ddfo,LA,2031,18.5168992
int_ddfo,LA,2032,18.46886257
int_ddfo,LA,2033,18.77499431
int_ddfo,LA,2034,18.89060789
int_ddfo,LA,2035,19.10392309
int_ddfo,LA,2036,19.20325307
int_ddfo,LA,2037,19.35550475
int_ddfo,LA,2038,19.46297653
int_ddfo,LA,2039,19.5834752
int_ddfo,LA,2040,19.76340901
int_ddfo,LA,2041,19.94985626
int_ddfo,LA,2042,20.03208846
int_ddfo,LA,2043,20.31786569
int_ddfo,LA,2044,20.48314426
int_ddfo,LA,2045,20.53606597
int_ddfo,LA,2046,20.74205355
int_ddfo,LA,2047,21.17194067
int_ddfo,LA,2048,21.17682575
int_ddfo,LA,2049,21.16542723
int_ddfo,LA,2050,21.25824377
int_ddfo,MI,2010,18.42326848
int_ddfo,MI,2011,18.42326848
int_ddfo,MI,2012,18.42326848
int_ddfo,MI,2013,18.42326848
int_ddfo,MI,2014,18.42326848
int_ddfo,MI,2015,18.42326848
int_ddfo,MI,2016,18.42326848
int_ddfo,MI,2017,18.42326848
int_ddfo,MI,2018,18.42326848
int_ddfo,MI,2019,18.42326848
int_ddfo,MI,2020,18.42326848
int_ddfo,MI,2021,18.42326848
int_ddfo,MI,2022,18.42326848
int_ddfo,MI,2023,18.42326848
int_ddfo,MI,2024,18.42326848
int_ddfo,MI,2025,17.35017904
int_ddfo,MI,2026,16.2974441
int_ddfo,MI,2027,15.84150322
int_ddfo,MI,2028,15.56223943
int_ddfo,MI,2029,15.30414432
int_ddfo,MI,2030,15.06640371
int_ddfo,MI,2031,15.12176796
int_ddfo,MI,2032,15.06640371
int_ddfo,MI,2033,15.32612718
int_ddfo,MI,2034,15.43766986
int_ddfo,MI,2035,15.62655966
int_ddfo,MI,2036,15.70472095
int_ddfo,MI,2037,15.85534428
int_ddfo,MI,2038,15.94001902
int_ddfo,MI,2039,16.05319006
int_ddfo,MI,2040,16.23638059
int_ddfo,MI,2041,16.43259801
int_ddfo,MI,2042,16.52541455
int_ddfo,MI,2043,16.78350965
int_ddfo,MI,2044,16.94715986
int_ddfo,MI,2045,17.00089575
int_ddfo,MI,2046,17.20525497
int_ddfo,MI,2047,17.62618611
int_ddfo,MI,2048,17.63188537
int_ddfo,MI,2049,17.62374357
int_ddfo,MI,2050,17.71656011
int_ddfo,IL,2010,18.42326848
int_ddfo,IL,2011,18.42326848
int_ddfo,IL,2012,18.42326848
int_ddfo,IL,2013,18.42326848
int_ddfo,IL,2014,18.42326848
int_ddfo,IL,2015,18.42326848
int_ddfo,IL,2016,18.42326848
int_ddfo,IL,2017,18.42326848
int_ddfo,IL,2018,18.42326848
int_ddfo,IL,2019,18.42326848
int_ddfo,IL,2020,18.42326848
int_ddfo,IL,2021,18.42326848
int_ddfo,IL,2022,18.42326848
int_ddfo,IL,2023,18.42326848
int_ddfo,IL,2024,18.42326848
int_ddfo,IL,2025,17.35017904
int_ddfo,IL,2026,16.2974441
int_ddfo,IL,2027,15.84150322
int_ddfo,IL,2028,15.56223943
int_ddfo,IL,2029,15.30414432
int_ddfo,IL,2030,15.06640371
int_ddfo,IL,2031,15.12176796
int_ddfo,IL,2032,15.06640371
int_ddfo,IL,2033,15.32612718
int_ddfo,IL,2034,15.43766986
int_ddfo,IL,2035,15.62655966
int_ddfo,IL,2036,15.70472095
int_ddfo,IL,2037,15.85534428
int_ddfo,IL,2038,15.94001902
int_ddfo,IL,2039,16.05319006
int_ddfo,IL,2040,16.23638059
int_ddfo,IL,2041,16.43259801
int_ddfo,IL,2042,16.52541455
int_ddfo,IL,2043,16.78350965
int_ddfo,IL,2044,16.94715986
int_ddfo,IL,2045,17.00089575
int_ddfo,IL,2046,17.20525497
int_ddfo,IL,2047,17.62618611
int_ddfo,IL,2048,17.63188537
int_ddfo,IL,2049,17.62374357
int_ddfo,IL,2050,17.71656011
int_ddfo,MS,2010,22.0854508
int_ddfo,MS,2011,22.0854508
int_ddfo,MS,2012,22.0854508
int_ddfo,MS,2013,22.0854508
int_ddfo,MS,2014,22.0854508
int_ddfo,MS,2015,22.0854508
int_ddfo,MS,2016,22.0854508
int_ddfo,MS,2017,22.0854508
int_ddfo,MS,2018,22.0854508
int_ddfo,MS,2019,22.0854508
int_ddfo,MS,2020,22.0854508
int_ddfo,MS,2021,22.0854508
int_ddfo,MS,2022,22.0854508
int_ddfo,MS,2023,22.0854508
int_ddfo,MS,2024,22.0854508
int_ddfo,MS,2025,20.80067452
int_ddfo,MS,2026,19.77887843
int_ddfo,MS,2027,19.3864436
int_ddfo,MS,2028,19.12020669
int_ddfo,MS,2029,18.89793551
int_ddfo,MS,2030,18.70741735
int_ddfo,MS,2031,18.75708234
int_ddfo,MS,2032,18.70823153
int_ddfo,MS,2033,18.99726549
int_ddfo,MS,2034,19.11369325
int_ddfo,MS,2035,19.31316739
int_ddfo,MS,2036,19.38970032
int_ddfo,MS,2037,19.54602291
int_ddfo,MS,2038,19.62988346
int_ddfo,MS,2039,19.74142615
int_ddfo,MS,2040,19.92705922
int_ddfo,MS,2041,20.12409082
int_ddfo,MS,2042,20.21446481
int_ddfo,MS,2043,20.47093156
int_ddfo,MS,2044,20.63865267
int_ddfo,MS,2045,20.69238856
int_ddfo,MS,2046,20.89756196
int_ddfo,MS,2047,21.32826326
int_ddfo,MS,2048,21.33151998
int_ddfo,MS,2049,21.32012146
int_ddfo,MS,2050,21.41619472
int_ddfo,AL,2010,22.0854508
int_ddfo,AL,2011,22.0854508
int_ddfo,AL,2012,22.0854508
int_ddfo,AL,2013,22.0854508
int_ddfo,AL,2014,22.0854508
int_ddfo,AL,2015,22.0854508
int_ddfo,AL,2016,22.0854508
int_ddfo,AL,2017,22.0854508
int_ddfo,AL,2018,22.0854508
int_ddfo,AL,2019,22.0854508
int_ddfo,AL,2020,22.0854508
int_ddfo,AL,2021,22.0854508
int_ddfo,AL,2022,22.0854508
int_ddfo,AL,2023,22.0854508
int_ddfo,AL,2024,22.0854508
int_ddfo,AL,2025,20.80067452
int_ddfo,AL,2026,19.77887843
int_ddfo,AL,2027,19.3864436
int_ddfo,AL,2028,19.12020669
int_ddfo,AL,2029,18.89793551
int_ddfo,AL,2030,18.70741735
int_ddfo,AL,2031,18.75708234
int_ddfo,AL,2032,18.70823153
int_ddfo,AL,2033,18.99726549
int_ddfo,AL,2034,19.11369325
int_ddfo,AL,2035,19.31316739
int_ddfo,AL,2036,19.38970032
int_ddfo,AL,2037,19.54602291
int_ddfo,AL,2038,19.62988346
int_ddfo,AL,2039,19.74142615
int_ddfo,AL,2040,19.92705922
int_ddfo,AL,2041,20.12409082
int_ddfo,AL,2042,20.21446481
int_ddfo,AL,2043,20.47093156
int_ddfo,AL,2044,20.63865267
int_ddfo,AL,2045,20.69238856
int_ddfo,AL,2046,20.89756196
int_ddfo,AL,2047,21.32826326
int_ddfo,AL,2048,21.33151998
int_ddfo,AL,2049,21.32012146
int_ddfo,AL,2050,21.41619472
int_ddfo,FL,2010,22.94766758
int_ddfo,FL,2011,22.94766758
int_ddfo,FL,2012,22.94766758
int_ddfo,FL,2013,22.94766758
int_ddfo,FL,2014,22.94766758
int_ddfo,FL,2015,22.94766758
int_ddfo,FL,2016,22.94766758
int_ddfo,FL,2017,22.94766758
int_ddfo,FL,2018,22.94766758
int_ddfo,FL,2019,22.94766758
int_ddfo,FL,2020,22.94766758
int_ddfo,FL,2021,22.94766758
int_ddfo,FL,2022,22.94766758
int_ddfo,FL,2023,22.94766758
int_ddfo,FL,2024,22.94766758
int_ddfo,FL,2025,21.62543902
int_ddfo,FL,2026,20.61992653
int_ddfo,FL,2027,20.23400514
int_ddfo,FL,2028,19.99056527
int_ddfo,FL,2029,19.77887843
int_ddfo,FL,2030,19.60220134
int_ddfo,FL,2031,19.65268051
int_ddfo,FL,2032,19.58917446
int_ddfo,FL,2033,19.85134047
int_ddfo,FL,2034,19.96451151
int_ddfo,FL,2035,20.15095876
int_ddfo,FL,2036,20.2274917
int_ddfo,FL,2037,20.37648666
int_ddfo,FL,2038,20.45953304
int_ddfo,FL,2039,20.57433244
int_ddfo,FL,2040,20.75589461
int_ddfo,FL,2041,20.95455457
int_ddfo,FL,2042,21.04574275
int_ddfo,FL,2043,21.30139532
int_ddfo,FL,2044,21.47155897
int_ddfo,FL,2045,21.52529486
int_ddfo,FL,2046,21.73128244
int_ddfo,FL,2047,22.15465612
int_ddfo,FL,2048,22.16035538
int_ddfo,FL,2049,22.15221358
int_ddfo,FL,2050,22.24503011
int_ddfo,TN,2010,22.0854508
int_ddfo,TN,2011,22.0854508
int_ddfo,TN,2012,22.0854508
int_ddfo,TN,2013,22.0854508
int_ddfo,TN,2014,22.0854508
int_ddfo,TN,2015,22.0854508
int_ddfo,TN,2016,22.0854508
int_ddfo,TN,2017,22.0854508
int_ddfo,TN,2018,22.0854508
int_ddfo,TN,2019,22.0854508
int_ddfo,TN,2020,22.0854508
int_ddfo,TN,2021,22.0854508
int_ddfo,TN,2022,22.0854508
int_ddfo,TN,2023,22.0854508
int_ddfo,TN,2024,22.0854508
int_ddfo,TN,2025,20.80067452
int_ddfo,TN,2026,19.77887843
int_ddfo,TN,2027,19.3864436
int_ddfo,TN,2028,19.12020669
int_ddfo,TN,2029,18.89793551
int_ddfo,TN,2030,18.70741735
int_ddfo,TN,2031,18.75708234
int_ddfo,TN,2032,18.70823153
int_ddfo,TN,2033,18.99726549
int_ddfo,TN,2034,19.11369325
int_ddfo,TN,2035,19.31316739
int_ddfo,TN,2036,19.38970032
int_ddfo,TN,2037,19.54602291
int_ddfo,TN,2038,19.62988346
int_ddfo,TN,2039,19.74142615
int_ddfo,TN,2040,19.92705922
int_ddfo,TN,2041,20.12409082
int_ddfo,TN,2042,20.21446481
int_ddfo,TN,2043,20.47093156
int_ddfo,TN,2044,20.63865267
int_ddfo,TN,2045,20.69238856
int_ddfo,TN,2046,20.89756196
int_ddfo,TN,2047,21.32826326
int_ddfo,TN,2048,21.33151998
int_ddfo,TN,2049,21.32012146
int_ddfo,TN,2050,21.41619472
int_ddfo,KY,2010,22.0854508
int_ddfo,KY,2011,22.0854508
int_ddfo,KY,2012,22.0854508
int_ddfo,KY,2013,22.0854508
int_ddfo,KY,2014,22.0854508
int_ddfo,KY,2015,22.0854508
int_ddfo,KY,2016,22.0854508
int_ddfo,KY,2017,22.0854508
int_ddfo,KY,2018,22.0854508
int_ddfo,KY,2019,22.0854508
int_ddfo,KY,2020,22.0854508
int_ddfo,KY,2021,22.0854508
int_ddfo,KY,2022,22.0854508
int_ddfo,KY,2023,22.0854508
int_ddfo,KY,2024,22.0854508
int_ddfo,KY,2025,20.80067452
int_ddfo,KY,2026,19.77887843
int_ddfo,KY,2027,19.3864436
int_ddfo,KY,2028,19.12020669
int_ddfo,KY,2029,18.89793551
int_ddfo,KY,2030,18.70741735
int_ddfo,KY,2031,18.75708234
int_ddfo,KY,2032,18.70823153
int_ddfo,KY,2033,18.99726549
int_ddfo,KY,2034,19.11369325
int_ddfo,KY,2035,19.31316739
int_ddfo,KY,2036,19.38970032
int_ddfo,KY,2037,19.54602291
int_ddfo,KY,2038,19.62988346
int_ddfo,KY,2039,19.74142615
int_ddfo,KY,2040,19.92705922
int_ddfo,KY,2041,20.12409082
int_ddfo,KY,2042,20.21446481
int_ddfo,KY,2043,20.47093156
int_ddfo,KY,2044,20.63865267
int_ddfo,KY,2045,20.69238856
int_ddfo,KY,2046,20.89756196
int_ddfo,KY,2047,21.32826326
int_ddfo,KY,2048,21.33151998
int_ddfo,KY,2049,21.32012146
int_ddfo,KY,2050,21.41619472
int_ddfo,GA,2010,22.94766758
int_ddfo,GA,2011,22.94766758
int_ddfo,GA,2012,22.94766758
int_ddfo,GA,2013,22.94766758
int_ddfo,GA,2014,22.94766758
int_ddfo,GA,2015,22.94766758
int_ddfo,GA,2016,22.94766758
int_ddfo,GA,2017,22.94766758
int_ddfo,GA,2018,22.94766758
int_ddfo,GA,2019,22.94766758
int_ddfo,GA,2020,22.94766758
int_ddfo,GA,2021,22.94766758
int_ddfo,GA,2022,22.94766758
int_ddfo,GA,2023,22.94766758
int_ddfo,GA,2024,22.94766758
int_ddfo,GA,2025,21.62543902
int_ddfo,GA,2026,20.61992653
int_ddfo,GA,2027,20.23400514
int_ddfo,GA,2028,19.99056527
int_ddfo,GA,2029,19.77887843
int_ddfo,GA,2030,19.60220134
int_ddfo,GA,2031,19.65268051
int_ddfo,GA,2032,19.58917446
int_ddfo,GA,2033,19.85134047
int_ddfo,GA,2034,19.96451151
int_ddfo,GA,2035,20.15095876
int_ddfo,GA,2036,20.2274917
int_ddfo,GA,2037,20.37648666
int_ddfo,GA,2038,20.45953304
int_ddfo,GA,2039,20.57433244
int_ddfo,GA,2040,20.75589461
int_ddfo,GA,2041,20.95455457
int_ddfo,GA,2042,21.04574275
int_ddfo,GA,2043,21.30139532
int_ddfo,GA,2044,21.47155897
int_ddfo,GA,2045,21.52529486
int_ddfo,GA,2046,21.73128244
int_ddfo,GA,2047,22.15465612
int_ddfo,GA,2048,22.16035538
int_ddfo,GA,2049,22.15221358
int_ddfo,GA,2050,22.24503011
int_ddfo,SC,2010,22.94766758
int_ddfo,SC,2011,22.94766758
int_ddfo,SC,2012,22.94766758
int_ddfo,SC,2013,22.94766758
int_ddfo,SC,2014,22.94766758
int_ddfo,SC,2015,22.94766758
int_ddfo,SC,2016,22.94766758
int_ddfo,SC,2017,22.94766758
int_ddfo,SC,2018,22.94766758
int_ddfo,SC,2019,22.94766758
int_ddfo,SC,2020,22.94766758
int_ddfo,SC,2021,22.94766758
int_ddfo,SC,2022,22.94766758
int_ddfo,SC,2023,22.94766758
int_ddfo,SC,2024,22.94766758
int_ddfo,SC,2025,21.62543902
int_ddfo,SC,2026,20.61992653
int_ddfo,SC,2027,20.23400514
int_ddfo,SC,2028,19.99056527
int_ddfo,SC,2029,19.77887843
int_ddfo,SC,2030,19.60220134
int_ddfo,SC,2031,19.65268051
int_ddfo,SC,2032,19.58917446
int_ddfo,SC,2033,19.85134047
int_ddfo,SC,2034,19.96451151
int_ddfo,SC,2035,20.15095876
int_ddfo,SC,2036,20.2274917
int_ddfo,SC,2037,20.37648666
int_ddfo,SC,2038,20.45953304
int_ddfo,SC,2039,20.57433244
int_ddfo,SC,2040,20.75589461
int_ddfo,SC,2041,20.95455457
int_ddfo,SC,2042,21.04574275
int_ddfo,SC,2043,21.30139532
int_ddfo,SC,2044,21.47155897
int_ddfo,SC,2045,21.52529486
int_ddfo,SC,2046,21.73128244
int_ddfo,SC,2047,22.15465612
int_ddfo,SC,2048,22.16035538
int_ddfo,SC,2049,22.15221358
int_ddfo,SC,2050,22.24503011
int_ddfo,NC,2010,22.94766758
int_ddfo,NC,2011,22.94766758
int_ddfo,NC,2012,22.94766758
int_ddfo,NC,2013,22.94766758
int_ddfo,NC,2014,22.94766758
int_ddfo,NC,2015,22.94766758
int_ddfo,NC,2016,22.94766758
int_ddfo,NC,2017,22.94766758
int_ddfo,NC,2018,22.94766758
int_ddfo,NC,2019,22.94766758
int_ddfo,NC,2020,22.94766758
int_ddfo,NC,2021,22.94766758
int_ddfo,NC,2022,22.94766758
int_ddfo,NC,2023,22.94766758
int_ddfo,NC,2024,22.94766758
int_ddfo,NC,2025,21.62543902
int_ddfo,NC,2026,20.61992653
int_ddfo,NC,2027,20.23400514
int_ddfo,NC,2028,19.99056527
int_ddfo,NC,2029,19.77887843
int_ddfo,NC,2030,19.60220134
int_ddfo,NC,2031,19.65268051
int_ddfo,NC,2032,19.58917446
int_ddfo,NC,2033,19.85134047
int_ddfo,NC,2034,19.96451151
int_ddfo,NC,2035,20.15095876
int_ddfo,NC,2036,20.2274917
int_ddfo,NC,2037,20.37648666
int_ddfo,NC,2038,20.45953304
int_ddfo,NC,2039,20.57433244
int_ddfo,NC,2040,20.75589461
int_ddfo,NC,2041,20.95455457
int_ddfo,NC,2042,21.04574275
int_ddfo,NC,2043,21.30139532
int_ddfo,NC,2044,21.47155897
int_ddfo,NC,2045,21.52529486
int_ddfo,NC,2046,21.73128244
int_ddfo,NC,2047,22.15465612
int_ddfo,NC,2048,22.16035538
int_ddfo,NC,2049,22.15221358
int_ddfo,NC,2050,22.24503011
int_ddfo,VA,2010,22.94766758
int_ddfo,VA,2011,22.94766758
int_ddfo,VA,2012,22.94766758
int_ddfo,VA,2013,22.94766758
int_ddfo,VA,2014,22.94766758
int_ddfo,VA,2015,22.94766758
int_ddfo,VA,2016,22.94766758
int_ddfo,VA,2017,22.94766758
int_ddfo,VA,2018,22.94766758
int_ddfo,VA,2019,22.94766758
int_ddfo,VA,2020,22.94766758
int_ddfo,VA,2021,22.94766758
int_ddfo,VA,2022,22.94766758
int_ddfo,VA,2023,22.94766758
int_ddfo,VA,2024,22.94766758
int_ddfo,VA,2025,21.62543902
int_ddfo,VA,2026,20.61992653
int_ddfo,VA,2027,20.23400514
int_ddfo,VA,2028,19.99056527
int_ddfo,VA,2029,19.77887843
int_ddfo,VA,2030,19.60220134
int_ddfo,VA,2031,19.65268051
int_ddfo,VA,2032,19.58917446
int_ddfo,VA,2033,19.85134047
int_ddfo,VA,2034,19.96451151
int_ddfo,VA,2035,20.15095876
int_ddfo,VA,2036,20.2274917
int_ddfo,VA,2037,20.37648666
int_ddfo,VA,2038,20.45953304
int_ddfo,VA,2039,20.57433244
int_ddfo,VA,2040,20.75589461
int_ddfo,VA,2041,20.95455457
int_ddfo,VA,2042,21.04574275
int_ddfo,VA,2043,21.30139532
int_ddfo,VA,2044,21.47155897
int_ddfo,VA,2045,21.52529486
int_ddfo,VA,2046,21.73128244
int_ddfo,VA,2047,22.15465612
int_ddfo,VA,2048,22.16035538
int_ddfo,VA,2049,22.15221358
int_ddfo,VA,2050,22.24503011
int_ddfo,IN,2010,18.42326848
int_ddfo,IN,2011,18.42326848
int_ddfo,IN,2012,18.42326848
int_ddfo,IN,2013,18.42326848
int_ddfo,IN,2014,18.42326848
int_ddfo,IN,2015,18.42326848
int_ddfo,IN,2016,18.42326848
int_ddfo,IN,2017,18.42326848
int_ddfo,IN,2018,18.42326848
int_ddfo,IN,2019,18.42326848
int_ddfo,IN,2020,18.42326848
int_ddfo,IN,2021,18.42326848
int_ddfo,IN,2022,18.42326848
int_ddfo,IN,2023,18.42326848
int_ddfo,IN,2024,18.42326848
int_ddfo,IN,2025,17.35017904
int_ddfo,IN,2026,16.2974441
int_ddfo,IN,2027,15.84150322
int_ddfo,IN,2028,15.56223943
int_ddfo,IN,2029,15.30414432
int_ddfo,IN,2030,15.06640371
int_ddfo,IN,2031,15.12176796
int_ddfo,IN,2032,15.06640371
int_ddfo,IN,2033,15.32612718
int_ddfo,IN,2034,15.43766986
int_ddfo,IN,2035,15.62655966
int_ddfo,IN,2036,15.70472095
int_ddfo,IN,2037,15.85534428
int_ddfo,IN,2038,15.94001902
int_ddfo,IN,2039,16.05319006
int_ddfo,IN,2040,16.23638059
int_ddfo,IN,2041,16.43259801
int_ddfo,IN,2042,16.52541455
int_ddfo,IN,2043,16.78350965
int_ddfo,IN,2044,16.94715986
int_ddfo,IN,2045,17.00089575
int_ddfo,IN,2046,17.20525497
int_ddfo,IN,2047,17.62618611
int_ddfo,IN,2048,17.63188537
int_ddfo,IN,2049,17.62374357
int_ddfo,IN,2050,17.71656011
int_ddfo,OH,2010,18.42326848
int_ddfo,OH,2011,18.42326848
int_ddfo,OH,2012,18.42326848
int_ddfo,OH,2013,18.42326848
int_ddfo,OH,2014,18.42326848
int_ddfo,OH,2015,18.42326848
int_ddfo,OH,2016,18.42326848
int_ddfo,OH,2017,18.42326848
int_ddfo,OH,2018,18.42326848
int_ddfo,OH,2019,18.42326848
int_ddfo,OH,2020,18.42326848
int_ddfo,OH,2021,18.42326848
int_ddfo,OH,2022,18.42326848
int_ddfo,OH,2023,18.42326848
int_ddfo,OH,2024,18.42326848
int_ddfo,OH,2025,17.35017904
int_ddfo,OH,2026,16.2974441
int_ddfo,OH,2027,15.84150322
int_ddfo,OH,2028,15.56223943
int_ddfo,OH,2029,15.30414432
int_ddfo,OH,2030,15.06640371
int_ddfo,OH,2031,15.12176796
int_ddfo,OH,2032,15.06640371
int_ddfo,OH,2033,15.32612718
int_ddfo,OH,2034,15.43766986
int_ddfo,OH,2035,15.62655966
int_ddfo,OH,2036,15.70472095
int_ddfo,OH,2037,15.85534428
int_ddfo,OH,2038,15.94001902
int_ddfo,OH,2039,16.05319006
int_ddfo,OH,2040,16.23638059
int_ddfo,OH,2041,16.43259801
int_ddfo,OH,2042,16.52541455
int_ddfo,OH,2043,16.78350965
int_ddfo,OH,2044,16.94715986
int_ddfo,OH,2045,17.00089575
int_ddfo,OH,2046,17.20525497
int_ddfo,OH,2047,17.62618611
int_ddfo,OH,2048,17.63188537
int_ddfo,OH,2049,17.62374357
int_ddfo,OH,2050,17.71656011
int_ddfo,PA,2010,21.89330429
int_ddfo,PA,2011,21.89330429
int_ddfo,PA,2012,21.89330429
int_ddfo,PA,2013,21.89330429
int_ddfo,PA,2014,21.89330429
int_ddfo,PA,2015,21.89330429
int_ddfo,PA,2016,21.89330429
int_ddfo,PA,2017,21.89330429
int_ddfo,PA,2018,21.89330429
int_ddfo,PA,2019,21.89330429
int_ddfo,PA,2020,21.89330429
int_ddfo,PA,2021,21.89330429
int_ddfo,PA,2022,21.89330429
int_ddfo,PA,2023,21.89330429
int_ddfo,PA,2024,21.89330429
int_ddfo,PA,2025,20.58980186
int_ddfo,PA,2026,19.56800577
int_ddfo,PA,2027,19.16417242
int_ddfo,PA,2028,18.90363477
int_ddfo,PA,2029,18.67403597
int_ddfo,PA,2030,18.48026109
int_ddfo,PA,2031,18.52992608
int_ddfo,PA,2032,18.46723421
int_ddfo,PA,2033,18.72858604
int_ddfo,PA,2034,18.84175708
int_ddfo,PA,2035,19.02901851
int_ddfo,PA,2036,19.10555145
int_ddfo,PA,2037,19.25373223
int_ddfo,PA,2038,19.33759279
int_ddfo,PA,2039,19.45239219
int_ddfo,PA,2040,19.63395437
int_ddfo,PA,2041,19.83261432
int_ddfo,PA,2042,19.9238025
int_ddfo,PA,2043,20.17945507
int_ddfo,PA,2044,20.34880454
int_ddfo,PA,2045,20.40335461
int_ddfo,PA,2046,20.60934219
int_ddfo,PA,2047,21.03271587
int_ddfo,PA,2048,21.03841513
int_ddfo,PA,2049,21.03027333
int_ddfo,PA,2050,21.12308986
int_ddfo,WV,2010,22.94766758
int_ddfo,WV,2011,22.94766758
int_ddfo,WV,2012,22.94766758
int_ddfo,WV,2013,22.94766758
int_ddfo,WV,2014,22.94766758
int_ddfo,WV,2015,22.94766758
int_ddfo,WV,2016,22.94766758
int_ddfo,WV,2017,22.94766758
int_ddfo,WV,2018,22.94766758
int_ddfo,WV,2019,22.94766758
int_ddfo,WV,2020,22.94766758
int_ddfo,WV,2021,22.94766758
int_ddfo,WV,2022,22.94766758
int_ddfo,WV,2023,22.94766758
int_ddfo,WV,2024,22.94766758
int_ddfo,WV,2025,21.62543902
int_ddfo,WV,2026,20.61992653
int_ddfo,WV,2027,20.23400514
int_ddfo,WV,2028,19.99056527
int_ddfo,WV,2029,19.77887843
int_ddfo,WV,2030,19.60220134
int_ddfo,WV,2031,19.65268051
int_ddfo,WV,2032,19.58917446
int_ddfo,WV,2033,19.85134047
int_ddfo,WV,2034,19.96451151
int_ddfo,WV,2035,20.15095876
int_ddfo,WV,2036,20.2274917
int_ddfo,WV,2037,20.37648666
int_ddfo,WV,2038,20.45953304
int_ddfo,WV,2039,20.57433244
int_ddfo,WV,2040,20.75589461
int_ddfo,WV,2041,20.95455457
int_ddfo,WV,2042,21.04574275
int_ddfo,WV,2043,21.30139532
int_ddfo,WV,2044,21.47155897
int_ddfo,WV,2045,21.52529486
int_ddfo,WV,2046,21.73128244
int_ddfo,WV,2047,22.15465612
int_ddfo,WV,2048,22.16035538
int_ddfo,WV,2049,22.15221358
int_ddfo,WV,2050,22.24503011
int_ddfo,MD,2010,22.94766758
int_ddfo,MD,2011,22.94766758
int_ddfo,MD,2012,22.94766758
int_ddfo,MD,2013,22.94766758
int_ddfo,MD,2014,22.94766758
int_ddfo,MD,2015,22.94766758
int_ddfo,MD,2016,22.94766758
int_ddfo,MD,2017,22.94766758
int_ddfo,MD,2018,22.94766758
int_ddfo,MD,2019,22.94766758
int_ddfo,MD,2020,22.94766758
int_ddfo,MD,2021,22.94766758
int_ddfo,MD,2022,22.94766758
int_ddfo,MD,2023,22.94766758
int_ddfo,MD,2024,22.94766758
int_ddfo,MD,2025,21.62543902
int_ddfo,MD,2026,20.61992653
int_ddfo,MD,2027,20.23400514
int_ddfo,MD,2028,19.99056527
int_ddfo,MD,2029,19.77887843
int_ddfo,MD,2030,19.60220134
int_ddfo,MD,2031,19.65268051
int_ddfo,MD,2032,19.58917446
int_ddfo,MD,2033,19.85134047
int_ddfo,MD,2034,19.96451151
int_ddfo,MD,2035,20.15095876
int_ddfo,MD,2036,20.2274917
int_ddfo,MD,2037,20.37648666
int_ddfo,MD,2038,20.45953304
int_ddfo,MD,2039,20.57433244
int_ddfo,MD,2040,20.75589461
int_ddfo,MD,2041,20.95455457
int_ddfo,MD,2042,21.04574275
int_ddfo,MD,2043,21.30139532
int_ddfo,MD,2044,21.47155897
int_ddfo,MD,2045,21.52529486
int_ddfo,MD,2046,21.73128244
int_ddfo,MD,2047,22.15465612
int_ddfo,MD,2048,22.16035538
int_ddfo,MD,2049,22.15221358
int_ddfo,MD,2050,22.24503011
int_ddfo,DE,2010,22.94766758
int_ddfo,DE,2011,22.94766758
int_ddfo,DE,2012,22.94766758
int_ddfo,DE,2013,22.94766758
int_ddfo,DE,2014,22.94766758
int_ddfo,DE,2015,22.94766758
int_ddfo,DE,2016,22.94766758
int_ddfo,DE,2017,22.94766758
int_ddfo,DE,2018,22.94766758
int_ddfo,DE,2019,22.94766758
int_ddfo,DE,2020,22.94766758
int_ddfo,DE,2021,22.94766758
int_ddfo,DE,2022,22.94766758
int_ddfo,DE,2023,22.94766758
int_ddfo,DE,2024,22.94766758
int_ddfo,DE,2025,21.62543902
int_ddfo,DE,2026,20.61992653
int_ddfo,DE,2027,20.23400514
int_ddfo,DE,2028,19.99056527
int_ddfo,DE,2029,19.77887843
int_ddfo,DE,2030,19.60220134
int_ddfo,DE,2031,19.65268051
int_ddfo,DE,2032,19.58917446
int_ddfo,DE,2033,19.85134047
int_ddfo,DE,2034,19.96451151
int_ddfo,DE,2035,20.15095876
int_ddfo,DE,2036,20.2274917
int_ddfo,DE,2037,20.37648666
int_ddfo,DE,2038,20.45953304
int_ddfo,DE,2039,20.57433244
int_ddfo,DE,2040,20.75589461
int_ddfo,DE,2041,20.95455457
int_ddfo,DE,2042,21.04574275
int_ddfo,DE,2043,21.30139532
int_ddfo,DE,2044,21.47155897
int_ddfo,DE,2045,21.52529486
int_ddfo,DE,2046,21.73128244
int_ddfo,DE,2047,22.15465612
int_ddfo,DE,2048,22.16035538
int_ddfo,DE,2049,22.15221358
int_ddfo,DE,2050,22.24503011
int_ddfo,NJ,2010,21.89330429
int_ddfo,NJ,2011,21.89330429
int_ddfo,NJ,2012,21.89330429
int_ddfo,NJ,2013,21.89330429
int_ddfo,NJ,2014,21.89330429
int_ddfo,NJ,2015,21.89330429
int_ddfo,NJ,2016,21.89330429
int_ddfo,NJ,2017,21.89330429
int_ddfo,NJ,2018,21.89330429
int_ddfo,NJ,2019,21.89330429
int_ddfo,NJ,2020,21.89330429
int_ddfo,NJ,2021,21.89330429
int_ddfo,NJ,2022,21.89330429
int_ddfo,NJ,2023,21.89330429
int_ddfo,NJ,2024,21.89330429
int_ddfo,NJ,2025,20.58980186
int_ddfo,NJ,2026,19.56800577
int_ddfo,NJ,2027,19.16417242
int_ddfo,NJ,2028,18.90363477
int_ddfo,NJ,2029,18.67403597
int_ddfo,NJ,2030,18.48026109
int_ddfo,NJ,2031,18.52992608
int_ddfo,NJ,2032,18.46723421
int_ddfo,NJ,2033,18.72858604
int_ddfo,NJ,2034,18.84175708
int_ddfo,NJ,2035,19.02901851
int_ddfo,NJ,2036,19.10555145
int_ddfo,NJ,2037,19.25373223
int_ddfo,NJ,2038,19.33759279
int_ddfo,NJ,2039,19.45239219
int_ddfo,NJ,2040,19.63395437
int_ddfo,NJ,2041,19.83261432
int_ddfo,NJ,2042,19.9238025
int_ddfo,NJ,2043,20.17945507
int_ddfo,NJ,2044,20.34880454
int_ddfo,NJ,2045,20.40335461
int_ddfo,NJ,2046,20.60934219
int_ddfo,NJ,2047,21.03271587
int_ddfo,NJ,2048,21.03841513
int_ddfo,NJ,2049,21.03027333
int_ddfo,NJ,2050,21.12308986
int_ddfo,NY,2010,21.89330429
int_ddfo,NY,2011,21.89330429
int_ddfo,NY,2012,21.89330429
int_ddfo,NY,2013,21.89330429
int_ddfo,NY,2014,21.89330429
int_ddfo,NY,2015,21.89330429
int_ddfo,NY,2016,21.89330429
int_ddfo,NY,2017,21.89330429
int_ddfo,NY,2018,21.89330429
int_ddfo,NY,2019,21.89330429
int_ddfo,NY,2020,21.89330429
int_ddfo,NY,2021,21.89330429
int_ddfo,NY,2022,21.89330429
int_ddfo,NY,2023,21.89330429
int_ddfo,NY,2024,21.89330429
int_ddfo,NY,2025,20.58980186
int_ddfo,NY,2026,19.56800577
int_ddfo,NY,2027,19.16417242
int_ddfo,NY,2028,18.90363477
int_ddfo,NY,2029,18.67403597
int_ddfo,NY,2030,18.48026109
int_ddfo,NY,2031,18.52992608
int_ddfo,NY,2032,18.46723421
int_ddfo,NY,2033,18.72858604
int_ddfo,NY,2034,18.84175708
int_ddfo,NY,2035,19.02901851
int_ddfo,NY,2036,19.10555145
int_ddfo,NY,2037,19.25373223
int_ddfo,NY,2038,19.33759279
int_ddfo,NY,2039,19.45239219
int_ddfo,NY,2040,19.63395437
int_ddfo,NY,2041,19.83261432
int_ddfo,NY,2042,19.9238025
int_ddfo,NY,2043,20.17945507
int_ddfo,NY,2044,20.34880454
int_ddfo,NY,2045,20.40335461
int_ddfo,NY,2046,20.60934219
int_ddfo,NY,2047,21.03271587
int_ddfo,NY,2048,21.03841513
int_ddfo,NY,2049,21.03027333
int_ddfo,NY,2050,21.12308986
int_ddfo,VT,2010,23.04374084
int_ddfo,VT,2011,23.04374084
int_ddfo,VT,2012,23.04374084
int_ddfo,VT,2013,23.04374084
int_ddfo,VT,2014,23.04374084
int_ddfo,VT,2015,23.04374084
int_ddfo,VT,2016,23.04374084
int_ddfo,VT,2017,23.04374084
int_ddfo,VT,2018,23.04374084
int_ddfo,VT,2019,23.04374084
int_ddfo,VT,2020,23.04374084
int_ddfo,VT,2021,23.04374084
int_ddfo,VT,2022,23.04374084
int_ddfo,VT,2023,23.04374084
int_ddfo,VT,2024,23.04374084
int_ddfo,VT,2025,21.70197195
int_ddfo,VT,2026,20.70053036
int_ddfo,VT,2027,20.31786569
int_ddfo,VT,2028,20.07849673
int_ddfo,VT,2029,19.87006661
int_ddfo,VT,2030,19.69664624
int_ddfo,VT,2031,19.74712541
int_ddfo,VT,2032,19.68361935
int_ddfo,VT,2033,19.94578536
int_ddfo,VT,2034,20.0589564
int_ddfo,VT,2035,20.24540366
int_ddfo,VT,2036,20.32193659
int_ddfo,VT,2037,20.47093156
int_ddfo,VT,2038,20.55397794
int_ddfo,VT,2039,20.66877734
int_ddfo,VT,2040,20.85033951
int_ddfo,VT,2041,21.04899947
int_ddfo,VT,2042,21.14018765
int_ddfo,VT,2043,21.39584021
int_ddfo,VT,2044,21.56600387
int_ddfo,VT,2045,21.62055394
int_ddfo,VT,2046,21.82572733
int_ddfo,VT,2047,22.24910101
int_ddfo,VT,2048,22.25480027
int_ddfo,VT,2049,22.24665847
int_ddfo,VT,2050,22.33947501
int_ddfo,NH,2010,23.04374084
int_ddfo,NH,2011,23.04374084
int_ddfo,NH,2012,23.04374084
int_ddfo,NH,2013,23.04374084
int_ddfo,NH,2014,23.04374084
int_ddfo,NH,2015,23.04374084
int_ddfo,NH,2016,23.04374084
int_ddfo,NH,2017,23.04374084
int_ddfo,NH,2018,23.04374084
int_ddfo,NH,2019,23.04374084
int_ddfo,NH,2020,23.04374084
int_ddfo,NH,2021,23.04374084
int_ddfo,NH,2022,23.04374084
int_ddfo,NH,2023,23.04374084
int_ddfo,NH,2024,23.04374084
int_ddfo,NH,2025,21.70197195
int_ddfo,NH,2026,20.70053036
int_ddfo,NH,2027,20.31786569
int_ddfo,NH,2028,20.07849673
int_ddfo,NH,2029,19.87006661
int_ddfo,NH,2030,19.69664624
int_ddfo,NH,2031,19.74712541
int_ddfo,NH,2032,19.68361935
int_ddfo,NH,2033,19.94578536
int_ddfo,NH,2034,20.0589564
int_ddfo,NH,2035,20.24540366
int_ddfo,NH,2036,20.32193659
int_ddfo,NH,2037,20.47093156
int_ddfo,NH,2038,20.55397794
int_ddfo,NH,2039,20.66877734
int_ddfo,NH,2040,20.85033951
int_ddfo,NH,2041,21.04899947
int_ddfo,NH,2042,21.14018765
int_ddfo,NH,2043,21.39584021
int_ddfo,NH,2044,21.56600387
int_ddfo,NH,2045,21.62055394
int_ddfo,NH,2046,21.82572733
int_ddfo,NH,2047,22.24910101
int_ddfo,NH,2048,22.25480027
int_ddfo,NH,2049,22.24665847
int_ddfo,NH,2050,22.33947501
int_ddfo,MA,2010,23.04374084
int_ddfo,MA,2011,23.04374084
int_ddfo,MA,2012,23.04374084
int_ddfo,MA,2013,23.04374084
int_ddfo,MA,2014,23.04374084
int_ddfo,MA,2015,23.04374084
int_ddfo,MA,2016,23.04374084
int_ddfo,MA,2017,23.04374084
int_ddfo,MA,2018,23.04374084
int_ddfo,MA,2019,23.04374084
int_ddfo,MA,2020,23.04374084
int_ddfo,MA,2021,23.04374084
int_ddfo,MA,2022,23.04374084
int_ddfo,MA,2023,23.04374084
int_ddfo,MA,2024,23.04374084
int_ddfo,MA,2025,21.70197195
int_ddfo,MA,2026,20.70053036
int_ddfo,MA,2027,20.31786569
int_ddfo,MA,2028,20.07849673
int_ddfo,MA,2029,19.87006661
int_ddfo,MA,2030,19.69664624
int_ddfo,MA,2031,19.74712541
int_ddfo,MA,2032,19.68361935
int_ddfo,MA,2033,19.94578536
int_ddfo,MA,2034,20.0589564
int_ddfo,MA,2035,20.24540366
int_ddfo,MA,2036,20.32193659
int_ddfo,MA,2037,20.47093156
int_ddfo,MA,2038,20.55397794
int_ddfo,MA,2039,20.66877734
int_ddfo,MA,2040,20.85033951
int_ddfo,MA,2041,21.04899947
int_ddfo,MA,2042,21.14018765
int_ddfo,MA,2043,21.39584021
int_ddfo,MA,2044,21.56600387
int_ddfo,MA,2045,21.62055394
int_ddfo,MA,2046,21.82572733
int_ddfo,MA,2047,22.24910101
int_ddfo,MA,2048,22.25480027
int_ddfo,MA,2049,22.24665847
int_ddfo,MA,2050,22.33947501
int_ddfo,CT,2010,23.04374084
int_ddfo,CT,2011,23.04374084
int_ddfo,CT,2012,23.04374084
int_ddfo,CT,2013,23.04374084
int_ddfo,CT,2014,23.04374084
int_ddfo,CT,2015,23.04374084
int_ddfo,CT,2016,23.04374084
int_ddfo,CT,2017,23.04374084
int_ddfo,CT,2018,23.04374084
int_ddfo,CT,2019,23.04374084
int_ddfo,CT,2020,23.04374084
int_ddfo,CT,2021,23.04374084
int_ddfo,CT,2022,23.04374084
int_ddfo,CT,2023,23.04374084
int_ddfo,CT,2024,23.04374084
int_ddfo,CT,2025,21.70197195
int_ddfo,CT,2026,20.70053036
int_ddfo,CT,2027,20.31786569
int_ddfo,CT,2028,20.07849673
int_ddfo,CT,2029,19.87006661
int_ddfo,CT,2030,19.69664624
int_ddfo,CT,2031,19.74712541
int_ddfo,CT,2032,19.68361935
int_ddfo,CT,2033,19.94578536
int_ddfo,CT,2034,20.0589564
int_ddfo,CT,2035,20.24540366
int_ddfo,CT,2036,20.32193659
int_ddfo,CT,2037,20.47093156
int_ddfo,CT,2038,20.55397794
int_ddfo,CT,2039,20.66877734
int_ddfo,CT,2040,20.85033951
int_ddfo,CT,2041,21.04899947
int_ddfo,CT,2042,21.14018765
int_ddfo,CT,2043,21.39584021
int_ddfo,CT,2044,21.56600387
int_ddfo,CT,2045,21.62055394
int_ddfo,CT,2046,21.82572733
int_ddfo,CT,2047,22.24910101
int_ddfo,CT,2048,22.25480027
int_ddfo,CT,2049,22.24665847
int_ddfo,CT,2050,22.33947501
int_ddfo,RI,2010,23.04374084
int_ddfo,RI,2011,23.04374084
int_ddfo,RI,2012,23.04374084
int_ddfo,RI,2013,23.04374084
int_ddfo,RI,2014,23.04374084
int_ddfo,RI,2015,23.04374084
int_ddfo,RI,2016,23.04374084
int_ddfo,RI,2017,23.04374084
int_ddfo,RI,2018,23.04374084
int_ddfo,RI,2019,23.04374084
int_ddfo,RI,2020,23.04374084
int_ddfo,RI,2021,23.04374084
int_ddfo,RI,2022,23.04374084
int_ddfo,RI,2023,23.04374084
int_ddfo,RI,2024,23.04374084
int_ddfo,RI,2025,21.70197195
int_ddfo,RI,2026,20.70053036
int_ddfo,RI,2027,20.31786569
int_ddfo,RI,2028,20.07849673
int_ddfo,RI,2029,19.87006661
int_ddfo,RI,2030,19.69664624
int_ddfo,RI,2031,19.74712541
int_ddfo,RI,2032,19.68361935
int_ddfo,RI,2033,19.94578536
int_ddfo,RI,2034,20.0589564
int_ddfo,RI,2035,20.24540366
int_ddfo,RI,2036,20.32193659
int_ddfo,RI,2037,20.47093156
int_ddfo,RI,2038,20.55397794
int_ddfo,RI,2039,20.66877734
int_ddfo,RI,2040,20.85033951
int_ddfo,RI,2041,21.04899947
int_ddfo,RI,2042,21.14018765
int_ddfo,RI,2043,21.39584021
int_ddfo,RI,2044,21.56600387
int_ddfo,RI,2045,21.62055394
int_ddfo,RI,2046,21.82572733
int_ddfo,RI,2047,22.24910101
int_ddfo,RI,2048,22.25480027
int_ddfo,RI,2049,22.24665847
int_ddfo,RI,2050,22.33947501
int_ddfo,ME,2010,23.04374084
int_ddfo,ME,2011,23.04374084
int_ddfo,ME,2012,23.04374084
int_ddfo,ME,2013,23.04374084
int_ddfo,ME,2014,23.04374084
int_ddfo,ME,2015,23.04374084
int_ddfo,ME,2016,23.04374084
int_ddfo,ME,2017,23.04374084
int_ddfo,ME,2018,23.04374084
int_ddfo,ME,2019,23.04374084
int_ddfo,ME,2020,23.04374084
int_ddfo,ME,2021,23.04374084
int_ddfo,ME,2022,23.04374084
int_ddfo,ME,2023,23.04374084
int_ddfo,ME,2024,23.04374084
int_ddfo,ME,2025,21.70197195
int_ddfo,ME,2026,20.70053036
int_ddfo,ME,2027,20.31786569
int_ddfo,ME,2028,20.07849673
int_ddfo,ME,2029,19.87006661
int_ddfo,ME,2030,19.69664624
int_ddfo,ME,2031,19.74712541
int_ddfo,ME,2032,19.68361935
int_ddfo,ME,2033,19.94578536
int_ddfo,ME,2034,20.0589564
int_ddfo,ME,2035,20.24540366
int_ddfo,ME,2036,20.32193659
int_ddfo,ME,2037,20.47093156
int_ddfo,ME,2038,20.55397794
int_ddfo,ME,2039,20.66877734
int_ddfo,ME,2040,20.85033951
int_ddfo,ME,2041,21.04899947
int_ddfo,ME,2042,21.14018765
int_ddfo,ME,2043,21.39584021
int_ddfo,ME,2044,21.56600387
int_ddfo,ME,2045,21.62055394
int_ddfo,ME,2046,21.82572733
int_ddfo,ME,2047,22.24910101
int_ddfo,ME,2048,22.25480027
int_ddfo,ME,2049,22.24665847
int_ddfo,ME,2050,22.33947501
int_ddfo,voluntary,2010,21.67700376
int_ddfo,voluntary,2011,21.67700376
int_ddfo,voluntary,2012,21.67700376
int_ddfo,voluntary,2013,21.67700376
int_ddfo,voluntary,2014,21.67700376
int_ddfo,voluntary,2015,21.67700376
int_ddfo,voluntary,2016,21.67700376
int_ddfo,voluntary,2017,21.67700376
int_ddfo,voluntary,2018,21.67700376
int_ddfo,voluntary,2019,21.67700376
int_ddfo,voluntary,2020,21.67700376
int_ddfo,voluntary,2021,21.67700376
int_ddfo,voluntary,2022,21.67700376
int_ddfo,voluntary,2023,21.67700376
int_ddfo,voluntary,2024,21.67700376
int_ddfo,voluntary,2025,20.43970436
int_ddfo,voluntary,2026,19.42409943
int_ddfo,voluntary,2027,19.01821366
int_ddfo,voluntary,2028,18.75677702
int_ddfo,voluntary,2029,18.52811114
int_ddfo,voluntary,2030,18.32858611
int_ddfo,voluntary,2031,18.3676498
int_ddfo,voluntary,2032,18.2782596
int_ddfo,voluntary,2033,18.53781345
int_ddfo,voluntary,2034,18.64877942
int_ddfo,voluntary,2035,18.8442505
int_ddfo,voluntary,2036,18.9273308
int_ddfo,voluntary,2037,19.07764881
int_ddfo,voluntary,2038,19.16220482
int_ddfo,voluntary,2039,19.27805587
int_ddfo,voluntary,2040,19.46077146
int_ddfo,voluntary,2041,19.65405444
int_ddfo,voluntary,2042,19.74242691
int_ddfo,voluntary,2043,20.00793445
int_ddfo,voluntary,2044,20.17541809
int_ddfo,voluntary,2045,20.22905221
int_ddfo,voluntary,2046,20.43444611
int_ddfo,voluntary,2047,20.85973651
int_ddfo,voluntary,2048,20.86497779
int_ddfo,voluntary,2049,20.85568257
int_ddfo,voluntary,2050,20.94858392
int_ng,id,2010,2.674581799
int_ng,id,2011,2.674581799
int_ng,id,2012,2.674581799
int_ng,id,2013,2.674581799
int_ng,id,2014,2.674581799
int_ng,id,2015,2.674581799
int_ng,id,2016,2.674581799
int_ng,id,2017,2.674581799
int_ng,id,2018,2.674581799
int_ng,id,2019,2.674581799
int_ng,id,2020,2.674581799
int_ng,id,2021,2.674581799
int_ng,id,2022,2.674581799
int_ng,id,2023,2.674581799
int_ng,id,2024,2.674581799
int_ng,id,2025,3.274632571
int_ng,id,2026,3.220082501
int_ng,id,2027,3.137850306
int_ng,id,2028,3.222525042
int_ng,id,2029,3.357678947
int_ng,id,2030,3.514001536
int_ng,id,2031,3.648341261
int_ng,id,2032,4.029377572
int_ng,id,2033,4.313526445
int_ng,id,2034,4.477990836
int_ng,id,2035,4.541496888
int_ng,id,2036,4.508929682
int_ng,id,2037,4.438096009
int_ng,id,2038,4.377846677
int_ng,id,2039,4.334695129
int_ng,id,2040,4.381917578
int_ng,id,2041,4.495902799
int_ng,id,2042,4.582205895
int_ng,id,2043,4.657110469
int_ng,id,2044,4.682350054
int_ng,id,2045,4.722244882
int_ng,id,2046,4.786565114
int_ng,id,2047,4.782494213
int_ng,id,2048,4.722244882
int_ng,id,2049,4.670951532
int_ng,id,2050,4.642455227
int_ng,WA,2010,3.702891331
int_ng,WA,2011,3.702891331
int_ng,WA,2012,3.702891331
int_ng,WA,2013,3.702891331
int_ng,WA,2014,3.702891331
int_ng,WA,2015,3.702891331
int_ng,WA,2016,3.702891331
int_ng,WA,2017,3.702891331
int_ng,WA,2018,3.702891331
int_ng,WA,2019,3.702891331
int_ng,WA,2020,3.702891331
int_ng,WA,2021,3.702891331
int_ng,WA,2022,3.702891331
int_ng,WA,2023,3.702891331
int_ng,WA,2024,3.702891331
int_ng,WA,2025,4.196284503
int_ng,WA,2026,4.039147734
int_ng,WA,2027,3.943888656
int_ng,WA,2028,4.047289536
int_ng,WA,2029,4.226409169
int_ng,WA,2030,4.461707233
int_ng,WA,2031,4.641641047
int_ng,WA,2032,5.083740869
int_ng,WA,2033,5.348349418
int_ng,WA,2034,5.512813809
int_ng,WA,2035,5.564921339
int_ng,WA,2036,5.474547342
int_ng,WA,2037,5.3573054
int_ng,WA,2038,5.30194115
int_ng,WA,2039,5.254718701
int_ng,WA,2040,5.313339672
int_ng,WA,2041,5.446051037
int_ng,WA,2042,5.540495934
int_ng,WA,2043,5.62435649
int_ng,WA,2044,5.665065498
int_ng,WA,2045,5.698446884
int_ng,WA,2046,5.761952936
int_ng,WA,2047,5.779050719
int_ng,WA,2048,5.753811134
int_ng,WA,2049,5.734270811
int_ng,WA,2050,5.723686469
int_ng,OR,2010,3.702891331
int_ng,OR,2011,3.702891331
int_ng,OR,2012,3.702891331
int_ng,OR,2013,3.702891331
int_ng,OR,2014,3.702891331
int_ng,OR,2015,3.702891331
int_ng,OR,2016,3.702891331
int_ng,OR,2017,3.702891331
int_ng,OR,2018,3.702891331
int_ng,OR,2019,3.702891331
int_ng,OR,2020,3.702891331
int_ng,OR,2021,3.702891331
int_ng,OR,2022,3.702891331
int_ng,OR,2023,3.702891331
int_ng,OR,2024,3.702891331
int_ng,OR,2025,4.196284503
int_ng,OR,2026,4.039147734
int_ng,OR,2027,3.943888656
int_ng,OR,2028,4.047289536
int_ng,OR,2029,4.226409169
int_ng,OR,2030,4.461707233
int_ng,OR,2031,4.641641047
int_ng,OR,2032,5.083740869
int_ng,OR,2033,5.348349418
int_ng,OR,2034,5.512813809
int_ng,OR,2035,5.564921339
int_ng,OR,2036,5.474547342
int_ng,OR,2037,5.3573054
int_ng,OR,2038,5.30194115
int_ng,OR,2039,5.254718701
int_ng,OR,2040,5.313339672
int_ng,OR,2041,5.446051037
int_ng,OR,2042,5.540495934
int_ng,OR,2043,5.62435649
int_ng,OR,2044,5.665065498
int_ng,OR,2045,5.698446884
int_ng,OR,2046,5.761952936
int_ng,OR,2047,5.779050719
int_ng,OR,2048,5.753811134
int_ng,OR,2049,5.734270811
int_ng,OR,2050,5.723686469
int_ng,CA,2010,3.702891331
int_ng,CA,2011,3.702891331
int_ng,CA,2012,3.702891331
int_ng,CA,2013,3.702891331
int_ng,CA,2014,3.702891331
int_ng,CA,2015,3.702891331
int_ng,CA,2016,3.702891331
int_ng,CA,2017,3.702891331
int_ng,CA,2018,3.702891331
int_ng,CA,2019,3.702891331
int_ng,CA,2020,3.702891331
int_ng,CA,2021,3.702891331
int_ng,CA,2022,3.702891331
int_ng,CA,2023,3.702891331
int_ng,CA,2024,3.702891331
int_ng,CA,2025,4.196284503
int_ng,CA,2026,4.039147734
int_ng,CA,2027,3.943888656
int_ng,CA,2028,4.047289536
int_ng,CA,2029,4.226409169
int_ng,CA,2030,4.461707233
int_ng,CA,2031,4.641641047
int_ng,CA,2032,5.083740869
int_ng,CA,2033,5.348349418
int_ng,CA,2034,5.512813809
int_ng,CA,2035,5.564921339
int_ng,CA,2036,5.474547342
int_ng,CA,2037,5.3573054
int_ng,CA,2038,5.30194115
int_ng,CA,2039,5.254718701
int_ng,CA,2040,5.313339672
int_ng,CA,2041,5.446051037
int_ng,CA,2042,5.540495934
int_ng,CA,2043,5.62435649
int_ng,CA,2044,5.665065498
int_ng,CA,2045,5.698446884
int_ng,CA,2046,5.761952936
int_ng,CA,2047,5.779050719
int_ng,CA,2048,5.753811134
int_ng,CA,2049,5.734270811
int_ng,CA,2050,5.723686469
int_ng,NV,2010,2.674581799
int_ng,NV,2011,2.674581799
int_ng,NV,2012,2.674581799
int_ng,NV,2013,2.674581799
int_ng,NV,2014,2.674581799
int_ng,NV,2015,2.674581799
int_ng,NV,2016,2.674581799
int_ng,NV,2017,2.674581799
int_ng,NV,2018,2.674581799
int_ng,NV,2019,2.674581799
int_ng,NV,2020,2.674581799
int_ng,NV,2021,2.674581799
int_ng,NV,2022,2.674581799
int_ng,NV,2023,2.674581799
int_ng,NV,2024,2.674581799
int_ng,NV,2025,3.274632571
int_ng,NV,2026,3.220082501
int_ng,NV,2027,3.137850306
int_ng,NV,2028,3.222525042
int_ng,NV,2029,3.357678947
int_ng,NV,2030,3.514001536
int_ng,NV,2031,3.648341261
int_ng,NV,2032,4.029377572
int_ng,NV,2033,4.313526445
int_ng,NV,2034,4.477990836
int_ng,NV,2035,4.541496888
int_ng,NV,2036,4.508929682
int_ng,NV,2037,4.438096009
int_ng,NV,2038,4.377846677
int_ng,NV,2039,4.334695129
int_ng,NV,2040,4.381917578
int_ng,NV,2041,4.495902799
int_ng,NV,2042,4.582205895
int_ng,NV,2043,4.657110469
int_ng,NV,2044,4.682350054
int_ng,NV,2045,4.722244882
int_ng,NV,2046,4.786565114
int_ng,NV,2047,4.782494213
int_ng,NV,2048,4.722244882
int_ng,NV,2049,4.670951532
int_ng,NV,2050,4.642455227
int_ng,MT,2010,2.57240219
int_ng,MT,2011,2.57240219
int_ng,MT,2012,2.57240219
int_ng,MT,2013,2.57240219
int_ng,MT,2014,2.57240219
int_ng,MT,2015,2.57240219
int_ng,MT,2016,2.57240219
int_ng,MT,2017,2.57240219
int_ng,MT,2018,2.57240219
int_ng,MT,2019,2.57240219
int_ng,MT,2020,2.57240219
int_ng,MT,2021,2.57240219
int_ng,MT,2022,2.57240219
int_ng,MT,2023,2.57240219
int_ng,MT,2024,2.57240219
int_ng,MT,2025,3.178559313
int_ng,MT,2026,3.129301414
int_ng,MT,2027,3.036484877
int_ng,MT,2028,3.112610721
int_ng,MT,2029,3.232295203
int_ng,MT,2030,3.37559091
int_ng,MT,2031,3.500567564
int_ng,MT,2032,3.874683343
int_ng,MT,2033,4.155575496
int_ng,MT,2034,4.313526445
int_ng,MT,2035,4.372554506
int_ng,MT,2036,4.346093651
int_ng,MT,2037,4.275667068
int_ng,MT,2038,4.206054665
int_ng,MT,2039,4.155982586
int_ng,MT,2040,4.190178152
int_ng,MT,2041,4.292764851
int_ng,MT,2042,4.367669425
int_ng,MT,2043,4.432803838
int_ng,MT,2044,4.456007972
int_ng,MT,2045,4.495902799
int_ng,MT,2046,4.565108112
int_ng,MT,2047,4.562665572
int_ng,MT,2048,4.512186402
int_ng,MT,2049,4.463335593
int_ng,MT,2050,4.431175477
int_ng,WY,2010,2.674581799
int_ng,WY,2011,2.674581799
int_ng,WY,2012,2.674581799
int_ng,WY,2013,2.674581799
int_ng,WY,2014,2.674581799
int_ng,WY,2015,2.674581799
int_ng,WY,2016,2.674581799
int_ng,WY,2017,2.674581799
int_ng,WY,2018,2.674581799
int_ng,WY,2019,2.674581799
int_ng,WY,2020,2.674581799
int_ng,WY,2021,2.674581799
int_ng,WY,2022,2.674581799
int_ng,WY,2023,2.674581799
int_ng,WY,2024,2.674581799
int_ng,WY,2025,3.274632571
int_ng,WY,2026,3.220082501
int_ng,WY,2027,3.137850306
int_ng,WY,2028,3.222525042
int_ng,WY,2029,3.357678947
int_ng,WY,2030,3.514001536
int_ng,WY,2031,3.648341261
int_ng,WY,2032,4.029377572
int_ng,WY,2033,4.313526445
int_ng,WY,2034,4.477990836
int_ng,WY,2035,4.541496888
int_ng,WY,2036,4.508929682
int_ng,WY,2037,4.438096009
int_ng,WY,2038,4.377846677
int_ng,WY,2039,4.334695129
int_ng,WY,2040,4.381917578
int_ng,WY,2041,4.495902799
int_ng,WY,2042,4.582205895
int_ng,WY,2043,4.657110469
int_ng,WY,2044,4.682350054
int_ng,WY,2045,4.722244882
int_ng,WY,2046,4.786565114
int_ng,WY,2047,4.782494213
int_ng,WY,2048,4.722244882
int_ng,WY,2049,4.670951532
int_ng,WY,2050,4.642455227
int_ng,UT,2010,2.674581799
int_ng,UT,2011,2.674581799
int_ng,UT,2012,2.674581799
int_ng,UT,2013,2.674581799
int_ng,UT,2014,2.674581799
int_ng,UT,2015,2.674581799
int_ng,UT,2016,2.674581799
int_ng,UT,2017,2.674581799
int_ng,UT,2018,2.674581799
int_ng,UT,2019,2.674581799
int_ng,UT,2020,2.674581799
int_ng,UT,2021,2.674581799
int_ng,UT,2022,2.674581799
int_ng,UT,2023,2.674581799
int_ng,UT,2024,2.674581799
int_ng,UT,2025,3.274632571
int_ng,UT,2026,3.220082501
int_ng,UT,2027,3.137850306
int_ng,UT,2028,3.222525042
int_ng,UT,2029,3.357678947
int_ng,UT,2030,3.514001536
int_ng,UT,2031,3.648341261
int_ng,UT,2032,4.029377572
int_ng,UT,2033,4.313526445
int_ng,UT,2034,4.477990836
int_ng,UT,2035,4.541496888
int_ng,UT,2036,4.508929682
int_ng,UT,2037,4.438096009
int_ng,UT,2038,4.377846677
int_ng,UT,2039,4.334695129
int_ng,UT,2040,4.381917578
int_ng,UT,2041,4.495902799
int_ng,UT,2042,4.582205895
int_ng,UT,2043,4.657110469
int_ng,UT,2044,4.682350054
int_ng,UT,2045,4.722244882
int_ng,UT,2046,4.786565114
int_ng,UT,2047,4.782494213
int_ng,UT,2048,4.722244882
int_ng,UT,2049,4.670951532
int_ng,UT,2050,4.642455227
int_ng,AZ,2010,2.674581799
int_ng,AZ,2011,2.674581799
int_ng,AZ,2012,2.674581799
int_ng,AZ,2013,2.674581799
int_ng,AZ,2014,2.674581799
int_ng,AZ,2015,2.674581799
int_ng,AZ,2016,2.674581799
int_ng,AZ,2017,2.674581799
int_ng,AZ,2018,2.674581799
int_ng,AZ,2019,2.674581799
int_ng,AZ,2020,2.674581799
int_ng,AZ,2021,2.674581799
int_ng,AZ,2022,2.674581799
int_ng,AZ,2023,2.674581799
int_ng,AZ,2024,2.674581799
int_ng,AZ,2025,3.274632571
int_ng,AZ,2026,3.220082501
int_ng,AZ,2027,3.137850306
int_ng,AZ,2028,3.222525042
int_ng,AZ,2029,3.357678947
int_ng,AZ,2030,3.514001536
int_ng,AZ,2031,3.648341261
int_ng,AZ,2032,4.029377572
int_ng,AZ,2033,4.313526445
int_ng,AZ,2034,4.477990836
int_ng,AZ,2035,4.541496888
int_ng,AZ,2036,4.508929682
int_ng,AZ,2037,4.438096009
int_ng,AZ,2038,4.377846677
int_ng,AZ,2039,4.334695129
int_ng,AZ,2040,4.381917578
int_ng,AZ,2041,4.495902799
int_ng,AZ,2042,4.582205895
int_ng,AZ,2043,4.657110469
int_ng,AZ,2044,4.682350054
int_ng,AZ,2045,4.722244882
int_ng,AZ,2046,4.786565114
int_ng,AZ,2047,4.782494213
int_ng,AZ,2048,4.722244882
int_ng,AZ,2049,4.670951532
int_ng,AZ,2050,4.642455227
int_ng,NM,2010,2.405088169
int_ng,NM,2011,2.405088169
int_ng,NM,2012,2.405088169
int_ng,NM,2013,2.405088169
int_ng,NM,2014,2.405088169
int_ng,NM,2015,2.405088169
int_ng,NM,2016,2.405088169
int_ng,NM,2017,2.405088169
int_ng,NM,2018,2.405088169
int_ng,NM,2019,2.405088169
int_ng,NM,2020,2.405088169
int_ng,NM,2021,2.405088169
int_ng,NM,2022,2.405088169
int_ng,NM,2023,2.405088169
int_ng,NM,2024,2.405088169
int_ng,NM,2025,2.985191527
int_ng,NM,2026,2.903366422
int_ng,NM,2027,2.817063326
int_ng,NM,2028,2.903773512
int_ng,NM,2029,3.038113237
int_ng,NM,2030,3.191179106
int_ng,NM,2031,3.315748669
int_ng,NM,2032,3.69393535
int_ng,NM,2033,3.993146556
int_ng,NM,2034,4.169009468
int_ng,NM,2035,4.236586421
int_ng,NM,2036,4.217860277
int_ng,NM,2037,4.159646397
int_ng,NM,2038,4.101432516
int_ng,NM,2039,4.054210067
int_ng,NM,2040,4.087998543
int_ng,NM,2041,4.181222171
int_ng,NM,2042,4.261826006
int_ng,NM,2043,4.352607093
int_ng,NM,2044,4.397387001
int_ng,NM,2045,4.440538549
int_ng,NM,2046,4.506487141
int_ng,NM,2047,4.520328204
int_ng,NM,2048,4.486132638
int_ng,NM,2049,4.4466449
int_ng,NM,2050,4.423033676
int_ng,SD,2010,2.57240219
int_ng,SD,2011,2.57240219
int_ng,SD,2012,2.57240219
int_ng,SD,2013,2.57240219
int_ng,SD,2014,2.57240219
int_ng,SD,2015,2.57240219
int_ng,SD,2016,2.57240219
int_ng,SD,2017,2.57240219
int_ng,SD,2018,2.57240219
int_ng,SD,2019,2.57240219
int_ng,SD,2020,2.57240219
int_ng,SD,2021,2.57240219
int_ng,SD,2022,2.57240219
int_ng,SD,2023,2.57240219
int_ng,SD,2024,2.57240219
int_ng,SD,2025,3.178559313
int_ng,SD,2026,3.129301414
int_ng,SD,2027,3.036484877
int_ng,SD,2028,3.112610721
int_ng,SD,2029,3.232295203
int_ng,SD,2030,3.37559091
int_ng,SD,2031,3.500567564
int_ng,SD,2032,3.874683343
int_ng,SD,2033,4.155575496
int_ng,SD,2034,4.313526445
int_ng,SD,2035,4.372554506
int_ng,SD,2036,4.346093651
int_ng,SD,2037,4.275667068
int_ng,SD,2038,4.206054665
int_ng,SD,2039,4.155982586
int_ng,SD,2040,4.190178152
int_ng,SD,2041,4.292764851
int_ng,SD,2042,4.367669425
int_ng,SD,2043,4.432803838
int_ng,SD,2044,4.456007972
int_ng,SD,2045,4.495902799
int_ng,SD,2046,4.565108112
int_ng,SD,2047,4.562665572
int_ng,SD,2048,4.512186402
int_ng,SD,2049,4.463335593
int_ng,SD,2050,4.431175477
int_ng,CO,2010,2.674581799
int_ng,CO,2011,2.674581799
int_ng,CO,2012,2.674581799
int_ng,CO,2013,2.674581799
int_ng,CO,2014,2.674581799
int_ng,CO,2015,2.674581799
int_ng,CO,2016,2.674581799
int_ng,CO,2017,2.674581799
int_ng,CO,2018,2.674581799
int_ng,CO,2019,2.674581799
int_ng,CO,2020,2.674581799
int_ng,CO,2021,2.674581799
int_ng,CO,2022,2.674581799
int_ng,CO,2023,2.674581799
int_ng,CO,2024,2.674581799
int_ng,CO,2025,3.274632571
int_ng,CO,2026,3.220082501
int_ng,CO,2027,3.137850306
int_ng,CO,2028,3.222525042
int_ng,CO,2029,3.357678947
int_ng,CO,2030,3.514001536
int_ng,CO,2031,3.648341261
int_ng,CO,2032,4.029377572
int_ng,CO,2033,4.313526445
int_ng,CO,2034,4.477990836
int_ng,CO,2035,4.541496888
int_ng,CO,2036,4.508929682
int_ng,CO,2037,4.438096009
int_ng,CO,2038,4.377846677
int_ng,CO,2039,4.334695129
int_ng,CO,2040,4.381917578
int_ng,CO,2041,4.495902799
int_ng,CO,2042,4.582205895
int_ng,CO,2043,4.657110469
int_ng,CO,2044,4.682350054
int_ng,CO,2045,4.722244882
int_ng,CO,2046,4.786565114
int_ng,CO,2047,4.782494213
int_ng,CO,2048,4.722244882
int_ng,CO,2049,4.670951532
int_ng,CO,2050,4.642455227
int_ng,ND,2010,2.470222581
int_ng,ND,2011,2.470222581
int_ng,ND,2012,2.470222581
int_ng,ND,2013,2.470222581
int_ng,ND,2014,2.470222581
int_ng,ND,2015,2.470222581
int_ng,ND,2016,2.470222581
int_ng,ND,2017,2.470222581
int_ng,ND,2018,2.470222581
int_ng,ND,2019,2.470222581
int_ng,ND,2020,2.470222581
int_ng,ND,2021,2.470222581
int_ng,ND,2022,2.470222581
int_ng,ND,2023,2.470222581
int_ng,ND,2024,2.470222581
int_ng,ND,2025,3.082486055
int_ng,ND,2026,3.038520327
int_ng,ND,2027,2.935119448
int_ng,ND,2028,3.002696401
int_ng,ND,2029,3.10691146
int_ng,ND,2030,3.237180284
int_ng,ND,2031,3.352793866
int_ng,ND,2032,3.719989115
int_ng,ND,2033,3.997624546
int_ng,ND,2034,4.149062055
int_ng,ND,2035,4.203612125
int_ng,ND,2036,4.183257621
int_ng,ND,2037,4.113238128
int_ng,ND,2038,4.034262653
int_ng,ND,2039,3.977270042
int_ng,ND,2040,3.998438726
int_ng,ND,2041,4.089626903
int_ng,ND,2042,4.153132955
int_ng,ND,2043,4.208497206
int_ng,ND,2044,4.22966589
int_ng,ND,2045,4.269560717
int_ng,ND,2046,4.343651111
int_ng,ND,2047,4.342836931
int_ng,ND,2048,4.302127923
int_ng,ND,2049,4.255719654
int_ng,ND,2050,4.219895728
int_ng,NE,2010,2.470222581
int_ng,NE,2011,2.470222581
int_ng,NE,2012,2.470222581
int_ng,NE,2013,2.470222581
int_ng,NE,2014,2.470222581
int_ng,NE,2015,2.470222581
int_ng,NE,2016,2.470222581
int_ng,NE,2017,2.470222581
int_ng,NE,2018,2.470222581
int_ng,NE,2019,2.470222581
int_ng,NE,2020,2.470222581
int_ng,NE,2021,2.470222581
int_ng,NE,2022,2.470222581
int_ng,NE,2023,2.470222581
int_ng,NE,2024,2.470222581
int_ng,NE,2025,3.082486055
int_ng,NE,2026,3.038520327
int_ng,NE,2027,2.935119448
int_ng,NE,2028,3.002696401
int_ng,NE,2029,3.10691146
int_ng,NE,2030,3.237180284
int_ng,NE,2031,3.352793866
int_ng,NE,2032,3.719989115
int_ng,NE,2033,3.997624546
int_ng,NE,2034,4.149062055
int_ng,NE,2035,4.203612125
int_ng,NE,2036,4.183257621
int_ng,NE,2037,4.113238128
int_ng,NE,2038,4.034262653
int_ng,NE,2039,3.977270042
int_ng,NE,2040,3.998438726
int_ng,NE,2041,4.089626903
int_ng,NE,2042,4.153132955
int_ng,NE,2043,4.208497206
int_ng,NE,2044,4.22966589
int_ng,NE,2045,4.269560717
int_ng,NE,2046,4.343651111
int_ng,NE,2047,4.342836931
int_ng,NE,2048,4.302127923
int_ng,NE,2049,4.255719654
int_ng,NE,2050,4.219895728
int_ng,MN,2010,2.470222581
int_ng,MN,2011,2.470222581
int_ng,MN,2012,2.470222581
int_ng,MN,2013,2.470222581
int_ng,MN,2014,2.470222581
int_ng,MN,2015,2.470222581
int_ng,MN,2016,2.470222581
int_ng,MN,2017,2.470222581
int_ng,MN,2018,2.470222581
int_ng,MN,2019,2.470222581
int_ng,MN,2020,2.470222581
int_ng,MN,2021,2.470222581
int_ng,MN,2022,2.470222581
int_ng,MN,2023,2.470222581
int_ng,MN,2024,2.470222581
int_ng,MN,2025,3.082486055
int_ng,MN,2026,3.038520327
int_ng,MN,2027,2.935119448
int_ng,MN,2028,3.002696401
int_ng,MN,2029,3.10691146
int_ng,MN,2030,3.237180284
int_ng,MN,2031,3.352793866
int_ng,MN,2032,3.719989115
int_ng,MN,2033,3.997624546
int_ng,MN,2034,4.149062055
int_ng,MN,2035,4.203612125
int_ng,MN,2036,4.183257621
int_ng,MN,2037,4.113238128
int_ng,MN,2038,4.034262653
int_ng,MN,2039,3.977270042
int_ng,MN,2040,3.998438726
int_ng,MN,2041,4.089626903
int_ng,MN,2042,4.153132955
int_ng,MN,2043,4.208497206
int_ng,MN,2044,4.22966589
int_ng,MN,2045,4.269560717
int_ng,MN,2046,4.343651111
int_ng,MN,2047,4.342836931
int_ng,MN,2048,4.302127923
int_ng,MN,2049,4.255719654
int_ng,MN,2050,4.219895728
int_ng,IA,2010,2.470222581
int_ng,IA,2011,2.470222581
int_ng,IA,2012,2.470222581
int_ng,IA,2013,2.470222581
int_ng,IA,2014,2.470222581
int_ng,IA,2015,2.470222581
int_ng,IA,2016,2.470222581
int_ng,IA,2017,2.470222581
int_ng,IA,2018,2.470222581
int_ng,IA,2019,2.470222581
int_ng,IA,2020,2.470222581
int_ng,IA,2021,2.470222581
int_ng,IA,2022,2.470222581
int_ng,IA,2023,2.470222581
int_ng,IA,2024,2.470222581
int_ng,IA,2025,3.082486055
int_ng,IA,2026,3.038520327
int_ng,IA,2027,2.935119448
int_ng,IA,2028,3.002696401
int_ng,IA,2029,3.10691146
int_ng,IA,2030,3.237180284
int_ng,IA,2031,3.352793866
int_ng,IA,2032,3.719989115
int_ng,IA,2033,3.997624546
int_ng,IA,2034,4.149062055
int_ng,IA,2035,4.203612125
int_ng,IA,2036,4.183257621
int_ng,IA,2037,4.113238128
int_ng,IA,2038,4.034262653
int_ng,IA,2039,3.977270042
int_ng,IA,2040,3.998438726
int_ng,IA,2041,4.089626903
int_ng,IA,2042,4.153132955
int_ng,IA,2043,4.208497206
int_ng,IA,2044,4.22966589
int_ng,IA,2045,4.269560717
int_ng,IA,2046,4.343651111
int_ng,IA,2047,4.342836931
int_ng,IA,2048,4.302127923
int_ng,IA,2049,4.255719654
int_ng,IA,2050,4.219895728
int_ng,WI,2010,3.057246471
int_ng,WI,2011,3.057246471
int_ng,WI,2012,3.057246471
int_ng,WI,2013,3.057246471
int_ng,WI,2014,3.057246471
int_ng,WI,2015,3.057246471
int_ng,WI,2016,3.057246471
int_ng,WI,2017,3.057246471
int_ng,WI,2018,3.057246471
int_ng,WI,2019,3.057246471
int_ng,WI,2020,3.057246471
int_ng,WI,2021,3.057246471
int_ng,WI,2022,3.057246471
int_ng,WI,2023,3.057246471
int_ng,WI,2024,3.057246471
int_ng,WI,2025,3.666253224
int_ng,WI,2026,3.566109066
int_ng,WI,2027,3.462708186
int_ng,WI,2028,3.494461212
int_ng,WI,2029,3.579135948
int_ng,WI,2030,3.671138305
int_ng,WI,2031,3.771282464
int_ng,WI,2032,4.098582885
int_ng,WI,2033,4.350978732
int_ng,WI,2034,4.481247557
int_ng,WI,2035,4.531726726
int_ng,WI,2036,4.516257303
int_ng,WI,2037,4.44460945
int_ng,WI,2038,4.350164552
int_ng,WI,2039,4.2866585
int_ng,WI,2040,4.279330879
int_ng,WI,2041,4.33795185
int_ng,WI,2042,4.376218317
int_ng,WI,2043,4.407157163
int_ng,WI,2044,4.416927325
int_ng,WI,2045,4.440538549
int_ng,WI,2046,4.485318457
int_ng,WI,2047,4.464149773
int_ng,WI,2048,4.421812406
int_ng,WI,2049,4.376218317
int_ng,WI,2050,4.328995868
int_ng,TX,2010,2.405088169
int_ng,TX,2011,2.405088169
int_ng,TX,2012,2.405088169
int_ng,TX,2013,2.405088169
int_ng,TX,2014,2.405088169
int_ng,TX,2015,2.405088169
int_ng,TX,2016,2.405088169
int_ng,TX,2017,2.405088169
int_ng,TX,2018,2.405088169
int_ng,TX,2019,2.405088169
int_ng,TX,2020,2.405088169
int_ng,TX,2021,2.405088169
int_ng,TX,2022,2.405088169
int_ng,TX,2023,2.405088169
int_ng,TX,2024,2.405088169
int_ng,TX,2025,2.985191527
int_ng,TX,2026,2.903366422
int_ng,TX,2027,2.817063326
int_ng,TX,2028,2.903773512
int_ng,TX,2029,3.038113237
int_ng,TX,2030,3.191179106
int_ng,TX,2031,3.315748669
int_ng,TX,2032,3.69393535
int_ng,TX,2033,3.993146556
int_ng,TX,2034,4.169009468
int_ng,TX,2035,4.236586421
int_ng,TX,2036,4.217860277
int_ng,TX,2037,4.159646397
int_ng,TX,2038,4.101432516
int_ng,TX,2039,4.054210067
int_ng,TX,2040,4.087998543
int_ng,TX,2041,4.181222171
int_ng,TX,2042,4.261826006
int_ng,TX,2043,4.352607093
int_ng,TX,2044,4.397387001
int_ng,TX,2045,4.440538549
int_ng,TX,2046,4.506487141
int_ng,TX,2047,4.520328204
int_ng,TX,2048,4.486132638
int_ng,TX,2049,4.4466449
int_ng,TX,2050,4.423033676
int_ng,OK,2010,2.135594539
int_ng,OK,2011,2.135594539
int_ng,OK,2012,2.135594539
int_ng,OK,2013,2.135594539
int_ng,OK,2014,2.135594539
int_ng,OK,2015,2.135594539
int_ng,OK,2016,2.135594539
int_ng,OK,2017,2.135594539
int_ng,OK,2018,2.135594539
int_ng,OK,2019,2.135594539
int_ng,OK,2020,2.135594539
int_ng,OK,2021,2.135594539
int_ng,OK,2022,2.135594539
int_ng,OK,2023,2.135594539
int_ng,OK,2024,2.135594539
int_ng,OK,2025,2.695750483
int_ng,OK,2026,2.586650343
int_ng,OK,2027,2.496276346
int_ng,OK,2028,2.585021983
int_ng,OK,2029,2.718547528
int_ng,OK,2030,2.868356675
int_ng,OK,2031,2.983156077
int_ng,OK,2032,3.358493127
int_ng,OK,2033,3.672766666
int_ng,OK,2034,3.860028101
int_ng,OK,2035,3.931675954
int_ng,OK,2036,3.926790873
int_ng,OK,2037,3.881196785
int_ng,OK,2038,3.825018354
int_ng,OK,2039,3.773725005
int_ng,OK,2040,3.794079508
int_ng,OK,2041,3.866541542
int_ng,OK,2042,3.941446116
int_ng,OK,2043,4.048103716
int_ng,OK,2044,4.112423948
int_ng,OK,2045,4.158832216
int_ng,OK,2046,4.226409169
int_ng,OK,2047,4.258162195
int_ng,OK,2048,4.250020393
int_ng,OK,2049,4.222338268
int_ng,OK,2050,4.203612125
int_ng,KS,2010,2.470222581
int_ng,KS,2011,2.470222581
int_ng,KS,2012,2.470222581
int_ng,KS,2013,2.470222581
int_ng,KS,2014,2.470222581
int_ng,KS,2015,2.470222581
int_ng,KS,2016,2.470222581
int_ng,KS,2017,2.470222581
int_ng,KS,2018,2.470222581
int_ng,KS,2019,2.470222581
int_ng,KS,2020,2.470222581
int_ng,KS,2021,2.470222581
int_ng,KS,2022,2.470222581
int_ng,KS,2023,2.470222581
int_ng,KS,2024,2.470222581
int_ng,KS,2025,3.082486055
int_ng,KS,2026,3.038520327
int_ng,KS,2027,2.935119448
int_ng,KS,2028,3.002696401
int_ng,KS,2029,3.10691146
int_ng,KS,2030,3.237180284
int_ng,KS,2031,3.352793866
int_ng,KS,2032,3.719989115
int_ng,KS,2033,3.997624546
int_ng,KS,2034,4.149062055
int_ng,KS,2035,4.203612125
int_ng,KS,2036,4.183257621
int_ng,KS,2037,4.113238128
int_ng,KS,2038,4.034262653
int_ng,KS,2039,3.977270042
int_ng,KS,2040,3.998438726
int_ng,KS,2041,4.089626903
int_ng,KS,2042,4.153132955
int_ng,KS,2043,4.208497206
int_ng,KS,2044,4.22966589
int_ng,KS,2045,4.269560717
int_ng,KS,2046,4.343651111
int_ng,KS,2047,4.342836931
int_ng,KS,2048,4.302127923
int_ng,KS,2049,4.255719654
int_ng,KS,2050,4.219895728
int_ng,MO,2010,2.470222581
int_ng,MO,2011,2.470222581
int_ng,MO,2012,2.470222581
int_ng,MO,2013,2.470222581
int_ng,MO,2014,2.470222581
int_ng,MO,2015,2.470222581
int_ng,MO,2016,2.470222581
int_ng,MO,2017,2.470222581
int_ng,MO,2018,2.470222581
int_ng,MO,2019,2.470222581
int_ng,MO,2020,2.470222581
int_ng,MO,2021,2.470222581
int_ng,MO,2022,2.470222581
int_ng,MO,2023,2.470222581
int_ng,MO,2024,2.470222581
int_ng,MO,2025,3.082486055
int_ng,MO,2026,3.038520327
int_ng,MO,2027,2.935119448
int_ng,MO,2028,3.002696401
int_ng,MO,2029,3.10691146
int_ng,MO,2030,3.237180284
int_ng,MO,2031,3.352793866
int_ng,MO,2032,3.719989115
int_ng,MO,2033,3.997624546
int_ng,MO,2034,4.149062055
int_ng,MO,2035,4.203612125
int_ng,MO,2036,4.183257621
int_ng,MO,2037,4.113238128
int_ng,MO,2038,4.034262653
int_ng,MO,2039,3.977270042
int_ng,MO,2040,3.998438726
int_ng,MO,2041,4.089626903
int_ng,MO,2042,4.153132955
int_ng,MO,2043,4.208497206
int_ng,MO,2044,4.22966589
int_ng,MO,2045,4.269560717
int_ng,MO,2046,4.343651111
int_ng,MO,2047,4.342836931
int_ng,MO,2048,4.302127923
int_ng,MO,2049,4.255719654
int_ng,MO,2050,4.219895728
int_ng,AR,2010,2.135594539
int_ng,AR,2011,2.135594539
int_ng,AR,2012,2.135594539
int_ng,AR,2013,2.135594539
int_ng,AR,2014,2.135594539
int_ng,AR,2015,2.135594539
int_ng,AR,2016,2.135594539
int_ng,AR,2017,2.135594539
int_ng,AR,2018,2.135594539
int_ng,AR,2019,2.135594539
int_ng,AR,2020,2.135594539
int_ng,AR,2021,2.135594539
int_ng,AR,2022,2.135594539
int_ng,AR,2023,2.135594539
int_ng,AR,2024,2.135594539
int_ng,AR,2025,2.695750483
int_ng,AR,2026,2.586650343
int_ng,AR,2027,2.496276346
int_ng,AR,2028,2.585021983
int_ng,AR,2029,2.718547528
int_ng,AR,2030,2.868356675
int_ng,AR,2031,2.983156077
int_ng,AR,2032,3.358493127
int_ng,AR,2033,3.672766666
int_ng,AR,2034,3.860028101
int_ng,AR,2035,3.931675954
int_ng,AR,2036,3.926790873
int_ng,AR,2037,3.881196785
int_ng,AR,2038,3.825018354
int_ng,AR,2039,3.773725005
int_ng,AR,2040,3.794079508
int_ng,AR,2041,3.866541542
int_ng,AR,2042,3.941446116
int_ng,AR,2043,4.048103716
int_ng,AR,2044,4.112423948
int_ng,AR,2045,4.158832216
int_ng,AR,2046,4.226409169
int_ng,AR,2047,4.258162195
int_ng,AR,2048,4.250020393
int_ng,AR,2049,4.222338268
int_ng,AR,2050,4.203612125
int_ng,LA,2010,2.135594539
int_ng,LA,2011,2.135594539
int_ng,LA,2012,2.135594539
int_ng,LA,2013,2.135594539
int_ng,LA,2014,2.135594539
int_ng,LA,2015,2.135594539
int_ng,LA,2016,2.135594539
int_ng,LA,2017,2.135594539
int_ng,LA,2018,2.135594539
int_ng,LA,2019,2.135594539
int_ng,LA,2020,2.135594539
int_ng,LA,2021,2.135594539
int_ng,LA,2022,2.135594539
int_ng,LA,2023,2.135594539
int_ng,LA,2024,2.135594539
int_ng,LA,2025,2.695750483
int_ng,LA,2026,2.586650343
int_ng,LA,2027,2.496276346
int_ng,LA,2028,2.585021983
int_ng,LA,2029,2.718547528
int_ng,LA,2030,2.868356675
int_ng,LA,2031,2.983156077
int_ng,LA,2032,3.358493127
int_ng,LA,2033,3.672766666
int_ng,LA,2034,3.860028101
int_ng,LA,2035,3.931675954
int_ng,LA,2036,3.926790873
int_ng,LA,2037,3.881196785
int_ng,LA,2038,3.825018354
int_ng,LA,2039,3.773725005
int_ng,LA,2040,3.794079508
int_ng,LA,2041,3.866541542
int_ng,LA,2042,3.941446116
int_ng,LA,2043,4.048103716
int_ng,LA,2044,4.112423948
int_ng,LA,2045,4.158832216
int_ng,LA,2046,4.226409169
int_ng,LA,2047,4.258162195
int_ng,LA,2048,4.250020393
int_ng,LA,2049,4.222338268
int_ng,LA,2050,4.203612125
int_ng,MI,2010,3.057246471
int_ng,MI,2011,3.057246471
int_ng,MI,2012,3.057246471
int_ng,MI,2013,3.057246471
int_ng,MI,2014,3.057246471
int_ng,MI,2015,3.057246471
int_ng,MI,2016,3.057246471
int_ng,MI,2017,3.057246471
int_ng,MI,2018,3.057246471
int_ng,MI,2019,3.057246471
int_ng,MI,2020,3.057246471
int_ng,MI,2021,3.057246471
int_ng,MI,2022,3.057246471
int_ng,MI,2023,3.057246471
int_ng,MI,2024,3.057246471
int_ng,MI,2025,3.666253224
int_ng,MI,2026,3.566109066
int_ng,MI,2027,3.462708186
int_ng,MI,2028,3.494461212
int_ng,MI,2029,3.579135948
int_ng,MI,2030,3.671138305
int_ng,MI,2031,3.771282464
int_ng,MI,2032,4.098582885
int_ng,MI,2033,4.350978732
int_ng,MI,2034,4.481247557
int_ng,MI,2035,4.531726726
int_ng,MI,2036,4.516257303
int_ng,MI,2037,4.44460945
int_ng,MI,2038,4.350164552
int_ng,MI,2039,4.2866585
int_ng,MI,2040,4.279330879
int_ng,MI,2041,4.33795185
int_ng,MI,2042,4.376218317
int_ng,MI,2043,4.407157163
int_ng,MI,2044,4.416927325
int_ng,MI,2045,4.440538549
int_ng,MI,2046,4.485318457
int_ng,MI,2047,4.464149773
int_ng,MI,2048,4.421812406
int_ng,MI,2049,4.376218317
int_ng,MI,2050,4.328995868
int_ng,IL,2010,3.057246471
int_ng,IL,2011,3.057246471
int_ng,IL,2012,3.057246471
int_ng,IL,2013,3.057246471
int_ng,IL,2014,3.057246471
int_ng,IL,2015,3.057246471
int_ng,IL,2016,3.057246471
int_ng,IL,2017,3.057246471
int_ng,IL,2018,3.057246471
int_ng,IL,2019,3.057246471
int_ng,IL,2020,3.057246471
int_ng,IL,2021,3.057246471
int_ng,IL,2022,3.057246471
int_ng,IL,2023,3.057246471
int_ng,IL,2024,3.057246471
int_ng,IL,2025,3.666253224
int_ng,IL,2026,3.566109066
int_ng,IL,2027,3.462708186
int_ng,IL,2028,3.494461212
int_ng,IL,2029,3.579135948
int_ng,IL,2030,3.671138305
int_ng,IL,2031,3.771282464
int_ng,IL,2032,4.098582885
int_ng,IL,2033,4.350978732
int_ng,IL,2034,4.481247557
int_ng,IL,2035,4.531726726
int_ng,IL,2036,4.516257303
int_ng,IL,2037,4.44460945
int_ng,IL,2038,4.350164552
int_ng,IL,2039,4.2866585
int_ng,IL,2040,4.279330879
int_ng,IL,2041,4.33795185
int_ng,IL,2042,4.376218317
int_ng,IL,2043,4.407157163
int_ng,IL,2044,4.416927325
int_ng,IL,2045,4.440538549
int_ng,IL,2046,4.485318457
int_ng,IL,2047,4.464149773
int_ng,IL,2048,4.421812406
int_ng,IL,2049,4.376218317
int_ng,IL,2050,4.328995868
int_ng,MS,2010,2.620031729
int_ng,MS,2011,2.620031729
int_ng,MS,2012,2.620031729
int_ng,MS,2013,2.620031729
int_ng,MS,2014,2.620031729
int_ng,MS,2015,2.620031729
int_ng,MS,2016,2.620031729
int_ng,MS,2017,2.620031729
int_ng,MS,2018,2.620031729
int_ng,MS,2019,2.620031729
int_ng,MS,2020,2.620031729
int_ng,MS,2021,2.620031729
int_ng,MS,2022,2.620031729
int_ng,MS,2023,2.620031729
int_ng,MS,2024,2.620031729
int_ng,MS,2025,3.195657097
int_ng,MS,2026,3.076786794
int_ng,MS,2027,2.973385915
int_ng,MS,2028,3.036077787
int_ng,MS,2029,3.145177927
int_ng,MS,2030,3.26893331
int_ng,MS,2031,3.371520009
int_ng,MS,2032,3.69393535
int_ng,MS,2033,3.973199142
int_ng,MS,2034,4.132778452
int_ng,MS,2035,4.197098684
int_ng,MS,2036,4.190585242
int_ng,MS,2037,4.133592632
int_ng,MS,2038,4.055431337
int_ng,MS,2039,3.982155123
int_ng,MS,2040,3.969128241
int_ng,MS,2041,4.006580528
int_ng,MS,2042,4.047289536
int_ng,MS,2043,4.130335911
int_ng,MS,2044,4.17674418
int_ng,MS,2045,4.212568106
int_ng,MS,2046,4.264675636
int_ng,MS,2047,4.245135313
int_ng,MS,2048,4.166974018
int_ng,MS,2049,4.048917896
int_ng,MS,2050,3.939817756
int_ng,AL,2010,2.620031729
int_ng,AL,2011,2.620031729
int_ng,AL,2012,2.620031729
int_ng,AL,2013,2.620031729
int_ng,AL,2014,2.620031729
int_ng,AL,2015,2.620031729
int_ng,AL,2016,2.620031729
int_ng,AL,2017,2.620031729
int_ng,AL,2018,2.620031729
int_ng,AL,2019,2.620031729
int_ng,AL,2020,2.620031729
int_ng,AL,2021,2.620031729
int_ng,AL,2022,2.620031729
int_ng,AL,2023,2.620031729
int_ng,AL,2024,2.620031729
int_ng,AL,2025,3.195657097
int_ng,AL,2026,3.076786794
int_ng,AL,2027,2.973385915
int_ng,AL,2028,3.036077787
int_ng,AL,2029,3.145177927
int_ng,AL,2030,3.26893331
int_ng,AL,2031,3.371520009
int_ng,AL,2032,3.69393535
int_ng,AL,2033,3.973199142
int_ng,AL,2034,4.132778452
int_ng,AL,2035,4.197098684
int_ng,AL,2036,4.190585242
int_ng,AL,2037,4.133592632
int_ng,AL,2038,4.055431337
int_ng,AL,2039,3.982155123
int_ng,AL,2040,3.969128241
int_ng,AL,2041,4.006580528
int_ng,AL,2042,4.047289536
int_ng,AL,2043,4.130335911
int_ng,AL,2044,4.17674418
int_ng,AL,2045,4.212568106
int_ng,AL,2046,4.264675636
int_ng,AL,2047,4.245135313
int_ng,AL,2048,4.166974018
int_ng,AL,2049,4.048917896
int_ng,AL,2050,3.939817756
int_ng,FL,2010,3.143549567
int_ng,FL,2011,3.143549567
int_ng,FL,2012,3.143549567
int_ng,FL,2013,3.143549567
int_ng,FL,2014,3.143549567
int_ng,FL,2015,3.143549567
int_ng,FL,2016,3.143549567
int_ng,FL,2017,3.143549567
int_ng,FL,2018,3.143549567
int_ng,FL,2019,3.143549567
int_ng,FL,2020,3.143549567
int_ng,FL,2021,3.143549567
int_ng,FL,2022,3.143549567
int_ng,FL,2023,3.143549567
int_ng,FL,2024,3.143549567
int_ng,FL,2025,3.633686018
int_ng,FL,2026,3.518072437
int_ng,FL,2027,3.42688426
int_ng,FL,2028,3.413857377
int_ng,FL,2029,3.522143338
int_ng,FL,2030,3.594605371
int_ng,FL,2031,3.678465927
int_ng,FL,2032,3.995996186
int_ng,FL,2033,4.253277114
int_ng,FL,2034,4.39005938
int_ng,FL,2035,4.440538549
int_ng,FL,2036,4.437281828
int_ng,FL,2037,4.372961596
int_ng,FL,2038,4.28421596
int_ng,FL,2039,4.213382287
int_ng,FL,2040,4.187328522
int_ng,FL,2041,4.215824827
int_ng,FL,2042,4.247577853
int_ng,FL,2043,4.304570464
int_ng,FL,2044,4.331438409
int_ng,FL,2045,4.348536192
int_ng,FL,2046,4.383545938
int_ng,FL,2047,4.355863813
int_ng,FL,2048,4.296428662
int_ng,FL,2049,4.209311386
int_ng,FL,2050,4.12463665
int_ng,TN,2010,2.620031729
int_ng,TN,2011,2.620031729
int_ng,TN,2012,2.620031729
int_ng,TN,2013,2.620031729
int_ng,TN,2014,2.620031729
int_ng,TN,2015,2.620031729
int_ng,TN,2016,2.620031729
int_ng,TN,2017,2.620031729
int_ng,TN,2018,2.620031729
int_ng,TN,2019,2.620031729
int_ng,TN,2020,2.620031729
int_ng,TN,2021,2.620031729
int_ng,TN,2022,2.620031729
int_ng,TN,2023,2.620031729
int_ng,TN,2024,2.620031729
int_ng,TN,2025,3.195657097
int_ng,TN,2026,3.076786794
int_ng,TN,2027,2.973385915
int_ng,TN,2028,3.036077787
int_ng,TN,2029,3.145177927
int_ng,TN,2030,3.26893331
int_ng,TN,2031,3.371520009
int_ng,TN,2032,3.69393535
int_ng,TN,2033,3.973199142
int_ng,TN,2034,4.132778452
int_ng,TN,2035,4.197098684
int_ng,TN,2036,4.190585242
int_ng,TN,2037,4.133592632
int_ng,TN,2038,4.055431337
int_ng,TN,2039,3.982155123
int_ng,TN,2040,3.969128241
int_ng,TN,2041,4.006580528
int_ng,TN,2042,4.047289536
int_ng,TN,2043,4.130335911
int_ng,TN,2044,4.17674418
int_ng,TN,2045,4.212568106
int_ng,TN,2046,4.264675636
int_ng,TN,2047,4.245135313
int_ng,TN,2048,4.166974018
int_ng,TN,2049,4.048917896
int_ng,TN,2050,3.939817756
int_ng,KY,2010,2.620031729
int_ng,KY,2011,2.620031729
int_ng,KY,2012,2.620031729
int_ng,KY,2013,2.620031729
int_ng,KY,2014,2.620031729
int_ng,KY,2015,2.620031729
int_ng,KY,2016,2.620031729
int_ng,KY,2017,2.620031729
int_ng,KY,2018,2.620031729
int_ng,KY,2019,2.620031729
int_ng,KY,2020,2.620031729
int_ng,KY,2021,2.620031729
int_ng,KY,2022,2.620031729
int_ng,KY,2023,2.620031729
int_ng,KY,2024,2.620031729
int_ng,KY,2025,3.195657097
int_ng,KY,2026,3.076786794
int_ng,KY,2027,2.973385915
int_ng,KY,2028,3.036077787
int_ng,KY,2029,3.145177927
int_ng,KY,2030,3.26893331
int_ng,KY,2031,3.371520009
int_ng,KY,2032,3.69393535
int_ng,KY,2033,3.973199142
int_ng,KY,2034,4.132778452
int_ng,KY,2035,4.197098684
int_ng,KY,2036,4.190585242
int_ng,KY,2037,4.133592632
int_ng,KY,2038,4.055431337
int_ng,KY,2039,3.982155123
int_ng,KY,2040,3.969128241
int_ng,KY,2041,4.006580528
int_ng,KY,2042,4.047289536
int_ng,KY,2043,4.130335911
int_ng,KY,2044,4.17674418
int_ng,KY,2045,4.212568106
int_ng,KY,2046,4.264675636
int_ng,KY,2047,4.245135313
int_ng,KY,2048,4.166974018
int_ng,KY,2049,4.048917896
int_ng,KY,2050,3.939817756
int_ng,GA,2010,3.143549567
int_ng,GA,2011,3.143549567
int_ng,GA,2012,3.143549567
int_ng,GA,2013,3.143549567
int_ng,GA,2014,3.143549567
int_ng,GA,2015,3.143549567
int_ng,GA,2016,3.143549567
int_ng,GA,2017,3.143549567
int_ng,GA,2018,3.143549567
int_ng,GA,2019,3.143549567
int_ng,GA,2020,3.143549567
int_ng,GA,2021,3.143549567
int_ng,GA,2022,3.143549567
int_ng,GA,2023,3.143549567
int_ng,GA,2024,3.143549567
int_ng,GA,2025,3.633686018
int_ng,GA,2026,3.518072437
int_ng,GA,2027,3.42688426
int_ng,GA,2028,3.413857377
int_ng,GA,2029,3.522143338
int_ng,GA,2030,3.594605371
int_ng,GA,2031,3.678465927
int_ng,GA,2032,3.995996186
int_ng,GA,2033,4.253277114
int_ng,GA,2034,4.39005938
int_ng,GA,2035,4.440538549
int_ng,GA,2036,4.437281828
int_ng,GA,2037,4.372961596
int_ng,GA,2038,4.28421596
int_ng,GA,2039,4.213382287
int_ng,GA,2040,4.187328522
int_ng,GA,2041,4.215824827
int_ng,GA,2042,4.247577853
int_ng,GA,2043,4.304570464
int_ng,GA,2044,4.331438409
int_ng,GA,2045,4.348536192
int_ng,GA,2046,4.383545938
int_ng,GA,2047,4.355863813
int_ng,GA,2048,4.296428662
int_ng,GA,2049,4.209311386
int_ng,GA,2050,4.12463665
int_ng,SC,2010,3.143549567
int_ng,SC,2011,3.143549567
int_ng,SC,2012,3.143549567
int_ng,SC,2013,3.143549567
int_ng,SC,2014,3.143549567
int_ng,SC,2015,3.143549567
int_ng,SC,2016,3.143549567
int_ng,SC,2017,3.143549567
int_ng,SC,2018,3.143549567
int_ng,SC,2019,3.143549567
int_ng,SC,2020,3.143549567
int_ng,SC,2021,3.143549567
int_ng,SC,2022,3.143549567
int_ng,SC,2023,3.143549567
int_ng,SC,2024,3.143549567
int_ng,SC,2025,3.633686018
int_ng,SC,2026,3.518072437
int_ng,SC,2027,3.42688426
int_ng,SC,2028,3.413857377
int_ng,SC,2029,3.522143338
int_ng,SC,2030,3.594605371
int_ng,SC,2031,3.678465927
int_ng,SC,2032,3.995996186
int_ng,SC,2033,4.253277114
int_ng,SC,2034,4.39005938
int_ng,SC,2035,4.440538549
int_ng,SC,2036,4.437281828
int_ng,SC,2037,4.372961596
int_ng,SC,2038,4.28421596
int_ng,SC,2039,4.213382287
int_ng,SC,2040,4.187328522
int_ng,SC,2041,4.215824827
int_ng,SC,2042,4.247577853
int_ng,SC,2043,4.304570464
int_ng,SC,2044,4.331438409
int_ng,SC,2045,4.348536192
int_ng,SC,2046,4.383545938
int_ng,SC,2047,4.355863813
int_ng,SC,2048,4.296428662
int_ng,SC,2049,4.209311386
int_ng,SC,2050,4.12463665
int_ng,NC,2010,3.143549567
int_ng,NC,2011,3.143549567
int_ng,NC,2012,3.143549567
int_ng,NC,2013,3.143549567
int_ng,NC,2014,3.143549567
int_ng,NC,2015,3.143549567
int_ng,NC,2016,3.143549567
int_ng,NC,2017,3.143549567
int_ng,NC,2018,3.143549567
int_ng,NC,2019,3.143549567
int_ng,NC,2020,3.143549567
int_ng,NC,2021,3.143549567
int_ng,NC,2022,3.143549567
int_ng,NC,2023,3.143549567
int_ng,NC,2024,3.143549567
int_ng,NC,2025,3.633686018
int_ng,NC,2026,3.518072437
int_ng,NC,2027,3.42688426
int_ng,NC,2028,3.413857377
int_ng,NC,2029,3.522143338
int_ng,NC,2030,3.594605371
int_ng,NC,2031,3.678465927
int_ng,NC,2032,3.995996186
int_ng,NC,2033,4.253277114
int_ng,NC,2034,4.39005938
int_ng,NC,2035,4.440538549
int_ng,NC,2036,4.437281828
int_ng,NC,2037,4.372961596
int_ng,NC,2038,4.28421596
int_ng,NC,2039,4.213382287
int_ng,NC,2040,4.187328522
int_ng,NC,2041,4.215824827
int_ng,NC,2042,4.247577853
int_ng,NC,2043,4.304570464
int_ng,NC,2044,4.331438409
int_ng,NC,2045,4.348536192
int_ng,NC,2046,4.383545938
int_ng,NC,2047,4.355863813
int_ng,NC,2048,4.296428662
int_ng,NC,2049,4.209311386
int_ng,NC,2050,4.12463665
int_ng,VA,2010,3.143549567
int_ng,VA,2011,3.143549567
int_ng,VA,2012,3.143549567
int_ng,VA,2013,3.143549567
int_ng,VA,2014,3.143549567
int_ng,VA,2015,3.143549567
int_ng,VA,2016,3.143549567
int_ng,VA,2017,3.143549567
int_ng,VA,2018,3.143549567
int_ng,VA,2019,3.143549567
int_ng,VA,2020,3.143549567
int_ng,VA,2021,3.143549567
int_ng,VA,2022,3.143549567
int_ng,VA,2023,3.143549567
int_ng,VA,2024,3.143549567
int_ng,VA,2025,3.633686018
int_ng,VA,2026,3.518072437
int_ng,VA,2027,3.42688426
int_ng,VA,2028,3.413857377
int_ng,VA,2029,3.522143338
int_ng,VA,2030,3.594605371
int_ng,VA,2031,3.678465927
int_ng,VA,2032,3.995996186
int_ng,VA,2033,4.253277114
int_ng,VA,2034,4.39005938
int_ng,VA,2035,4.440538549
int_ng,VA,2036,4.437281828
int_ng,VA,2037,4.372961596
int_ng,VA,2038,4.28421596
int_ng,VA,2039,4.213382287
int_ng,VA,2040,4.187328522
int_ng,VA,2041,4.215824827
int_ng,VA,2042,4.247577853
int_ng,VA,2043,4.304570464
int_ng,VA,2044,4.331438409
int_ng,VA,2045,4.348536192
int_ng,VA,2046,4.383545938
int_ng,VA,2047,4.355863813
int_ng,VA,2048,4.296428662
int_ng,VA,2049,4.209311386
int_ng,VA,2050,4.12463665
int_ng,IN,2010,3.057246471
int_ng,IN,2011,3.057246471
int_ng,IN,2012,3.057246471
int_ng,IN,2013,3.057246471
int_ng,IN,2014,3.057246471
int_ng,IN,2015,3.057246471
int_ng,IN,2016,3.057246471
int_ng,IN,2017,3.057246471
int_ng,IN,2018,3.057246471
int_ng,IN,2019,3.057246471
int_ng,IN,2020,3.057246471
int_ng,IN,2021,3.057246471
int_ng,IN,2022,3.057246471
int_ng,IN,2023,3.057246471
int_ng,IN,2024,3.057246471
int_ng,IN,2025,3.666253224
int_ng,IN,2026,3.566109066
int_ng,IN,2027,3.462708186
int_ng,IN,2028,3.494461212
int_ng,IN,2029,3.579135948
int_ng,IN,2030,3.671138305
int_ng,IN,2031,3.771282464
int_ng,IN,2032,4.098582885
int_ng,IN,2033,4.350978732
int_ng,IN,2034,4.481247557
int_ng,IN,2035,4.531726726
int_ng,IN,2036,4.516257303
int_ng,IN,2037,4.44460945
int_ng,IN,2038,4.350164552
int_ng,IN,2039,4.2866585
int_ng,IN,2040,4.279330879
int_ng,IN,2041,4.33795185
int_ng,IN,2042,4.376218317
int_ng,IN,2043,4.407157163
int_ng,IN,2044,4.416927325
int_ng,IN,2045,4.440538549
int_ng,IN,2046,4.485318457
int_ng,IN,2047,4.464149773
int_ng,IN,2048,4.421812406
int_ng,IN,2049,4.376218317
int_ng,IN,2050,4.328995868
int_ng,OH,2010,3.057246471
int_ng,OH,2011,3.057246471
int_ng,OH,2012,3.057246471
int_ng,OH,2013,3.057246471
int_ng,OH,2014,3.057246471
int_ng,OH,2015,3.057246471
int_ng,OH,2016,3.057246471
int_ng,OH,2017,3.057246471
int_ng,OH,2018,3.057246471
int_ng,OH,2019,3.057246471
int_ng,OH,2020,3.057246471
int_ng,OH,2021,3.057246471
int_ng,OH,2022,3.057246471
int_ng,OH,2023,3.057246471
int_ng,OH,2024,3.057246471
int_ng,OH,2025,3.666253224
int_ng,OH,2026,3.566109066
int_ng,OH,2027,3.462708186
int_ng,OH,2028,3.494461212
int_ng,OH,2029,3.579135948
int_ng,OH,2030,3.671138305
int_ng,OH,2031,3.771282464
int_ng,OH,2032,4.098582885
int_ng,OH,2033,4.350978732
int_ng,OH,2034,4.481247557
int_ng,OH,2035,4.531726726
int_ng,OH,2036,4.516257303
int_ng,OH,2037,4.44460945
int_ng,OH,2038,4.350164552
int_ng,OH,2039,4.2866585
int_ng,OH,2040,4.279330879
int_ng,OH,2041,4.33795185
int_ng,OH,2042,4.376218317
int_ng,OH,2043,4.407157163
int_ng,OH,2044,4.416927325
int_ng,OH,2045,4.440538549
int_ng,OH,2046,4.485318457
int_ng,OH,2047,4.464149773
int_ng,OH,2048,4.421812406
int_ng,OH,2049,4.376218317
int_ng,OH,2050,4.328995868
int_ng,PA,2010,3.553082183
int_ng,PA,2011,3.553082183
int_ng,PA,2012,3.553082183
int_ng,PA,2013,3.553082183
int_ng,PA,2014,3.553082183
int_ng,PA,2015,3.553082183
int_ng,PA,2016,3.553082183
int_ng,PA,2017,3.553082183
int_ng,PA,2018,3.553082183
int_ng,PA,2019,3.553082183
int_ng,PA,2020,3.553082183
int_ng,PA,2021,3.553082183
int_ng,PA,2022,3.553082183
int_ng,PA,2023,3.553082183
int_ng,PA,2024,3.553082183
int_ng,PA,2025,4.118937389
int_ng,PA,2026,4.149876235
int_ng,PA,2027,3.978084223
int_ng,PA,2028,3.890966946
int_ng,PA,2029,3.918649072
int_ng,PA,2030,3.975641682
int_ng,PA,2031,4.057873878
int_ng,PA,2032,4.306198824
int_ng,PA,2033,4.532540906
int_ng,PA,2034,4.635941785
int_ng,PA,2035,4.667694811
int_ng,PA,2036,4.65873883
int_ng,PA,2037,4.599303679
int_ng,PA,2038,4.488575178
int_ng,PA,2039,4.39005938
int_ng,PA,2040,4.349350372
int_ng,PA,2041,4.372147416
int_ng,PA,2042,4.408785523
int_ng,PA,2043,4.430768387
int_ng,PA,2044,4.436467648
int_ng,PA,2045,4.429140027
int_ng,PA,2046,4.440538549
int_ng,PA,2047,4.414484784
int_ng,PA,2048,4.373775777
int_ng,PA,2049,4.325739148
int_ng,PA,2050,4.263861456
int_ng,WV,2010,3.143549567
int_ng,WV,2011,3.143549567
int_ng,WV,2012,3.143549567
int_ng,WV,2013,3.143549567
int_ng,WV,2014,3.143549567
int_ng,WV,2015,3.143549567
int_ng,WV,2016,3.143549567
int_ng,WV,2017,3.143549567
int_ng,WV,2018,3.143549567
int_ng,WV,2019,3.143549567
int_ng,WV,2020,3.143549567
int_ng,WV,2021,3.143549567
int_ng,WV,2022,3.143549567
int_ng,WV,2023,3.143549567
int_ng,WV,2024,3.143549567
int_ng,WV,2025,3.633686018
int_ng,WV,2026,3.518072437
int_ng,WV,2027,3.42688426
int_ng,WV,2028,3.413857377
int_ng,WV,2029,3.522143338
int_ng,WV,2030,3.594605371
int_ng,WV,2031,3.678465927
int_ng,WV,2032,3.995996186
int_ng,WV,2033,4.253277114
int_ng,WV,2034,4.39005938
int_ng,WV,2035,4.440538549
int_ng,WV,2036,4.437281828
int_ng,WV,2037,4.372961596
int_ng,WV,2038,4.28421596
int_ng,WV,2039,4.213382287
int_ng,WV,2040,4.187328522
int_ng,WV,2041,4.215824827
int_ng,WV,2042,4.247577853
int_ng,WV,2043,4.304570464
int_ng,WV,2044,4.331438409
int_ng,WV,2045,4.348536192
int_ng,WV,2046,4.383545938
int_ng,WV,2047,4.355863813
int_ng,WV,2048,4.296428662
int_ng,WV,2049,4.209311386
int_ng,WV,2050,4.12463665
int_ng,MD,2010,3.143549567
int_ng,MD,2011,3.143549567
int_ng,MD,2012,3.143549567
int_ng,MD,2013,3.143549567
int_ng,MD,2014,3.143549567
int_ng,MD,2015,3.143549567
int_ng,MD,2016,3.143549567
int_ng,MD,2017,3.143549567
int_ng,MD,2018,3.143549567
int_ng,MD,2019,3.143549567
int_ng,MD,2020,3.143549567
int_ng,MD,2021,3.143549567
int_ng,MD,2022,3.143549567
int_ng,MD,2023,3.143549567
int_ng,MD,2024,3.143549567
int_ng,MD,2025,3.633686018
int_ng,MD,2026,3.518072437
int_ng,MD,2027,3.42688426
int_ng,MD,2028,3.413857377
int_ng,MD,2029,3.522143338
int_ng,MD,2030,3.594605371
int_ng,MD,2031,3.678465927
int_ng,MD,2032,3.995996186
int_ng,MD,2033,4.253277114
int_ng,MD,2034,4.39005938
int_ng,MD,2035,4.440538549
int_ng,MD,2036,4.437281828
int_ng,MD,2037,4.372961596
int_ng,MD,2038,4.28421596
int_ng,MD,2039,4.213382287
int_ng,MD,2040,4.187328522
int_ng,MD,2041,4.215824827
int_ng,MD,2042,4.247577853
int_ng,MD,2043,4.304570464
int_ng,MD,2044,4.331438409
int_ng,MD,2045,4.348536192
int_ng,MD,2046,4.383545938
int_ng,MD,2047,4.355863813
int_ng,MD,2048,4.296428662
int_ng,MD,2049,4.209311386
int_ng,MD,2050,4.12463665
int_ng,DE,2010,3.143549567
int_ng,DE,2011,3.143549567
int_ng,DE,2012,3.143549567
int_ng,DE,2013,3.143549567
int_ng,DE,2014,3.143549567
int_ng,DE,2015,3.143549567
int_ng,DE,2016,3.143549567
int_ng,DE,2017,3.143549567
int_ng,DE,2018,3.143549567
int_ng,DE,2019,3.143549567
int_ng,DE,2020,3.143549567
int_ng,DE,2021,3.143549567
int_ng,DE,2022,3.143549567
int_ng,DE,2023,3.143549567
int_ng,DE,2024,3.143549567
int_ng,DE,2025,3.633686018
int_ng,DE,2026,3.518072437
int_ng,DE,2027,3.42688426
int_ng,DE,2028,3.413857377
int_ng,DE,2029,3.522143338
int_ng,DE,2030,3.594605371
int_ng,DE,2031,3.678465927
int_ng,DE,2032,3.995996186
int_ng,DE,2033,4.253277114
int_ng,DE,2034,4.39005938
int_ng,DE,2035,4.440538549
int_ng,DE,2036,4.437281828
int_ng,DE,2037,4.372961596
int_ng,DE,2038,4.28421596
int_ng,DE,2039,4.213382287
int_ng,DE,2040,4.187328522
int_ng,DE,2041,4.215824827
int_ng,DE,2042,4.247577853
int_ng,DE,2043,4.304570464
int_ng,DE,2044,4.331438409
int_ng,DE,2045,4.348536192
int_ng,DE,2046,4.383545938
int_ng,DE,2047,4.355863813
int_ng,DE,2048,4.296428662
int_ng,DE,2049,4.209311386
int_ng,DE,2050,4.12463665
int_ng,NJ,2010,3.553082183
int_ng,NJ,2011,3.553082183
int_ng,NJ,2012,3.553082183
int_ng,NJ,2013,3.553082183
int_ng,NJ,2014,3.553082183
int_ng,NJ,2015,3.553082183
int_ng,NJ,2016,3.553082183
int_ng,NJ,2017,3.553082183
int_ng,NJ,2018,3.553082183
int_ng,NJ,2019,3.553082183
int_ng,NJ,2020,3.553082183
int_ng,NJ,2021,3.553082183
int_ng,NJ,2022,3.553082183
int_ng,NJ,2023,3.553082183
int_ng,NJ,2024,3.553082183
int_ng,NJ,2025,4.118937389
int_ng,NJ,2026,4.149876235
int_ng,NJ,2027,3.978084223
int_ng,NJ,2028,3.890966946
int_ng,NJ,2029,3.918649072
int_ng,NJ,2030,3.975641682
int_ng,NJ,2031,4.057873878
int_ng,NJ,2032,4.306198824
int_ng,NJ,2033,4.532540906
int_ng,NJ,2034,4.635941785
int_ng,NJ,2035,4.667694811
int_ng,NJ,2036,4.65873883
int_ng,NJ,2037,4.599303679
int_ng,NJ,2038,4.488575178
int_ng,NJ,2039,4.39005938
int_ng,NJ,2040,4.349350372
int_ng,NJ,2041,4.372147416
int_ng,NJ,2042,4.408785523
int_ng,NJ,2043,4.430768387
int_ng,NJ,2044,4.436467648
int_ng,NJ,2045,4.429140027
int_ng,NJ,2046,4.440538549
int_ng,NJ,2047,4.414484784
int_ng,NJ,2048,4.373775777
int_ng,NJ,2049,4.325739148
int_ng,NJ,2050,4.263861456
int_ng,NY,2010,3.553082183
int_ng,NY,2011,3.553082183
int_ng,NY,2012,3.553082183
int_ng,NY,2013,3.553082183
int_ng,NY,2014,3.553082183
int_ng,NY,2015,3.553082183
int_ng,NY,2016,3.553082183
int_ng,NY,2017,3.553082183
int_ng,NY,2018,3.553082183
int_ng,NY,2019,3.553082183
int_ng,NY,2020,3.553082183
int_ng,NY,2021,3.553082183
int_ng,NY,2022,3.553082183
int_ng,NY,2023,3.553082183
int_ng,NY,2024,3.553082183
int_ng,NY,2025,4.118937389
int_ng,NY,2026,4.149876235
int_ng,NY,2027,3.978084223
int_ng,NY,2028,3.890966946
int_ng,NY,2029,3.918649072
int_ng,NY,2030,3.975641682
int_ng,NY,2031,4.057873878
int_ng,NY,2032,4.306198824
int_ng,NY,2033,4.532540906
int_ng,NY,2034,4.635941785
int_ng,NY,2035,4.667694811
int_ng,NY,2036,4.65873883
int_ng,NY,2037,4.599303679
int_ng,NY,2038,4.488575178
int_ng,NY,2039,4.39005938
int_ng,NY,2040,4.349350372
int_ng,NY,2041,4.372147416
int_ng,NY,2042,4.408785523
int_ng,NY,2043,4.430768387
int_ng,NY,2044,4.436467648
int_ng,NY,2045,4.429140027
int_ng,NY,2046,4.440538549
int_ng,NY,2047,4.414484784
int_ng,NY,2048,4.373775777
int_ng,NY,2049,4.325739148
int_ng,NY,2050,4.263861456
int_ng,VT,2010,5.343464338
int_ng,VT,2011,5.343464338
int_ng,VT,2012,5.343464338
int_ng,VT,2013,5.343464338
int_ng,VT,2014,5.343464338
int_ng,VT,2015,5.343464338
int_ng,VT,2016,5.343464338
int_ng,VT,2017,5.343464338
int_ng,VT,2018,5.343464338
int_ng,VT,2019,5.343464338
int_ng,VT,2020,5.343464338
int_ng,VT,2021,5.343464338
int_ng,VT,2022,5.343464338
int_ng,VT,2023,5.343464338
int_ng,VT,2024,5.343464338
int_ng,VT,2025,5.702517785
int_ng,VT,2026,5.866167995
int_ng,VT,2027,5.423253992
int_ng,VT,2028,5.118750616
int_ng,VT,2029,5.064200545
int_ng,VT,2030,4.908692136
int_ng,VT,2031,5.067457266
int_ng,VT,2032,5.297056069
int_ng,VT,2033,5.612143788
int_ng,VT,2034,5.715544667
int_ng,VT,2035,5.744855153
int_ng,VT,2036,5.7839358
int_ng,VT,2037,5.674835659
int_ng,VT,2038,5.593417644
int_ng,VT,2039,5.46233464
int_ng,VT,2040,5.441165956
int_ng,VT,2041,5.567363879
int_ng,VT,2042,5.62435649
int_ng,VT,2043,5.697632704
int_ng,VT,2044,5.542124295
int_ng,VT,2045,5.504672008
int_ng,VT,2046,5.492459305
int_ng,VT,2047,5.520955611
int_ng,VT,2048,5.405342029
int_ng,VT,2049,5.529911592
int_ng,VT,2050,5.471290621
int_ng,NH,2010,5.343464338
int_ng,NH,2011,5.343464338
int_ng,NH,2012,5.343464338
int_ng,NH,2013,5.343464338
int_ng,NH,2014,5.343464338
int_ng,NH,2015,5.343464338
int_ng,NH,2016,5.343464338
int_ng,NH,2017,5.343464338
int_ng,NH,2018,5.343464338
int_ng,NH,2019,5.343464338
int_ng,NH,2020,5.343464338
int_ng,NH,2021,5.343464338
int_ng,NH,2022,5.343464338
int_ng,NH,2023,5.343464338
int_ng,NH,2024,5.343464338
int_ng,NH,2025,5.702517785
int_ng,NH,2026,5.866167995
int_ng,NH,2027,5.423253992
int_ng,NH,2028,5.118750616
int_ng,NH,2029,5.064200545
int_ng,NH,2030,4.908692136
int_ng,NH,2031,5.067457266
int_ng,NH,2032,5.297056069
int_ng,NH,2033,5.612143788
int_ng,NH,2034,5.715544667
int_ng,NH,2035,5.744855153
int_ng,NH,2036,5.7839358
int_ng,NH,2037,5.674835659
int_ng,NH,2038,5.593417644
int_ng,NH,2039,5.46233464
int_ng,NH,2040,5.441165956
int_ng,NH,2041,5.567363879
int_ng,NH,2042,5.62435649
int_ng,NH,2043,5.697632704
int_ng,NH,2044,5.542124295
int_ng,NH,2045,5.504672008
int_ng,NH,2046,5.492459305
int_ng,NH,2047,5.520955611
int_ng,NH,2048,5.405342029
int_ng,NH,2049,5.529911592
int_ng,NH,2050,5.471290621
int_ng,MA,2010,5.343464338
int_ng,MA,2011,5.343464338
int_ng,MA,2012,5.343464338
int_ng,MA,2013,5.343464338
int_ng,MA,2014,5.343464338
int_ng,MA,2015,5.343464338
int_ng,MA,2016,5.343464338
int_ng,MA,2017,5.343464338
int_ng,MA,2018,5.343464338
int_ng,MA,2019,5.343464338
int_ng,MA,2020,5.343464338
int_ng,MA,2021,5.343464338
int_ng,MA,2022,5.343464338
int_ng,MA,2023,5.343464338
int_ng,MA,2024,5.343464338
int_ng,MA,2025,5.702517785
int_ng,MA,2026,5.866167995
int_ng,MA,2027,5.423253992
int_ng,MA,2028,5.118750616
int_ng,MA,2029,5.064200545
int_ng,MA,2030,4.908692136
int_ng,MA,2031,5.067457266
int_ng,MA,2032,5.297056069
int_ng,MA,2033,5.612143788
int_ng,MA,2034,5.715544667
int_ng,MA,2035,5.744855153
int_ng,MA,2036,5.7839358
int_ng,MA,2037,5.674835659
int_ng,MA,2038,5.593417644
int_ng,MA,2039,5.46233464
int_ng,MA,2040,5.441165956
int_ng,MA,2041,5.567363879
int_ng,MA,2042,5.62435649
int_ng,MA,2043,5.697632704
int_ng,MA,2044,5.542124295
int_ng,MA,2045,5.504672008
int_ng,MA,2046,5.492459305
int_ng,MA,2047,5.520955611
int_ng,MA,2048,5.405342029
int_ng,MA,2049,5.529911592
int_ng,MA,2050,5.471290621
int_ng,CT,2010,5.343464338
int_ng,CT,2011,5.343464338
int_ng,CT,2012,5.343464338
int_ng,CT,2013,5.343464338
int_ng,CT,2014,5.343464338
int_ng,CT,2015,5.343464338
int_ng,CT,2016,5.343464338
int_ng,CT,2017,5.343464338
int_ng,CT,2018,5.343464338
int_ng,CT,2019,5.343464338
int_ng,CT,2020,5.343464338
int_ng,CT,2021,5.343464338
int_ng,CT,2022,5.343464338
int_ng,CT,2023,5.343464338
int_ng,CT,2024,5.343464338
int_ng,CT,2025,5.702517785
int_ng,CT,2026,5.866167995
int_ng,CT,2027,5.423253992
int_ng,CT,2028,5.118750616
int_ng,CT,2029,5.064200545
int_ng,CT,2030,4.908692136
int_ng,CT,2031,5.067457266
int_ng,CT,2032,5.297056069
int_ng,CT,2033,5.612143788
int_ng,CT,2034,5.715544667
int_ng,CT,2035,5.744855153
int_ng,CT,2036,5.7839358
int_ng,CT,2037,5.674835659
int_ng,CT,2038,5.593417644
int_ng,CT,2039,5.46233464
int_ng,CT,2040,5.441165956
int_ng,CT,2041,5.567363879
int_ng,CT,2042,5.62435649
int_ng,CT,2043,5.697632704
int_ng,CT,2044,5.542124295
int_ng,CT,2045,5.504672008
int_ng,CT,2046,5.492459305
int_ng,CT,2047,5.520955611
int_ng,CT,2048,5.405342029
int_ng,CT,2049,5.529911592
int_ng,CT,2050,5.471290621
int_ng,RI,2010,5.343464338
int_ng,RI,2011,5.343464338
int_ng,RI,2012,5.343464338
int_ng,RI,2013,5.343464338
int_ng,RI,2014,5.343464338
int_ng,RI,2015,5.343464338
int_ng,RI,2016,5.343464338
int_ng,RI,2017,5.343464338
int_ng,RI,2018,5.343464338
int_ng,RI,2019,5.343464338
int_ng,RI,2020,5.343464338
int_ng,RI,2021,5.343464338
int_ng,RI,2022,5.343464338
int_ng,RI,2023,5.343464338
int_ng,RI,2024,5.343464338
int_ng,RI,2025,5.702517785
int_ng,RI,2026,5.866167995
int_ng,RI,2027,5.423253992
int_ng,RI,2028,5.118750616
int_ng,RI,2029,5.064200545
int_ng,RI,2030,4.908692136
int_ng,RI,2031,5.067457266
int_ng,RI,2032,5.297056069
int_ng,RI,2033,5.612143788
int_ng,RI,2034,5.715544667
int_ng,RI,2035,5.744855153
int_ng,RI,2036,5.7839358
int_ng,RI,2037,5.674835659
int_ng,RI,2038,5.593417644
int_ng,RI,2039,5.46233464
int_ng,RI,2040,5.441165956
int_ng,RI,2041,5.567363879
int_ng,RI,2042,5.62435649
int_ng,RI,2043,5.697632704
int_ng,RI,2044,5.542124295
int_ng,RI,2045,5.504672008
int_ng,RI,2046,5.492459305
int_ng,RI,2047,5.520955611
int_ng,RI,2048,5.405342029
int_ng,RI,2049,5.529911592
int_ng,RI,2050,5.471290621
int_ng,ME,2010,5.343464338
int_ng,ME,2011,5.343464338
int_ng,ME,2012,5.343464338
int_ng,ME,2013,5.343464338
int_ng,ME,2014,5.343464338
int_ng,ME,2015,5.343464338
int_ng,ME,2016,5.343464338
int_ng,ME,2017,5.343464338
int_ng,ME,2018,5.343464338
int_ng,ME,2019,5.343464338
int_ng,ME,2020,5.343464338
int_ng,ME,2021,5.343464338
int_ng,ME,2022,5.343464338
int_ng,ME,2023,5.343464338
int_ng,ME,2024,5.343464338
int_ng,ME,2025,5.702517785
int_ng,ME,2026,5.866167995
int_ng,ME,2027,5.423253992
int_ng,ME,2028,5.118750616
int_ng,ME,2029,5.064200545
int_ng,ME,2030,4.908692136
int_ng,ME,2031,5.067457266
int_ng,ME,2032,5.297056069
int_ng,ME,2033,5.612143788
int_ng,ME,2034,5.715544667
int_ng,ME,2035,5.744855153
int_ng,ME,2036,5.7839358
int_ng,ME,2037,5.674835659
int_ng,ME,2038,5.593417644
int_ng,ME,2039,5.46233464
int_ng,ME,2040,5.441165956
int_ng,ME,2041,5.567363879
int_ng,ME,2042,5.62435649
int_ng,ME,2043,5.697632704
int_ng,ME,2044,5.542124295
int_ng,ME,2045,5.504672008
int_ng,ME,2046,5.492459305
int_ng,ME,2047,5.520955611
int_ng,ME,2048,5.405342029
int_ng,ME,2049,5.529911592
int_ng,ME,2050,5.471290621
int_ng,voluntary,2010,3.166126104
int_ng,voluntary,2011,3.166126104
int_ng,voluntary,2012,3.166126104
int_ng,voluntary,2013,3.166126104
int_ng,voluntary,2014,3.166126104
int_ng,voluntary,2015,3.166126104
int_ng,voluntary,2016,3.166126104
int_ng,voluntary,2017,3.166126104
int_ng,voluntary,2018,3.166126104
int_ng,voluntary,2019,3.166126104
int_ng,voluntary,2020,3.166126104
int_ng,voluntary,2021,3.166126104
int_ng,voluntary,2022,3.166126104
int_ng,voluntary,2023,3.166126104
int_ng,voluntary,2024,3.166126104
int_ng,voluntary,2025,3.706283749
int_ng,voluntary,2026,3.654651157
int_ng,voluntary,2027,3.511694692
int_ng,voluntary,2028,3.512373176
int_ng,voluntary,2029,3.603289959
int_ng,voluntary,2030,3.691628506
int_ng,voluntary,2031,3.809633742
int_ng,voluntary,2032,4.143702035
int_ng,voluntary,2033,4.420251894
int_ng,voluntary,2034,4.56468406
int_ng,voluntary,2035,4.617130832
int_ng,voluntary,2036,4.604307494
int_ng,voluntary,2037,4.530878622
int_ng,voluntary,2038,4.452937834
int_ng,voluntary,2039,4.383138848
int_ng,voluntary,2040,4.388074815
int_ng,voluntary,2041,4.465879906
int_ng,voluntary,2042,4.523754545
int_ng,voluntary,2043,4.588617564
int_ng,voluntary,2044,4.594096318
int_ng,voluntary,2045,4.615672092
int_ng,voluntary,2046,4.660825166
int_ng,voluntary,2047,4.657229204
int_ng,voluntary,2048,4.601169508
int_ng,voluntary,2049,4.565786596
int_ng,voluntary,2050,4.514272739
int_hgl,id,2010,10.30752072
int_hgl,id,2011,10.30752072
int_hgl,id,2012,10.30752072
int_hgl,id,2013,10.30752072
int_hgl,id,2014,10.30752072
int_hgl,id,2015,10.30752072
int_hgl,id,2016,10.30752072
int_hgl,id,2017,10.30752072
int_hgl,id,2018,10.30752072
int_hgl,id,2019,10.30752072
int_hgl,id,2020,10.30752072
int_hgl,id,2021,10.30752072
int_hgl,id,2022,10.30752072
int_hgl,id,2023,10.30752072
int_hgl,id,2024,10.30752072
int_hgl,id,2025,10.25785574
int_hgl,id,2026,10.90594314
int_hgl,id,2027,10.75531981
int_hgl,id,2028,10.8456938
int_hgl,id,2029,11.09727547
int_hgl,id,2030,11.46202818
int_hgl,id,2031,11.81049728
int_hgl,id,2032,12.49847951
int_hgl,id,2033,13.33219999
int_hgl,id,2034,13.89642683
int_hgl,id,2035,14.17080555
int_hgl,id,2036,14.25710864
int_hgl,id,2037,14.27746315
int_hgl,id,2038,14.23349742
int_hgl,id,2039,14.21070037
int_hgl,id,2040,14.29537511
int_hgl,id,2041,14.45821114
int_hgl,id,2042,14.57301054
int_hgl,id,2043,14.92392219
int_hgl,id,2044,15.10467018
int_hgl,id,2045,15.27157711
int_hgl,id,2046,15.47105125
int_hgl,id,2047,15.88709731
int_hgl,id,2048,16.04179153
int_hgl,id,2049,16.14844913
int_hgl,id,2050,16.20788429
int_hgl,WA,2010,10.30752072
int_hgl,WA,2011,10.30752072
int_hgl,WA,2012,10.30752072
int_hgl,WA,2013,10.30752072
int_hgl,WA,2014,10.30752072
int_hgl,WA,2015,10.30752072
int_hgl,WA,2016,10.30752072
int_hgl,WA,2017,10.30752072
int_hgl,WA,2018,10.30752072
int_hgl,WA,2019,10.30752072
int_hgl,WA,2020,10.30752072
int_hgl,WA,2021,10.30752072
int_hgl,WA,2022,10.30752072
int_hgl,WA,2023,10.30752072
int_hgl,WA,2024,10.30752072
int_hgl,WA,2025,10.25785574
int_hgl,WA,2026,10.90594314
int_hgl,WA,2027,10.75531981
int_hgl,WA,2028,10.8456938
int_hgl,WA,2029,11.09727547
int_hgl,WA,2030,11.46202818
int_hgl,WA,2031,11.81049728
int_hgl,WA,2032,12.49847951
int_hgl,WA,2033,13.33219999
int_hgl,WA,2034,13.89642683
int_hgl,WA,2035,14.17080555
int_hgl,WA,2036,14.25710864
int_hgl,WA,2037,14.27746315
int_hgl,WA,2038,14.23349742
int_hgl,WA,2039,14.21070037
int_hgl,WA,2040,14.29537511
int_hgl,WA,2041,14.45821114
int_hgl,WA,2042,14.57301054
int_hgl,WA,2043,14.92392219
int_hgl,WA,2044,15.10467018
int_hgl,WA,2045,15.27157711
int_hgl,WA,2046,15.47105125
int_hgl,WA,2047,15.88709731
int_hgl,WA,2048,16.04179153
int_hgl,WA,2049,16.14844913
int_hgl,WA,2050,16.20788429
int_hgl,OR,2010,10.30752072
int_hgl,OR,2011,10.30752072
int_hgl,OR,2012,10.30752072
int_hgl,OR,2013,10.30752072
int_hgl,OR,2014,10.30752072
int_hgl,OR,2015,10.30752072
int_hgl,OR,2016,10.30752072
int_hgl,OR,2017,10.30752072
int_hgl,OR,2018,10.30752072
int_hgl,OR,2019,10.30752072
int_hgl,OR,2020,10.30752072
int_hgl,OR,2021,10.30752072
int_hgl,OR,2022,10.30752072
int_hgl,OR,2023,10.30752072
int_hgl,OR,2024,10.30752072
int_hgl,OR,2025,10.25785574
int_hgl,OR,2026,10.90594314
int_hgl,OR,2027,10.75531981
int_hgl,OR,2028,10.8456938
int_hgl,OR,2029,11.09727547
int_hgl,OR,2030,11.46202818
int_hgl,OR,2031,11.81049728
int_hgl,OR,2032,12.49847951
int_hgl,OR,2033,13.33219999
int_hgl,OR,2034,13.89642683
int_hgl,OR,2035,14.17080555
int_hgl,OR,2036,14.25710864
int_hgl,OR,2037,14.27746315
int_hgl,OR,2038,14.23349742
int_hgl,OR,2039,14.21070037
int_hgl,OR,2040,14.29537511
int_hgl,OR,2041,14.45821114
int_hgl,OR,2042,14.57301054
int_hgl,OR,2043,14.92392219
int_hgl,OR,2044,15.10467018
int_hgl,OR,2045,15.27157711
int_hgl,OR,2046,15.47105125
int_hgl,OR,2047,15.88709731
int_hgl,OR,2048,16.04179153
int_hgl,OR,2049,16.14844913
int_hgl,OR,2050,16.20788429
int_hgl,CA,2010,10.30752072
int_hgl,CA,2011,10.30752072
int_hgl,CA,2012,10.30752072
int_hgl,CA,2013,10.30752072
int_hgl,CA,2014,10.30752072
int_hgl,CA,2015,10.30752072
int_hgl,CA,2016,10.30752072
int_hgl,CA,2017,10.30752072
int_hgl,CA,2018,10.30752072
int_hgl,CA,2019,10.30752072
int_hgl,CA,2020,10.30752072
int_hgl,CA,2021,10.30752072
int_hgl,CA,2022,10.30752072
int_hgl,CA,2023,10.30752072
int_hgl,CA,2024,10.30752072
int_hgl,CA,2025,10.25785574
int_hgl,CA,2026,10.90594314
int_hgl,CA,2027,10.75531981
int_hgl,CA,2028,10.8456938
int_hgl,CA,2029,11.09727547
int_hgl,CA,2030,11.46202818
int_hgl,CA,2031,11.81049728
int_hgl,CA,2032,12.49847951
int_hgl,CA,2033,13.33219999
int_hgl,CA,2034,13.89642683
int_hgl,CA,2035,14.17080555
int_hgl,CA,2036,14.25710864
int_hgl,CA,2037,14.27746315
int_hgl,CA,2038,14.23349742
int_hgl,CA,2039,14.21070037
int_hgl,CA,2040,14.29537511
int_hgl,CA,2041,14.45821114
int_hgl,CA,2042,14.57301054
int_hgl,CA,2043,14.92392219
int_hgl,CA,2044,15.10467018
int_hgl,CA,2045,15.27157711
int_hgl,CA,2046,15.47105125
int_hgl,CA,2047,15.88709731
int_hgl,CA,2048,16.04179153
int_hgl,CA,2049,16.14844913
int_hgl,CA,2050,16.20788429
int_hgl,NV,2010,10.30752072
int_hgl,NV,2011,10.30752072
int_hgl,NV,2012,10.30752072
int_hgl,NV,2013,10.30752072
int_hgl,NV,2014,10.30752072
int_hgl,NV,2015,10.30752072
int_hgl,NV,2016,10.30752072
int_hgl,NV,2017,10.30752072
int_hgl,NV,2018,10.30752072
int_hgl,NV,2019,10.30752072
int_hgl,NV,2020,10.30752072
int_hgl,NV,2021,10.30752072
int_hgl,NV,2022,10.30752072
int_hgl,NV,2023,10.30752072
int_hgl,NV,2024,10.30752072
int_hgl,NV,2025,10.25785574
int_hgl,NV,2026,10.90594314
int_hgl,NV,2027,10.75531981
int_hgl,NV,2028,10.8456938
int_hgl,NV,2029,11.09727547
int_hgl,NV,2030,11.46202818
int_hgl,NV,2031,11.81049728
int_hgl,NV,2032,12.49847951
int_hgl,NV,2033,13.33219999
int_hgl,NV,2034,13.89642683
int_hgl,NV,2035,14.17080555
int_hgl,NV,2036,14.25710864
int_hgl,NV,2037,14.27746315
int_hgl,NV,2038,14.23349742
int_hgl,NV,2039,14.21070037
int_hgl,NV,2040,14.29537511
int_hgl,NV,2041,14.45821114
int_hgl,NV,2042,14.57301054
int_hgl,NV,2043,14.92392219
int_hgl,NV,2044,15.10467018
int_hgl,NV,2045,15.27157711
int_hgl,NV,2046,15.47105125
int_hgl,NV,2047,15.88709731
int_hgl,NV,2048,16.04179153
int_hgl,NV,2049,16.14844913
int_hgl,NV,2050,16.20788429
int_hgl,MT,2010,10.30752072
int_hgl,MT,2011,10.30752072
int_hgl,MT,2012,10.30752072
int_hgl,MT,2013,10.30752072
int_hgl,MT,2014,10.30752072
int_hgl,MT,2015,10.30752072
int_hgl,MT,2016,10.30752072
int_hgl,MT,2017,10.30752072
int_hgl,MT,2018,10.30752072
int_hgl,MT,2019,10.30752072
int_hgl,MT,2020,10.30752072
int_hgl,MT,2021,10.30752072
int_hgl,MT,2022,10.30752072
int_hgl,MT,2023,10.30752072
int_hgl,MT,2024,10.30752072
int_hgl,MT,2025,10.25785574
int_hgl,MT,2026,10.90594314
int_hgl,MT,2027,10.75531981
int_hgl,MT,2028,10.8456938
int_hgl,MT,2029,11.09727547
int_hgl,MT,2030,11.46202818
int_hgl,MT,2031,11.81049728
int_hgl,MT,2032,12.49847951
int_hgl,MT,2033,13.33219999
int_hgl,MT,2034,13.89642683
int_hgl,MT,2035,14.17080555
int_hgl,MT,2036,14.25710864
int_hgl,MT,2037,14.27746315
int_hgl,MT,2038,14.23349742
int_hgl,MT,2039,14.21070037
int_hgl,MT,2040,14.29537511
int_hgl,MT,2041,14.45821114
int_hgl,MT,2042,14.57301054
int_hgl,MT,2043,14.92392219
int_hgl,MT,2044,15.10467018
int_hgl,MT,2045,15.27157711
int_hgl,MT,2046,15.47105125
int_hgl,MT,2047,15.88709731
int_hgl,MT,2048,16.04179153
int_hgl,MT,2049,16.14844913
int_hgl,MT,2050,16.20788429
int_hgl,WY,2010,10.30752072
int_hgl,WY,2011,10.30752072
int_hgl,WY,2012,10.30752072
int_hgl,WY,2013,10.30752072
int_hgl,WY,2014,10.30752072
int_hgl,WY,2015,10.30752072
int_hgl,WY,2016,10.30752072
int_hgl,WY,2017,10.30752072
int_hgl,WY,2018,10.30752072
int_hgl,WY,2019,10.30752072
int_hgl,WY,2020,10.30752072
int_hgl,WY,2021,10.30752072
int_hgl,WY,2022,10.30752072
int_hgl,WY,2023,10.30752072
int_hgl,WY,2024,10.30752072
int_hgl,WY,2025,10.25785574
int_hgl,WY,2026,10.90594314
int_hgl,WY,2027,10.75531981
int_hgl,WY,2028,10.8456938
int_hgl,WY,2029,11.09727547
int_hgl,WY,2030,11.46202818
int_hgl,WY,2031,11.81049728
int_hgl,WY,2032,12.49847951
int_hgl,WY,2033,13.33219999
int_hgl,WY,2034,13.89642683
int_hgl,WY,2035,14.17080555
int_hgl,WY,2036,14.25710864
int_hgl,WY,2037,14.27746315
int_hgl,WY,2038,14.23349742
int_hgl,WY,2039,14.21070037
int_hgl,WY,2040,14.29537511
int_hgl,WY,2041,14.45821114
int_hgl,WY,2042,14.57301054
int_hgl,WY,2043,14.92392219
int_hgl,WY,2044,15.10467018
int_hgl,WY,2045,15.27157711
int_hgl,WY,2046,15.47105125
int_hgl,WY,2047,15.88709731
int_hgl,WY,2048,16.04179153
int_hgl,WY,2049,16.14844913
int_hgl,WY,2050,16.20788429
int_hgl,UT,2010,10.30752072
int_hgl,UT,2011,10.30752072
int_hgl,UT,2012,10.30752072
int_hgl,UT,2013,10.30752072
int_hgl,UT,2014,10.30752072
int_hgl,UT,2015,10.30752072
int_hgl,UT,2016,10.30752072
int_hgl,UT,2017,10.30752072
int_hgl,UT,2018,10.30752072
int_hgl,UT,2019,10.30752072
int_hgl,UT,2020,10.30752072
int_hgl,UT,2021,10.30752072
int_hgl,UT,2022,10.30752072
int_hgl,UT,2023,10.30752072
int_hgl,UT,2024,10.30752072
int_hgl,UT,2025,10.25785574
int_hgl,UT,2026,10.90594314
int_hgl,UT,2027,10.75531981
int_hgl,UT,2028,10.8456938
int_hgl,UT,2029,11.09727547
int_hgl,UT,2030,11.46202818
int_hgl,UT,2031,11.81049728
int_hgl,UT,2032,12.49847951
int_hgl,UT,2033,13.33219999
int_hgl,UT,2034,13.89642683
int_hgl,UT,2035,14.17080555
int_hgl,UT,2036,14.25710864
int_hgl,UT,2037,14.27746315
int_hgl,UT,2038,14.23349742
int_hgl,UT,2039,14.21070037
int_hgl,UT,2040,14.29537511
int_hgl,UT,2041,14.45821114
int_hgl,UT,2042,14.57301054
int_hgl,UT,2043,14.92392219
int_hgl,UT,2044,15.10467018
int_hgl,UT,2045,15.27157711
int_hgl,UT,2046,15.47105125
int_hgl,UT,2047,15.88709731
int_hgl,UT,2048,16.04179153
int_hgl,UT,2049,16.14844913
int_hgl,UT,2050,16.20788429
int_hgl,AZ,2010,10.30752072
int_hgl,AZ,2011,10.30752072
int_hgl,AZ,2012,10.30752072
int_hgl,AZ,2013,10.30752072
int_hgl,AZ,2014,10.30752072
int_hgl,AZ,2015,10.30752072
int_hgl,AZ,2016,10.30752072
int_hgl,AZ,2017,10.30752072
int_hgl,AZ,2018,10.30752072
int_hgl,AZ,2019,10.30752072
int_hgl,AZ,2020,10.30752072
int_hgl,AZ,2021,10.30752072
int_hgl,AZ,2022,10.30752072
int_hgl,AZ,2023,10.30752072
int_hgl,AZ,2024,10.30752072
int_hgl,AZ,2025,10.25785574
int_hgl,AZ,2026,10.90594314
int_hgl,AZ,2027,10.75531981
int_hgl,AZ,2028,10.8456938
int_hgl,AZ,2029,11.09727547
int_hgl,AZ,2030,11.46202818
int_hgl,AZ,2031,11.81049728
int_hgl,AZ,2032,12.49847951
int_hgl,AZ,2033,13.33219999
int_hgl,AZ,2034,13.89642683
int_hgl,AZ,2035,14.17080555
int_hgl,AZ,2036,14.25710864
int_hgl,AZ,2037,14.27746315
int_hgl,AZ,2038,14.23349742
int_hgl,AZ,2039,14.21070037
int_hgl,AZ,2040,14.29537511
int_hgl,AZ,2041,14.45821114
int_hgl,AZ,2042,14.57301054
int_hgl,AZ,2043,14.92392219
int_hgl,AZ,2044,15.10467018
int_hgl,AZ,2045,15.27157711
int_hgl,AZ,2046,15.47105125
int_hgl,AZ,2047,15.88709731
int_hgl,AZ,2048,16.04179153
int_hgl,AZ,2049,16.14844913
int_hgl,AZ,2050,16.20788429
int_hgl,NM,2010,10.30752072
int_hgl,NM,2011,10.30752072
int_hgl,NM,2012,10.30752072
int_hgl,NM,2013,10.30752072
int_hgl,NM,2014,10.30752072
int_hgl,NM,2015,10.30752072
int_hgl,NM,2016,10.30752072
int_hgl,NM,2017,10.30752072
int_hgl,NM,2018,10.30752072
int_hgl,NM,2019,10.30752072
int_hgl,NM,2020,10.30752072
int_hgl,NM,2021,10.30752072
int_hgl,NM,2022,10.30752072
int_hgl,NM,2023,10.30752072
int_hgl,NM,2024,10.30752072
int_hgl,NM,2025,10.25785574
int_hgl,NM,2026,10.90594314
int_hgl,NM,2027,10.75531981
int_hgl,NM,2028,10.8456938
int_hgl,NM,2029,11.09727547
int_hgl,NM,2030,11.46202818
int_hgl,NM,2031,11.81049728
int_hgl,NM,2032,12.49847951
int_hgl,NM,2033,13.33219999
int_hgl,NM,2034,13.89642683
int_hgl,NM,2035,14.17080555
int_hgl,NM,2036,14.25710864
int_hgl,NM,2037,14.27746315
int_hgl,NM,2038,14.23349742
int_hgl,NM,2039,14.21070037
int_hgl,NM,2040,14.29537511
int_hgl,NM,2041,14.45821114
int_hgl,NM,2042,14.57301054
int_hgl,NM,2043,14.92392219
int_hgl,NM,2044,15.10467018
int_hgl,NM,2045,15.27157711
int_hgl,NM,2046,15.47105125
int_hgl,NM,2047,15.88709731
int_hgl,NM,2048,16.04179153
int_hgl,NM,2049,16.14844913
int_hgl,NM,2050,16.20788429
int_hgl,SD,2010,10.30752072
int_hgl,SD,2011,10.30752072
int_hgl,SD,2012,10.30752072
int_hgl,SD,2013,10.30752072
int_hgl,SD,2014,10.30752072
int_hgl,SD,2015,10.30752072
int_hgl,SD,2016,10.30752072
int_hgl,SD,2017,10.30752072
int_hgl,SD,2018,10.30752072
int_hgl,SD,2019,10.30752072
int_hgl,SD,2020,10.30752072
int_hgl,SD,2021,10.30752072
int_hgl,SD,2022,10.30752072
int_hgl,SD,2023,10.30752072
int_hgl,SD,2024,10.30752072
int_hgl,SD,2025,10.25785574
int_hgl,SD,2026,10.90594314
int_hgl,SD,2027,10.75531981
int_hgl,SD,2028,10.8456938
int_hgl,SD,2029,11.09727547
int_hgl,SD,2030,11.46202818
int_hgl,SD,2031,11.81049728
int_hgl,SD,2032,12.49847951
int_hgl,SD,2033,13.33219999
int_hgl,SD,2034,13.89642683
int_hgl,SD,2035,14.17080555
int_hgl,SD,2036,14.25710864
int_hgl,SD,2037,14.27746315
int_hgl,SD,2038,14.23349742
int_hgl,SD,2039,14.21070037
int_hgl,SD,2040,14.29537511
int_hgl,SD,2041,14.45821114
int_hgl,SD,2042,14.57301054
int_hgl,SD,2043,14.92392219
int_hgl,SD,2044,15.10467018
int_hgl,SD,2045,15.27157711
int_hgl,SD,2046,15.47105125
int_hgl,SD,2047,15.88709731
int_hgl,SD,2048,16.04179153
int_hgl,SD,2049,16.14844913
int_hgl,SD,2050,16.20788429
int_hgl,CO,2010,10.30752072
int_hgl,CO,2011,10.30752072
int_hgl,CO,2012,10.30752072
int_hgl,CO,2013,10.30752072
int_hgl,CO,2014,10.30752072
int_hgl,CO,2015,10.30752072
int_hgl,CO,2016,10.30752072
int_hgl,CO,2017,10.30752072
int_hgl,CO,2018,10.30752072
int_hgl,CO,2019,10.30752072
int_hgl,CO,2020,10.30752072
int_hgl,CO,2021,10.30752072
int_hgl,CO,2022,10.30752072
int_hgl,CO,2023,10.30752072
int_hgl,CO,2024,10.30752072
int_hgl,CO,2025,10.25785574
int_hgl,CO,2026,10.90594314
int_hgl,CO,2027,10.75531981
int_hgl,CO,2028,10.8456938
int_hgl,CO,2029,11.09727547
int_hgl,CO,2030,11.46202818
int_hgl,CO,2031,11.81049728
int_hgl,CO,2032,12.49847951
int_hgl,CO,2033,13.33219999
int_hgl,CO,2034,13.89642683
int_hgl,CO,2035,14.17080555
int_hgl,CO,2036,14.25710864
int_hgl,CO,2037,14.27746315
int_hgl,CO,2038,14.23349742
int_hgl,CO,2039,14.21070037
int_hgl,CO,2040,14.29537511
int_hgl,CO,2041,14.45821114
int_hgl,CO,2042,14.57301054
int_hgl,CO,2043,14.92392219
int_hgl,CO,2044,15.10467018
int_hgl,CO,2045,15.27157711
int_hgl,CO,2046,15.47105125
int_hgl,CO,2047,15.88709731
int_hgl,CO,2048,16.04179153
int_hgl,CO,2049,16.14844913
int_hgl,CO,2050,16.20788429
int_hgl,ND,2010,10.30752072
int_hgl,ND,2011,10.30752072
int_hgl,ND,2012,10.30752072
int_hgl,ND,2013,10.30752072
int_hgl,ND,2014,10.30752072
int_hgl,ND,2015,10.30752072
int_hgl,ND,2016,10.30752072
int_hgl,ND,2017,10.30752072
int_hgl,ND,2018,10.30752072
int_hgl,ND,2019,10.30752072
int_hgl,ND,2020,10.30752072
int_hgl,ND,2021,10.30752072
int_hgl,ND,2022,10.30752072
int_hgl,ND,2023,10.30752072
int_hgl,ND,2024,10.30752072
int_hgl,ND,2025,10.25785574
int_hgl,ND,2026,10.90594314
int_hgl,ND,2027,10.75531981
int_hgl,ND,2028,10.8456938
int_hgl,ND,2029,11.09727547
int_hgl,ND,2030,11.46202818
int_hgl,ND,2031,11.81049728
int_hgl,ND,2032,12.49847951
int_hgl,ND,2033,13.33219999
int_hgl,ND,2034,13.89642683
int_hgl,ND,2035,14.17080555
int_hgl,ND,2036,14.25710864
int_hgl,ND,2037,14.27746315
int_hgl,ND,2038,14.23349742
int_hgl,ND,2039,14.21070037
int_hgl,ND,2040,14.29537511
int_hgl,ND,2041,14.45821114
int_hgl,ND,2042,14.57301054
int_hgl,ND,2043,14.92392219
int_hgl,ND,2044,15.10467018
int_hgl,ND,2045,15.27157711
int_hgl,ND,2046,15.47105125
int_hgl,ND,2047,15.88709731
int_hgl,ND,2048,16.04179153
int_hgl,ND,2049,16.14844913
int_hgl,ND,2050,16.20788429
int_hgl,NE,2010,10.30752072
int_hgl,NE,2011,10.30752072
int_hgl,NE,2012,10.30752072
int_hgl,NE,2013,10.30752072
int_hgl,NE,2014,10.30752072
int_hgl,NE,2015,10.30752072
int_hgl,NE,2016,10.30752072
int_hgl,NE,2017,10.30752072
int_hgl,NE,2018,10.30752072
int_hgl,NE,2019,10.30752072
int_hgl,NE,2020,10.30752072
int_hgl,NE,2021,10.30752072
int_hgl,NE,2022,10.30752072
int_hgl,NE,2023,10.30752072
int_hgl,NE,2024,10.30752072
int_hgl,NE,2025,10.25785574
int_hgl,NE,2026,10.90594314
int_hgl,NE,2027,10.75531981
int_hgl,NE,2028,10.8456938
int_hgl,NE,2029,11.09727547
int_hgl,NE,2030,11.46202818
int_hgl,NE,2031,11.81049728
int_hgl,NE,2032,12.49847951
int_hgl,NE,2033,13.33219999
int_hgl,NE,2034,13.89642683
int_hgl,NE,2035,14.17080555
int_hgl,NE,2036,14.25710864
int_hgl,NE,2037,14.27746315
int_hgl,NE,2038,14.23349742
int_hgl,NE,2039,14.21070037
int_hgl,NE,2040,14.29537511
int_hgl,NE,2041,14.45821114
int_hgl,NE,2042,14.57301054
int_hgl,NE,2043,14.92392219
int_hgl,NE,2044,15.10467018
int_hgl,NE,2045,15.27157711
int_hgl,NE,2046,15.47105125
int_hgl,NE,2047,15.88709731
int_hgl,NE,2048,16.04179153
int_hgl,NE,2049,16.14844913
int_hgl,NE,2050,16.20788429
int_hgl,MN,2010,10.30752072
int_hgl,MN,2011,10.30752072
int_hgl,MN,2012,10.30752072
int_hgl,MN,2013,10.30752072
int_hgl,MN,2014,10.30752072
int_hgl,MN,2015,10.30752072
int_hgl,MN,2016,10.30752072
int_hgl,MN,2017,10.30752072
int_hgl,MN,2018,10.30752072
int_hgl,MN,2019,10.30752072
int_hgl,MN,2020,10.30752072
int_hgl,MN,2021,10.30752072
int_hgl,MN,2022,10.30752072
int_hgl,MN,2023,10.30752072
int_hgl,MN,2024,10.30752072
int_hgl,MN,2025,10.25785574
int_hgl,MN,2026,10.90594314
int_hgl,MN,2027,10.75531981
int_hgl,MN,2028,10.8456938
int_hgl,MN,2029,11.09727547
int_hgl,MN,2030,11.46202818
int_hgl,MN,2031,11.81049728
int_hgl,MN,2032,12.49847951
int_hgl,MN,2033,13.33219999
int_hgl,MN,2034,13.89642683
int_hgl,MN,2035,14.17080555
int_hgl,MN,2036,14.25710864
int_hgl,MN,2037,14.27746315
int_hgl,MN,2038,14.23349742
int_hgl,MN,2039,14.21070037
int_hgl,MN,2040,14.29537511
int_hgl,MN,2041,14.45821114
int_hgl,MN,2042,14.57301054
int_hgl,MN,2043,14.92392219
int_hgl,MN,2044,15.10467018
int_hgl,MN,2045,15.27157711
int_hgl,MN,2046,15.47105125
int_hgl,MN,2047,15.88709731
int_hgl,MN,2048,16.04179153
int_hgl,MN,2049,16.14844913
int_hgl,MN,2050,16.20788429
int_hgl,IA,2010,10.30752072
int_hgl,IA,2011,10.30752072
int_hgl,IA,2012,10.30752072
int_hgl,IA,2013,10.30752072
int_hgl,IA,2014,10.30752072
int_hgl,IA,2015,10.30752072
int_hgl,IA,2016,10.30752072
int_hgl,IA,2017,10.30752072
int_hgl,IA,2018,10.30752072
int_hgl,IA,2019,10.30752072
int_hgl,IA,2020,10.30752072
int_hgl,IA,2021,10.30752072
int_hgl,IA,2022,10.30752072
int_hgl,IA,2023,10.30752072
int_hgl,IA,2024,10.30752072
int_hgl,IA,2025,10.25785574
int_hgl,IA,2026,10.90594314
int_hgl,IA,2027,10.75531981
int_hgl,IA,2028,10.8456938
int_hgl,IA,2029,11.09727547
int_hgl,IA,2030,11.46202818
int_hgl,IA,2031,11.81049728
int_hgl,IA,2032,12.49847951
int_hgl,IA,2033,13.33219999
int_hgl,IA,2034,13.89642683
int_hgl,IA,2035,14.17080555
int_hgl,IA,2036,14.25710864
int_hgl,IA,2037,14.27746315
int_hgl,IA,2038,14.23349742
int_hgl,IA,2039,14.21070037
int_hgl,IA,2040,14.29537511
int_hgl,IA,2041,14.45821114
int_hgl,IA,2042,14.57301054
int_hgl,IA,2043,14.92392219
int_hgl,IA,2044,15.10467018
int_hgl,IA,2045,15.27157711
int_hgl,IA,2046,15.47105125
int_hgl,IA,2047,15.88709731
int_hgl,IA,2048,16.04179153
int_hgl,IA,2049,16.14844913
int_hgl,IA,2050,16.20788429
int_hgl,WI,2010,10.30752072
int_hgl,WI,2011,10.30752072
int_hgl,WI,2012,10.30752072
int_hgl,WI,2013,10.30752072
int_hgl,WI,2014,10.30752072
int_hgl,WI,2015,10.30752072
int_hgl,WI,2016,10.30752072
int_hgl,WI,2017,10.30752072
int_hgl,WI,2018,10.30752072
int_hgl,WI,2019,10.30752072
int_hgl,WI,2020,10.30752072
int_hgl,WI,2021,10.30752072
int_hgl,WI,2022,10.30752072
int_hgl,WI,2023,10.30752072
int_hgl,WI,2024,10.30752072
int_hgl,WI,2025,10.25785574
int_hgl,WI,2026,10.90594314
int_hgl,WI,2027,10.75531981
int_hgl,WI,2028,10.8456938
int_hgl,WI,2029,11.09727547
int_hgl,WI,2030,11.46202818
int_hgl,WI,2031,11.81049728
int_hgl,WI,2032,12.49847951
int_hgl,WI,2033,13.33219999
int_hgl,WI,2034,13.89642683
int_hgl,WI,2035,14.17080555
int_hgl,WI,2036,14.25710864
int_hgl,WI,2037,14.27746315
int_hgl,WI,2038,14.23349742
int_hgl,WI,2039,14.21070037
int_hgl,WI,2040,14.29537511
int_hgl,WI,2041,14.45821114
int_hgl,WI,2042,14.57301054
int_hgl,WI,2043,14.92392219
int_hgl,WI,2044,15.10467018
int_hgl,WI,2045,15.27157711
int_hgl,WI,2046,15.47105125
int_hgl,WI,2047,15.88709731
int_hgl,WI,2048,16.04179153
int_hgl,WI,2049,16.14844913
int_hgl,WI,2050,16.20788429
int_hgl,TX,2010,10.30752072
int_hgl,TX,2011,10.30752072
int_hgl,TX,2012,10.30752072
int_hgl,TX,2013,10.30752072
int_hgl,TX,2014,10.30752072
int_hgl,TX,2015,10.30752072
int_hgl,TX,2016,10.30752072
int_hgl,TX,2017,10.30752072
int_hgl,TX,2018,10.30752072
int_hgl,TX,2019,10.30752072
int_hgl,TX,2020,10.30752072
int_hgl,TX,2021,10.30752072
int_hgl,TX,2022,10.30752072
int_hgl,TX,2023,10.30752072
int_hgl,TX,2024,10.30752072
int_hgl,TX,2025,10.25785574
int_hgl,TX,2026,10.90594314
int_hgl,TX,2027,10.75531981
int_hgl,TX,2028,10.8456938
int_hgl,TX,2029,11.09727547
int_hgl,TX,2030,11.46202818
int_hgl,TX,2031,11.81049728
int_hgl,TX,2032,12.49847951
int_hgl,TX,2033,13.33219999
int_hgl,TX,2034,13.89642683
int_hgl,TX,2035,14.17080555
int_hgl,TX,2036,14.25710864
int_hgl,TX,2037,14.27746315
int_hgl,TX,2038,14.23349742
int_hgl,TX,2039,14.21070037
int_hgl,TX,2040,14.29537511
int_hgl,TX,2041,14.45821114
int_hgl,TX,2042,14.57301054
int_hgl,TX,2043,14.92392219
int_hgl,TX,2044,15.10467018
int_hgl,TX,2045,15.27157711
int_hgl,TX,2046,15.47105125
int_hgl,TX,2047,15.88709731
int_hgl,TX,2048,16.04179153
int_hgl,TX,2049,16.14844913
int_hgl,TX,2050,16.20788429
int_hgl,OK,2010,10.30752072
int_hgl,OK,2011,10.30752072
int_hgl,OK,2012,10.30752072
int_hgl,OK,2013,10.30752072
int_hgl,OK,2014,10.30752072
int_hgl,OK,2015,10.30752072
int_hgl,OK,2016,10.30752072
int_hgl,OK,2017,10.30752072
int_hgl,OK,2018,10.30752072
int_hgl,OK,2019,10.30752072
int_hgl,OK,2020,10.30752072
int_hgl,OK,2021,10.30752072
int_hgl,OK,2022,10.30752072
int_hgl,OK,2023,10.30752072
int_hgl,OK,2024,10.30752072
int_hgl,OK,2025,10.25785574
int_hgl,OK,2026,10.90594314
int_hgl,OK,2027,10.75531981
int_hgl,OK,2028,10.8456938
int_hgl,OK,2029,11.09727547
int_hgl,OK,2030,11.46202818
int_hgl,OK,2031,11.81049728
int_hgl,OK,2032,12.49847951
int_hgl,OK,2033,13.33219999
int_hgl,OK,2034,13.89642683
int_hgl,OK,2035,14.17080555
int_hgl,OK,2036,14.25710864
int_hgl,OK,2037,14.27746315
int_hgl,OK,2038,14.23349742
int_hgl,OK,2039,14.21070037
int_hgl,OK,2040,14.29537511
int_hgl,OK,2041,14.45821114
int_hgl,OK,2042,14.57301054
int_hgl,OK,2043,14.92392219
int_hgl,OK,2044,15.10467018
int_hgl,OK,2045,15.27157711
int_hgl,OK,2046,15.47105125
int_hgl,OK,2047,15.88709731
int_hgl,OK,2048,16.04179153
int_hgl,OK,2049,16.14844913
int_hgl,OK,2050,16.20788429
int_hgl,KS,2010,10.30752072
int_hgl,KS,2011,10.30752072
int_hgl,KS,2012,10.30752072
int_hgl,KS,2013,10.30752072
int_hgl,KS,2014,10.30752072
int_hgl,KS,2015,10.30752072
int_hgl,KS,2016,10.30752072
int_hgl,KS,2017,10.30752072
int_hgl,KS,2018,10.30752072
int_hgl,KS,2019,10.30752072
int_hgl,KS,2020,10.30752072
int_hgl,KS,2021,10.30752072
int_hgl,KS,2022,10.30752072
int_hgl,KS,2023,10.30752072
int_hgl,KS,2024,10.30752072
int_hgl,KS,2025,10.25785574
int_hgl,KS,2026,10.90594314
int_hgl,KS,2027,10.75531981
int_hgl,KS,2028,10.8456938
int_hgl,KS,2029,11.09727547
int_hgl,KS,2030,11.46202818
int_hgl,KS,2031,11.81049728
int_hgl,KS,2032,12.49847951
int_hgl,KS,2033,13.33219999
int_hgl,KS,2034,13.89642683
int_hgl,KS,2035,14.17080555
int_hgl,KS,2036,14.25710864
int_hgl,KS,2037,14.27746315
int_hgl,KS,2038,14.23349742
int_hgl,KS,2039,14.21070037
int_hgl,KS,2040,14.29537511
int_hgl,KS,2041,14.45821114
int_hgl,KS,2042,14.57301054
int_hgl,KS,2043,14.92392219
int_hgl,KS,2044,15.10467018
int_hgl,KS,2045,15.27157711
int_hgl,KS,2046,15.47105125
int_hgl,KS,2047,15.88709731
int_hgl,KS,2048,16.04179153
int_hgl,KS,2049,16.14844913
int_hgl,KS,2050,16.20788429
int_hgl,MO,2010,10.30752072
int_hgl,MO,2011,10.30752072
int_hgl,MO,2012,10.30752072
int_hgl,MO,2013,10.30752072
int_hgl,MO,2014,10.30752072
int_hgl,MO,2015,10.30752072
int_hgl,MO,2016,10.30752072
int_hgl,MO,2017,10.30752072
int_hgl,MO,2018,10.30752072
int_hgl,MO,2019,10.30752072
int_hgl,MO,2020,10.30752072
int_hgl,MO,2021,10.30752072
int_hgl,MO,2022,10.30752072
int_hgl,MO,2023,10.30752072
int_hgl,MO,2024,10.30752072
int_hgl,MO,2025,10.25785574
int_hgl,MO,2026,10.90594314
int_hgl,MO,2027,10.75531981
int_hgl,MO,2028,10.8456938
int_hgl,MO,2029,11.09727547
int_hgl,MO,2030,11.46202818
int_hgl,MO,2031,11.81049728
int_hgl,MO,2032,12.49847951
int_hgl,MO,2033,13.33219999
int_hgl,MO,2034,13.89642683
int_hgl,MO,2035,14.17080555
int_hgl,MO,2036,14.25710864
int_hgl,MO,2037,14.27746315
int_hgl,MO,2038,14.23349742
int_hgl,MO,2039,14.21070037
int_hgl,MO,2040,14.29537511
int_hgl,MO,2041,14.45821114
int_hgl,MO,2042,14.57301054
int_hgl,MO,2043,14.92392219
int_hgl,MO,2044,15.10467018
int_hgl,MO,2045,15.27157711
int_hgl,MO,2046,15.47105125
int_hgl,MO,2047,15.88709731
int_hgl,MO,2048,16.04179153
int_hgl,MO,2049,16.14844913
int_hgl,MO,2050,16.20788429
int_hgl,AR,2010,10.30752072
int_hgl,AR,2011,10.30752072
int_hgl,AR,2012,10.30752072
int_hgl,AR,2013,10.30752072
int_hgl,AR,2014,10.30752072
int_hgl,AR,2015,10.30752072
int_hgl,AR,2016,10.30752072
int_hgl,AR,2017,10.30752072
int_hgl,AR,2018,10.30752072
int_hgl,AR,2019,10.30752072
int_hgl,AR,2020,10.30752072
int_hgl,AR,2021,10.30752072
int_hgl,AR,2022,10.30752072
int_hgl,AR,2023,10.30752072
int_hgl,AR,2024,10.30752072
int_hgl,AR,2025,10.25785574
int_hgl,AR,2026,10.90594314
int_hgl,AR,2027,10.75531981
int_hgl,AR,2028,10.8456938
int_hgl,AR,2029,11.09727547
int_hgl,AR,2030,11.46202818
int_hgl,AR,2031,11.81049728
int_hgl,AR,2032,12.49847951
int_hgl,AR,2033,13.33219999
int_hgl,AR,2034,13.89642683
int_hgl,AR,2035,14.17080555
int_hgl,AR,2036,14.25710864
int_hgl,AR,2037,14.27746315
int_hgl,AR,2038,14.23349742
int_hgl,AR,2039,14.21070037
int_hgl,AR,2040,14.29537511
int_hgl,AR,2041,14.45821114
int_hgl,AR,2042,14.57301054
int_hgl,AR,2043,14.92392219
int_hgl,AR,2044,15.10467018
int_hgl,AR,2045,15.27157711
int_hgl,AR,2046,15.47105125
int_hgl,AR,2047,15.88709731
int_hgl,AR,2048,16.04179153
int_hgl,AR,2049,16.14844913
int_hgl,AR,2050,16.20788429
int_hgl,LA,2010,10.30752072
int_hgl,LA,2011,10.30752072
int_hgl,LA,2012,10.30752072
int_hgl,LA,2013,10.30752072
int_hgl,LA,2014,10.30752072
int_hgl,LA,2015,10.30752072
int_hgl,LA,2016,10.30752072
int_hgl,LA,2017,10.30752072
int_hgl,LA,2018,10.30752072
int_hgl,LA,2019,10.30752072
int_hgl,LA,2020,10.30752072
int_hgl,LA,2021,10.30752072
int_hgl,LA,2022,10.30752072
int_hgl,LA,2023,10.30752072
int_hgl,LA,2024,10.30752072
int_hgl,LA,2025,10.25785574
int_hgl,LA,2026,10.90594314
int_hgl,LA,2027,10.75531981
int_hgl,LA,2028,10.8456938
int_hgl,LA,2029,11.09727547
int_hgl,LA,2030,11.46202818
int_hgl,LA,2031,11.81049728
int_hgl,LA,2032,12.49847951
int_hgl,LA,2033,13.33219999
int_hgl,LA,2034,13.89642683
int_hgl,LA,2035,14.17080555
int_hgl,LA,2036,14.25710864
int_hgl,LA,2037,14.27746315
int_hgl,LA,2038,14.23349742
int_hgl,LA,2039,14.21070037
int_hgl,LA,2040,14.29537511
int_hgl,LA,2041,14.45821114
int_hgl,LA,2042,14.57301054
int_hgl,LA,2043,14.92392219
int_hgl,LA,2044,15.10467018
int_hgl,LA,2045,15.27157711
int_hgl,LA,2046,15.47105125
int_hgl,LA,2047,15.88709731
int_hgl,LA,2048,16.04179153
int_hgl,LA,2049,16.14844913
int_hgl,LA,2050,16.20788429
int_hgl,MI,2010,10.30752072
int_hgl,MI,2011,10.30752072
int_hgl,MI,2012,10.30752072
int_hgl,MI,2013,10.30752072
int_hgl,MI,2014,10.30752072
int_hgl,MI,2015,10.30752072
int_hgl,MI,2016,10.30752072
int_hgl,MI,2017,10.30752072
int_hgl,MI,2018,10.30752072
int_hgl,MI,2019,10.30752072
int_hgl,MI,2020,10.30752072
int_hgl,MI,2021,10.30752072
int_hgl,MI,2022,10.30752072
int_hgl,MI,2023,10.30752072
int_hgl,MI,2024,10.30752072
int_hgl,MI,2025,10.25785574
int_hgl,MI,2026,10.90594314
int_hgl,MI,2027,10.75531981
int_hgl,MI,2028,10.8456938
int_hgl,MI,2029,11.09727547
int_hgl,MI,2030,11.46202818
int_hgl,MI,2031,11.81049728
int_hgl,MI,2032,12.49847951
int_hgl,MI,2033,13.33219999
int_hgl,MI,2034,13.89642683
int_hgl,MI,2035,14.17080555
int_hgl,MI,2036,14.25710864
int_hgl,MI,2037,14.27746315
int_hgl,MI,2038,14.23349742
int_hgl,MI,2039,14.21070037
int_hgl,MI,2040,14.29537511
int_hgl,MI,2041,14.45821114
int_hgl,MI,2042,14.57301054
int_hgl,MI,2043,14.92392219
int_hgl,MI,2044,15.10467018
int_hgl,MI,2045,15.27157711
int_hgl,MI,2046,15.47105125
int_hgl,MI,2047,15.88709731
int_hgl,MI,2048,16.04179153
int_hgl,MI,2049,16.14844913
int_hgl,MI,2050,16.20788429
int_hgl,IL,2010,10.30752072
int_hgl,IL,2011,10.30752072
int_hgl,IL,2012,10.30752072
int_hgl,IL,2013,10.30752072
int_hgl,IL,2014,10.30752072
int_hgl,IL,2015,10.30752072
int_hgl,IL,2016,10.30752072
int_hgl,IL,2017,10.30752072
int_hgl,IL,2018,10.30752072
int_hgl,IL,2019,10.30752072
int_hgl,IL,2020,10.30752072
int_hgl,IL,2021,10.30752072
int_hgl,IL,2022,10.30752072
int_hgl,IL,2023,10.30752072
int_hgl,IL,2024,10.30752072
int_hgl,IL,2025,10.25785574
int_hgl,IL,2026,10.90594314
int_hgl,IL,2027,10.75531981
int_hgl,IL,2028,10.8456938
int_hgl,IL,2029,11.09727547
int_hgl,IL,2030,11.46202818
int_hgl,IL,2031,11.81049728
int_hgl,IL,2032,12.49847951
int_hgl,IL,2033,13.33219999
int_hgl,IL,2034,13.89642683
int_hgl,IL,2035,14.17080555
int_hgl,IL,2036,14.25710864
int_hgl,IL,2037,14.27746315
int_hgl,IL,2038,14.23349742
int_hgl,IL,2039,14.21070037
int_hgl,IL,2040,14.29537511
int_hgl,IL,2041,14.45821114
int_hgl,IL,2042,14.57301054
int_hgl,IL,2043,14.92392219
int_hgl,IL,2044,15.10467018
int_hgl,IL,2045,15.27157711
int_hgl,IL,2046,15.47105125
int_hgl,IL,2047,15.88709731
int_hgl,IL,2048,16.04179153
int_hgl,IL,2049,16.14844913
int_hgl,IL,2050,16.20788429
int_hgl,MS,2010,10.30752072
int_hgl,MS,2011,10.30752072
int_hgl,MS,2012,10.30752072
int_hgl,MS,2013,10.30752072
int_hgl,MS,2014,10.30752072
int_hgl,MS,2015,10.30752072
int_hgl,MS,2016,10.30752072
int_hgl,MS,2017,10.30752072
int_hgl,MS,2018,10.30752072
int_hgl,MS,2019,10.30752072
int_hgl,MS,2020,10.30752072
int_hgl,MS,2021,10.30752072
int_hgl,MS,2022,10.30752072
int_hgl,MS,2023,10.30752072
int_hgl,MS,2024,10.30752072
int_hgl,MS,2025,10.25785574
int_hgl,MS,2026,10.90594314
int_hgl,MS,2027,10.75531981
int_hgl,MS,2028,10.8456938
int_hgl,MS,2029,11.09727547
int_hgl,MS,2030,11.46202818
int_hgl,MS,2031,11.81049728
int_hgl,MS,2032,12.49847951
int_hgl,MS,2033,13.33219999
int_hgl,MS,2034,13.89642683
int_hgl,MS,2035,14.17080555
int_hgl,MS,2036,14.25710864
int_hgl,MS,2037,14.27746315
int_hgl,MS,2038,14.23349742
int_hgl,MS,2039,14.21070037
int_hgl,MS,2040,14.29537511
int_hgl,MS,2041,14.45821114
int_hgl,MS,2042,14.57301054
int_hgl,MS,2043,14.92392219
int_hgl,MS,2044,15.10467018
int_hgl,MS,2045,15.27157711
int_hgl,MS,2046,15.47105125
int_hgl,MS,2047,15.88709731
int_hgl,MS,2048,16.04179153
int_hgl,MS,2049,16.14844913
int_hgl,MS,2050,16.20788429
int_hgl,AL,2010,10.30752072
int_hgl,AL,2011,10.30752072
int_hgl,AL,2012,10.30752072
int_hgl,AL,2013,10.30752072
int_hgl,AL,2014,10.30752072
int_hgl,AL,2015,10.30752072
int_hgl,AL,2016,10.30752072
int_hgl,AL,2017,10.30752072
int_hgl,AL,2018,10.30752072
int_hgl,AL,2019,10.30752072
int_hgl,AL,2020,10.30752072
int_hgl,AL,2021,10.30752072
int_hgl,AL,2022,10.30752072
int_hgl,AL,2023,10.30752072
int_hgl,AL,2024,10.30752072
int_hgl,AL,2025,10.25785574
int_hgl,AL,2026,10.90594314
int_hgl,AL,2027,10.75531981
int_hgl,AL,2028,10.8456938
int_hgl,AL,2029,11.09727547
int_hgl,AL,2030,11.46202818
int_hgl,AL,2031,11.81049728
int_hgl,AL,2032,12.49847951
int_hgl,AL,2033,13.33219999
int_hgl,AL,2034,13.89642683
int_hgl,AL,2035,14.17080555
int_hgl,AL,2036,14.25710864
int_hgl,AL,2037,14.27746315
int_hgl,AL,2038,14.23349742
int_hgl,AL,2039,14.21070037
int_hgl,AL,2040,14.29537511
int_hgl,AL,2041,14.45821114
int_hgl,AL,2042,14.57301054
int_hgl,AL,2043,14.92392219
int_hgl,AL,2044,15.10467018
int_hgl,AL,2045,15.27157711
int_hgl,AL,2046,15.47105125
int_hgl,AL,2047,15.88709731
int_hgl,AL,2048,16.04179153
int_hgl,AL,2049,16.14844913
int_hgl,AL,2050,16.20788429
int_hgl,FL,2010,10.30752072
int_hgl,FL,2011,10.30752072
int_hgl,FL,2012,10.30752072
int_hgl,FL,2013,10.30752072
int_hgl,FL,2014,10.30752072
int_hgl,FL,2015,10.30752072
int_hgl,FL,2016,10.30752072
int_hgl,FL,2017,10.30752072
int_hgl,FL,2018,10.30752072
int_hgl,FL,2019,10.30752072
int_hgl,FL,2020,10.30752072
int_hgl,FL,2021,10.30752072
int_hgl,FL,2022,10.30752072
int_hgl,FL,2023,10.30752072
int_hgl,FL,2024,10.30752072
int_hgl,FL,2025,10.25785574
int_hgl,FL,2026,10.90594314
int_hgl,FL,2027,10.75531981
int_hgl,FL,2028,10.8456938
int_hgl,FL,2029,11.09727547
int_hgl,FL,2030,11.46202818
int_hgl,FL,2031,11.81049728
int_hgl,FL,2032,12.49847951
int_hgl,FL,2033,13.33219999
int_hgl,FL,2034,13.89642683
int_hgl,FL,2035,14.17080555
int_hgl,FL,2036,14.25710864
int_hgl,FL,2037,14.27746315
int_hgl,FL,2038,14.23349742
int_hgl,FL,2039,14.21070037
int_hgl,FL,2040,14.29537511
int_hgl,FL,2041,14.45821114
int_hgl,FL,2042,14.57301054
int_hgl,FL,2043,14.92392219
int_hgl,FL,2044,15.10467018
int_hgl,FL,2045,15.27157711
int_hgl,FL,2046,15.47105125
int_hgl,FL,2047,15.88709731
int_hgl,FL,2048,16.04179153
int_hgl,FL,2049,16.14844913
int_hgl,FL,2050,16.20788429
int_hgl,TN,2010,10.30752072
int_hgl,TN,2011,10.30752072
int_hgl,TN,2012,10.30752072
int_hgl,TN,2013,10.30752072
int_hgl,TN,2014,10.30752072
int_hgl,TN,2015,10.30752072
int_hgl,TN,2016,10.30752072
int_hgl,TN,2017,10.30752072
int_hgl,TN,2018,10.30752072
int_hgl,TN,2019,10.30752072
int_hgl,TN,2020,10.30752072
int_hgl,TN,2021,10.30752072
int_hgl,TN,2022,10.30752072
int_hgl,TN,2023,10.30752072
int_hgl,TN,2024,10.30752072
int_hgl,TN,2025,10.25785574
int_hgl,TN,2026,10.90594314
int_hgl,TN,2027,10.75531981
int_hgl,TN,2028,10.8456938
int_hgl,TN,2029,11.09727547
int_hgl,TN,2030,11.46202818
int_hgl,TN,2031,11.81049728
int_hgl,TN,2032,12.49847951
int_hgl,TN,2033,13.33219999
int_hgl,TN,2034,13.89642683
int_hgl,TN,2035,14.17080555
int_hgl,TN,2036,14.25710864
int_hgl,TN,2037,14.27746315
int_hgl,TN,2038,14.23349742
int_hgl,TN,2039,14.21070037
int_hgl,TN,2040,14.29537511
int_hgl,TN,2041,14.45821114
int_hgl,TN,2042,14.57301054
int_hgl,TN,2043,14.92392219
int_hgl,TN,2044,15.10467018
int_hgl,TN,2045,15.27157711
int_hgl,TN,2046,15.47105125
int_hgl,TN,2047,15.88709731
int_hgl,TN,2048,16.04179153
int_hgl,TN,2049,16.14844913
int_hgl,TN,2050,16.20788429
int_hgl,KY,2010,10.30752072
int_hgl,KY,2011,10.30752072
int_hgl,KY,2012,10.30752072
int_hgl,KY,2013,10.30752072
int_hgl,KY,2014,10.30752072
int_hgl,KY,2015,10.30752072
int_hgl,KY,2016,10.30752072
int_hgl,KY,2017,10.30752072
int_hgl,KY,2018,10.30752072
int_hgl,KY,2019,10.30752072
int_hgl,KY,2020,10.30752072
int_hgl,KY,2021,10.30752072
int_hgl,KY,2022,10.30752072
int_hgl,KY,2023,10.30752072
int_hgl,KY,2024,10.30752072
int_hgl,KY,2025,10.25785574
int_hgl,KY,2026,10.90594314
int_hgl,KY,2027,10.75531981
int_hgl,KY,2028,10.8456938
int_hgl,KY,2029,11.09727547
int_hgl,KY,2030,11.46202818
int_hgl,KY,2031,11.81049728
int_hgl,KY,2032,12.49847951
int_hgl,KY,2033,13.33219999
int_hgl,KY,2034,13.89642683
int_hgl,KY,2035,14.17080555
int_hgl,KY,2036,14.25710864
int_hgl,KY,2037,14.27746315
int_hgl,KY,2038,14.23349742
int_hgl,KY,2039,14.21070037
int_hgl,KY,2040,14.29537511
int_hgl,KY,2041,14.45821114
int_hgl,KY,2042,14.57301054
int_hgl,KY,2043,14.92392219
int_hgl,KY,2044,15.10467018
int_hgl,KY,2045,15.27157711
int_hgl,KY,2046,15.47105125
int_hgl,KY,2047,15.88709731
int_hgl,KY,2048,16.04179153
int_hgl,KY,2049,16.14844913
int_hgl,KY,2050,16.20788429
int_hgl,GA,2010,10.30752072
int_hgl,GA,2011,10.30752072
int_hgl,GA,2012,10.30752072
int_hgl,GA,2013,10.30752072
int_hgl,GA,2014,10.30752072
int_hgl,GA,2015,10.30752072
int_hgl,GA,2016,10.30752072
int_hgl,GA,2017,10.30752072
int_hgl,GA,2018,10.30752072
int_hgl,GA,2019,10.30752072
int_hgl,GA,2020,10.30752072
int_hgl,GA,2021,10.30752072
int_hgl,GA,2022,10.30752072
int_hgl,GA,2023,10.30752072
int_hgl,GA,2024,10.30752072
int_hgl,GA,2025,10.25785574
int_hgl,GA,2026,10.90594314
int_hgl,GA,2027,10.75531981
int_hgl,GA,2028,10.8456938
int_hgl,GA,2029,11.09727547
int_hgl,GA,2030,11.46202818
int_hgl,GA,2031,11.81049728
int_hgl,GA,2032,12.49847951
int_hgl,GA,2033,13.33219999
int_hgl,GA,2034,13.89642683
int_hgl,GA,2035,14.17080555
int_hgl,GA,2036,14.25710864
int_hgl,GA,2037,14.27746315
int_hgl,GA,2038,14.23349742
int_hgl,GA,2039,14.21070037
int_hgl,GA,2040,14.29537511
int_hgl,GA,2041,14.45821114
int_hgl,GA,2042,14.57301054
int_hgl,GA,2043,14.92392219
int_hgl,GA,2044,15.10467018
int_hgl,GA,2045,15.27157711
int_hgl,GA,2046,15.47105125
int_hgl,GA,2047,15.88709731
int_hgl,GA,2048,16.04179153
int_hgl,GA,2049,16.14844913
int_hgl,GA,2050,16.20788429
int_hgl,SC,2010,10.30752072
int_hgl,SC,2011,10.30752072
int_hgl,SC,2012,10.30752072
int_hgl,SC,2013,10.30752072
int_hgl,SC,2014,10.30752072
int_hgl,SC,2015,10.30752072
int_hgl,SC,2016,10.30752072
int_hgl,SC,2017,10.30752072
int_hgl,SC,2018,10.30752072
int_hgl,SC,2019,10.30752072
int_hgl,SC,2020,10.30752072
int_hgl,SC,2021,10.30752072
int_hgl,SC,2022,10.30752072
int_hgl,SC,2023,10.30752072
int_hgl,SC,2024,10.30752072
int_hgl,SC,2025,10.25785574
int_hgl,SC,2026,10.90594314
int_hgl,SC,2027,10.75531981
int_hgl,SC,2028,10.8456938
int_hgl,SC,2029,11.09727547
int_hgl,SC,2030,11.46202818
int_hgl,SC,2031,11.81049728
int_hgl,SC,2032,12.49847951
int_hgl,SC,2033,13.33219999
int_hgl,SC,2034,13.89642683
int_hgl,SC,2035,14.17080555
int_hgl,SC,2036,14.25710864
int_hgl,SC,2037,14.27746315
int_hgl,SC,2038,14.23349742
int_hgl,SC,2039,14.21070037
int_hgl,SC,2040,14.29537511
int_hgl,SC,2041,14.45821114
int_hgl,SC,2042,14.57301054
int_hgl,SC,2043,14.92392219
int_hgl,SC,2044,15.10467018
int_hgl,SC,2045,15.27157711
int_hgl,SC,2046,15.47105125
int_hgl,SC,2047,15.88709731
int_hgl,SC,2048,16.04179153
int_hgl,SC,2049,16.14844913
int_hgl,SC,2050,16.20788429
int_hgl,NC,2010,10.30752072
int_hgl,NC,2011,10.30752072
int_hgl,NC,2012,10.30752072
int_hgl,NC,2013,10.30752072
int_hgl,NC,2014,10.30752072
int_hgl,NC,2015,10.30752072
int_hgl,NC,2016,10.30752072
int_hgl,NC,2017,10.30752072
int_hgl,NC,2018,10.30752072
int_hgl,NC,2019,10.30752072
int_hgl,NC,2020,10.30752072
int_hgl,NC,2021,10.30752072
int_hgl,NC,2022,10.30752072
int_hgl,NC,2023,10.30752072
int_hgl,NC,2024,10.30752072
int_hgl,NC,2025,10.25785574
int_hgl,NC,2026,10.90594314
int_hgl,NC,2027,10.75531981
int_hgl,NC,2028,10.8456938
int_hgl,NC,2029,11.09727547
int_hgl,NC,2030,11.46202818
int_hgl,NC,2031,11.81049728
int_hgl,NC,2032,12.49847951
int_hgl,NC,2033,13.33219999
int_hgl,NC,2034,13.89642683
int_hgl,NC,2035,14.17080555
int_hgl,NC,2036,14.25710864
int_hgl,NC,2037,14.27746315
int_hgl,NC,2038,14.23349742
int_hgl,NC,2039,14.21070037
int_hgl,NC,2040,14.29537511
int_hgl,NC,2041,14.45821114
int_hgl,NC,2042,14.57301054
int_hgl,NC,2043,14.92392219
int_hgl,NC,2044,15.10467018
int_hgl,NC,2045,15.27157711
int_hgl,NC,2046,15.47105125
int_hgl,NC,2047,15.88709731
int_hgl,NC,2048,16.04179153
int_hgl,NC,2049,16.14844913
int_hgl,NC,2050,16.20788429
int_hgl,VA,2010,10.30752072
int_hgl,VA,2011,10.30752072
int_hgl,VA,2012,10.30752072
int_hgl,VA,2013,10.30752072
int_hgl,VA,2014,10.30752072
int_hgl,VA,2015,10.30752072
int_hgl,VA,2016,10.30752072
int_hgl,VA,2017,10.30752072
int_hgl,VA,2018,10.30752072
int_hgl,VA,2019,10.30752072
int_hgl,VA,2020,10.30752072
int_hgl,VA,2021,10.30752072
int_hgl,VA,2022,10.30752072
int_hgl,VA,2023,10.30752072
int_hgl,VA,2024,10.30752072
int_hgl,VA,2025,10.25785574
int_hgl,VA,2026,10.90594314
int_hgl,VA,2027,10.75531981
int_hgl,VA,2028,10.8456938
int_hgl,VA,2029,11.09727547
int_hgl,VA,2030,11.46202818
int_hgl,VA,2031,11.81049728
int_hgl,VA,2032,12.49847951
int_hgl,VA,2033,13.33219999
int_hgl,VA,2034,13.89642683
int_hgl,VA,2035,14.17080555
int_hgl,VA,2036,14.25710864
int_hgl,VA,2037,14.27746315
int_hgl,VA,2038,14.23349742
int_hgl,VA,2039,14.21070037
int_hgl,VA,2040,14.29537511
int_hgl,VA,2041,14.45821114
int_hgl,VA,2042,14.57301054
int_hgl,VA,2043,14.92392219
int_hgl,VA,2044,15.10467018
int_hgl,VA,2045,15.27157711
int_hgl,VA,2046,15.47105125
int_hgl,VA,2047,15.88709731
int_hgl,VA,2048,16.04179153
int_hgl,VA,2049,16.14844913
int_hgl,VA,2050,16.20788429
int_hgl,IN,2010,10.30752072
int_hgl,IN,2011,10.30752072
int_hgl,IN,2012,10.30752072
int_hgl,IN,2013,10.30752072
int_hgl,IN,2014,10.30752072
int_hgl,IN,2015,10.30752072
int_hgl,IN,2016,10.30752072
int_hgl,IN,2017,10.30752072
int_hgl,IN,2018,10.30752072
int_hgl,IN,2019,10.30752072
int_hgl,IN,2020,10.30752072
int_hgl,IN,2021,10.30752072
int_hgl,IN,2022,10.30752072
int_hgl,IN,2023,10.30752072
int_hgl,IN,2024,10.30752072
int_hgl,IN,2025,10.25785574
int_hgl,IN,2026,10.90594314
int_hgl,IN,2027,10.75531981
int_hgl,IN,2028,10.8456938
int_hgl,IN,2029,11.09727547
int_hgl,IN,2030,11.46202818
int_hgl,IN,2031,11.81049728
int_hgl,IN,2032,12.49847951
int_hgl,IN,2033,13.33219999
int_hgl,IN,2034,13.89642683
int_hgl,IN,2035,14.17080555
int_hgl,IN,2036,14.25710864
int_hgl,IN,2037,14.27746315
int_hgl,IN,2038,14.23349742
int_hgl,IN,2039,14.21070037
int_hgl,IN,2040,14.29537511
int_hgl,IN,2041,14.45821114
int_hgl,IN,2042,14.57301054
int_hgl,IN,2043,14.92392219
int_hgl,IN,2044,15.10467018
int_hgl,IN,2045,15.27157711
int_hgl,IN,2046,15.47105125
int_hgl,IN,2047,15.88709731
int_hgl,IN,2048,16.04179153
int_hgl,IN,2049,16.14844913
int_hgl,IN,2050,16.20788429
int_hgl,OH,2010,10.30752072
int_hgl,OH,2011,10.30752072
int_hgl,OH,2012,10.30752072
int_hgl,OH,2013,10.30752072
int_hgl,OH,2014,10.30752072
int_hgl,OH,2015,10.30752072
int_hgl,OH,2016,10.30752072
int_hgl,OH,2017,10.30752072
int_hgl,OH,2018,10.30752072
int_hgl,OH,2019,10.30752072
int_hgl,OH,2020,10.30752072
int_hgl,OH,2021,10.30752072
int_hgl,OH,2022,10.30752072
int_hgl,OH,2023,10.30752072
int_hgl,OH,2024,10.30752072
int_hgl,OH,2025,10.25785574
int_hgl,OH,2026,10.90594314
int_hgl,OH,2027,10.75531981
int_hgl,OH,2028,10.8456938
int_hgl,OH,2029,11.09727547
int_hgl,OH,2030,11.46202818
int_hgl,OH,2031,11.81049728
int_hgl,OH,2032,12.49847951
int_hgl,OH,2033,13.33219999
int_hgl,OH,2034,13.89642683
int_hgl,OH,2035,14.17080555
int_hgl,OH,2036,14.25710864
int_hgl,OH,2037,14.27746315
int_hgl,OH,2038,14.23349742
int_hgl,OH,2039,14.21070037
int_hgl,OH,2040,14.29537511
int_hgl,OH,2041,14.45821114
int_hgl,OH,2042,14.57301054
int_hgl,OH,2043,14.92392219
int_hgl,OH,2044,15.10467018
int_hgl,OH,2045,15.27157711
int_hgl,OH,2046,15.47105125
int_hgl,OH,2047,15.88709731
int_hgl,OH,2048,16.04179153
int_hgl,OH,2049,16.14844913
int_hgl,OH,2050,16.20788429
int_hgl,PA,2010,10.30752072
int_hgl,PA,2011,10.30752072
int_hgl,PA,2012,10.30752072
int_hgl,PA,2013,10.30752072
int_hgl,PA,2014,10.30752072
int_hgl,PA,2015,10.30752072
int_hgl,PA,2016,10.30752072
int_hgl,PA,2017,10.30752072
int_hgl,PA,2018,10.30752072
int_hgl,PA,2019,10.30752072
int_hgl,PA,2020,10.30752072
int_hgl,PA,2021,10.30752072
int_hgl,PA,2022,10.30752072
int_hgl,PA,2023,10.30752072
int_hgl,PA,2024,10.30752072
int_hgl,PA,2025,10.25785574
int_hgl,PA,2026,10.90594314
int_hgl,PA,2027,10.75531981
int_hgl,PA,2028,10.8456938
int_hgl,PA,2029,11.09727547
int_hgl,PA,2030,11.46202818
int_hgl,PA,2031,11.81049728
int_hgl,PA,2032,12.49847951
int_hgl,PA,2033,13.33219999
int_hgl,PA,2034,13.89642683
int_hgl,PA,2035,14.17080555
int_hgl,PA,2036,14.25710864
int_hgl,PA,2037,14.27746315
int_hgl,PA,2038,14.23349742
int_hgl,PA,2039,14.21070037
int_hgl,PA,2040,14.29537511
int_hgl,PA,2041,14.45821114
int_hgl,PA,2042,14.57301054
int_hgl,PA,2043,14.92392219
int_hgl,PA,2044,15.10467018
int_hgl,PA,2045,15.27157711
int_hgl,PA,2046,15.47105125
int_hgl,PA,2047,15.88709731
int_hgl,PA,2048,16.04179153
int_hgl,PA,2049,16.14844913
int_hgl,PA,2050,16.20788429
int_hgl,WV,2010,10.30752072
int_hgl,WV,2011,10.30752072
int_hgl,WV,2012,10.30752072
int_hgl,WV,2013,10.30752072
int_hgl,WV,2014,10.30752072
int_hgl,WV,2015,10.30752072
int_hgl,WV,2016,10.30752072
int_hgl,WV,2017,10.30752072
int_hgl,WV,2018,10.30752072
int_hgl,WV,2019,10.30752072
int_hgl,WV,2020,10.30752072
int_hgl,WV,2021,10.30752072
int_hgl,WV,2022,10.30752072
int_hgl,WV,2023,10.30752072
int_hgl,WV,2024,10.30752072
int_hgl,WV,2025,10.25785574
int_hgl,WV,2026,10.90594314
int_hgl,WV,2027,10.75531981
int_hgl,WV,2028,10.8456938
int_hgl,WV,2029,11.09727547
int_hgl,WV,2030,11.46202818
int_hgl,WV,2031,11.81049728
int_hgl,WV,2032,12.49847951
int_hgl,WV,2033,13.33219999
int_hgl,WV,2034,13.89642683
int_hgl,WV,2035,14.17080555
int_hgl,WV,2036,14.25710864
int_hgl,WV,2037,14.27746315
int_hgl,WV,2038,14.23349742
int_hgl,WV,2039,14.21070037
int_hgl,WV,2040,14.29537511
int_hgl,WV,2041,14.45821114
int_hgl,WV,2042,14.57301054
int_hgl,WV,2043,14.92392219
int_hgl,WV,2044,15.10467018
int_hgl,WV,2045,15.27157711
int_hgl,WV,2046,15.47105125
int_hgl,WV,2047,15.88709731
int_hgl,WV,2048,16.04179153
int_hgl,WV,2049,16.14844913
int_hgl,WV,2050,16.20788429
int_hgl,MD,2010,10.30752072
int_hgl,MD,2011,10.30752072
int_hgl,MD,2012,10.30752072
int_hgl,MD,2013,10.30752072
int_hgl,MD,2014,10.30752072
int_hgl,MD,2015,10.30752072
int_hgl,MD,2016,10.30752072
int_hgl,MD,2017,10.30752072
int_hgl,MD,2018,10.30752072
int_hgl,MD,2019,10.30752072
int_hgl,MD,2020,10.30752072
int_hgl,MD,2021,10.30752072
int_hgl,MD,2022,10.30752072
int_hgl,MD,2023,10.30752072
int_hgl,MD,2024,10.30752072
int_hgl,MD,2025,10.25785574
int_hgl,MD,2026,10.90594314
int_hgl,MD,2027,10.75531981
int_hgl,MD,2028,10.8456938
int_hgl,MD,2029,11.09727547
int_hgl,MD,2030,11.46202818
int_hgl,MD,2031,11.81049728
int_hgl,MD,2032,12.49847951
int_hgl,MD,2033,13.33219999
int_hgl,MD,2034,13.89642683
int_hgl,MD,2035,14.17080555
int_hgl,MD,2036,14.25710864
int_hgl,MD,2037,14.27746315
int_hgl,MD,2038,14.23349742
int_hgl,MD,2039,14.21070037
int_hgl,MD,2040,14.29537511
int_hgl,MD,2041,14.45821114
int_hgl,MD,2042,14.57301054
int_hgl,MD,2043,14.92392219
int_hgl,MD,2044,15.10467018
int_hgl,MD,2045,15.27157711
int_hgl,MD,2046,15.47105125
int_hgl,MD,2047,15.88709731
int_hgl,MD,2048,16.04179153
int_hgl,MD,2049,16.14844913
int_hgl,MD,2050,16.20788429
int_hgl,DE,2010,10.30752072
int_hgl,DE,2011,10.30752072
int_hgl,DE,2012,10.30752072
int_hgl,DE,2013,10.30752072
int_hgl,DE,2014,10.30752072
int_hgl,DE,2015,10.30752072
int_hgl,DE,2016,10.30752072
int_hgl,DE,2017,10.30752072
int_hgl,DE,2018,10.30752072
int_hgl,DE,2019,10.30752072
int_hgl,DE,2020,10.30752072
int_hgl,DE,2021,10.30752072
int_hgl,DE,2022,10.30752072
int_hgl,DE,2023,10.30752072
int_hgl,DE,2024,10.30752072
int_hgl,DE,2025,10.25785574
int_hgl,DE,2026,10.90594314
int_hgl,DE,2027,10.75531981
int_hgl,DE,2028,10.8456938
int_hgl,DE,2029,11.09727547
int_hgl,DE,2030,11.46202818
int_hgl,DE,2031,11.81049728
int_hgl,DE,2032,12.49847951
int_hgl,DE,2033,13.33219999
int_hgl,DE,2034,13.89642683
int_hgl,DE,2035,14.17080555
int_hgl,DE,2036,14.25710864
int_hgl,DE,2037,14.27746315
int_hgl,DE,2038,14.23349742
int_hgl,DE,2039,14.21070037
int_hgl,DE,2040,14.29537511
int_hgl,DE,2041,14.45821114
int_hgl,DE,2042,14.57301054
int_hgl,DE,2043,14.92392219
int_hgl,DE,2044,15.10467018
int_hgl,DE,2045,15.27157711
int_hgl,DE,2046,15.47105125
int_hgl,DE,2047,15.88709731
int_hgl,DE,2048,16.04179153
int_hgl,DE,2049,16.14844913
int_hgl,DE,2050,16.20788429
int_hgl,NJ,2010,10.30752072
int_hgl,NJ,2011,10.30752072
int_hgl,NJ,2012,10.30752072
int_hgl,NJ,2013,10.30752072
int_hgl,NJ,2014,10.30752072
int_hgl,NJ,2015,10.30752072
int_hgl,NJ,2016,10.30752072
int_hgl,NJ,2017,10.30752072
int_hgl,NJ,2018,10.30752072
int_hgl,NJ,2019,10.30752072
int_hgl,NJ,2020,10.30752072
int_hgl,NJ,2021,10.30752072
int_hgl,NJ,2022,10.30752072
int_hgl,NJ,2023,10.30752072
int_hgl,NJ,2024,10.30752072
int_hgl,NJ,2025,10.25785574
int_hgl,NJ,2026,10.90594314
int_hgl,NJ,2027,10.75531981
int_hgl,NJ,2028,10.8456938
int_hgl,NJ,2029,11.09727547
int_hgl,NJ,2030,11.46202818
int_hgl,NJ,2031,11.81049728
int_hgl,NJ,2032,12.49847951
int_hgl,NJ,2033,13.33219999
int_hgl,NJ,2034,13.89642683
int_hgl,NJ,2035,14.17080555
int_hgl,NJ,2036,14.25710864
int_hgl,NJ,2037,14.27746315
int_hgl,NJ,2038,14.23349742
int_hgl,NJ,2039,14.21070037
int_hgl,NJ,2040,14.29537511
int_hgl,NJ,2041,14.45821114
int_hgl,NJ,2042,14.57301054
int_hgl,NJ,2043,14.92392219
int_hgl,NJ,2044,15.10467018
int_hgl,NJ,2045,15.27157711
int_hgl,NJ,2046,15.47105125
int_hgl,NJ,2047,15.88709731
int_hgl,NJ,2048,16.04179153
int_hgl,NJ,2049,16.14844913
int_hgl,NJ,2050,16.20788429
int_hgl,NY,2010,10.30752072
int_hgl,NY,2011,10.30752072
int_hgl,NY,2012,10.30752072
int_hgl,NY,2013,10.30752072
int_hgl,NY,2014,10.30752072
int_hgl,NY,2015,10.30752072
int_hgl,NY,2016,10.30752072
int_hgl,NY,2017,10.30752072
int_hgl,NY,2018,10.30752072
int_hgl,NY,2019,10.30752072
int_hgl,NY,2020,10.30752072
int_hgl,NY,2021,10.30752072
int_hgl,NY,2022,10.30752072
int_hgl,NY,2023,10.30752072
int_hgl,NY,2024,10.30752072
int_hgl,NY,2025,10.25785574
int_hgl,NY,2026,10.90594314
int_hgl,NY,2027,10.75531981
int_hgl,NY,2028,10.8456938
int_hgl,NY,2029,11.09727547
int_hgl,NY,2030,11.46202818
int_hgl,NY,2031,11.81049728
int_hgl,NY,2032,12.49847951
int_hgl,NY,2033,13.33219999
int_hgl,NY,2034,13.89642683
int_hgl,NY,2035,14.17080555
int_hgl,NY,2036,14.25710864
int_hgl,NY,2037,14.27746315
int_hgl,NY,2038,14.23349742
int_hgl,NY,2039,14.21070037
int_hgl,NY,2040,14.29537511
int_hgl,NY,2041,14.45821114
int_hgl,NY,2042,14.57301054
int_hgl,NY,2043,14.92392219
int_hgl,NY,2044,15.10467018
int_hgl,NY,2045,15.27157711
int_hgl,NY,2046,15.47105125
int_hgl,NY,2047,15.88709731
int_hgl,NY,2048,16.04179153
int_hgl,NY,2049,16.14844913
int_hgl,NY,2050,16.20788429
int_hgl,VT,2010,10.30752072
int_hgl,VT,2011,10.30752072
int_hgl,VT,2012,10.30752072
int_hgl,VT,2013,10.30752072
int_hgl,VT,2014,10.30752072
int_hgl,VT,2015,10.30752072
int_hgl,VT,2016,10.30752072
int_hgl,VT,2017,10.30752072
int_hgl,VT,2018,10.30752072
int_hgl,VT,2019,10.30752072
int_hgl,VT,2020,10.30752072
int_hgl,VT,2021,10.30752072
int_hgl,VT,2022,10.30752072
int_hgl,VT,2023,10.30752072
int_hgl,VT,2024,10.30752072
int_hgl,VT,2025,10.25785574
int_hgl,VT,2026,10.90594314
int_hgl,VT,2027,10.75531981
int_hgl,VT,2028,10.8456938
int_hgl,VT,2029,11.09727547
int_hgl,VT,2030,11.46202818
int_hgl,VT,2031,11.81049728
int_hgl,VT,2032,12.49847951
int_hgl,VT,2033,13.33219999
int_hgl,VT,2034,13.89642683
int_hgl,VT,2035,14.17080555
int_hgl,VT,2036,14.25710864
int_hgl,VT,2037,14.27746315
int_hgl,VT,2038,14.23349742
int_hgl,VT,2039,14.21070037
int_hgl,VT,2040,14.29537511
int_hgl,VT,2041,14.45821114
int_hgl,VT,2042,14.57301054
int_hgl,VT,2043,14.92392219
int_hgl,VT,2044,15.10467018
int_hgl,VT,2045,15.27157711
int_hgl,VT,2046,15.47105125
int_hgl,VT,2047,15.88709731
int_hgl,VT,2048,16.04179153
int_hgl,VT,2049,16.14844913
int_hgl,VT,2050,16.20788429
int_hgl,NH,2010,10.30752072
int_hgl,NH,2011,10.30752072
int_hgl,NH,2012,10.30752072
int_hgl,NH,2013,10.30752072
int_hgl,NH,2014,10.30752072
int_hgl,NH,2015,10.30752072
int_hgl,NH,2016,10.30752072
int_hgl,NH,2017,10.30752072
int_hgl,NH,2018,10.30752072
int_hgl,NH,2019,10.30752072
int_hgl,NH,2020,10.30752072
int_hgl,NH,2021,10.30752072
int_hgl,NH,2022,10.30752072
int_hgl,NH,2023,10.30752072
int_hgl,NH,2024,10.30752072
int_hgl,NH,2025,10.25785574
int_hgl,NH,2026,10.90594314
int_hgl,NH,2027,10.75531981
int_hgl,NH,2028,10.8456938
int_hgl,NH,2029,11.09727547
int_hgl,NH,2030,11.46202818
int_hgl,NH,2031,11.81049728
int_hgl,NH,2032,12.49847951
int_hgl,NH,2033,13.33219999
int_hgl,NH,2034,13.89642683
int_hgl,NH,2035,14.17080555
int_hgl,NH,2036,14.25710864
int_hgl,NH,2037,14.27746315
int_hgl,NH,2038,14.23349742
int_hgl,NH,2039,14.21070037
int_hgl,NH,2040,14.29537511
int_hgl,NH,2041,14.45821114
int_hgl,NH,2042,14.57301054
int_hgl,NH,2043,14.92392219
int_hgl,NH,2044,15.10467018
int_hgl,NH,2045,15.27157711
int_hgl,NH,2046,15.47105125
int_hgl,NH,2047,15.88709731
int_hgl,NH,2048,16.04179153
int_hgl,NH,2049,16.14844913
int_hgl,NH,2050,16.20788429
int_hgl,MA,2010,10.30752072
int_hgl,MA,2011,10.30752072
int_hgl,MA,2012,10.30752072
int_hgl,MA,2013,10.30752072
int_hgl,MA,2014,10.30752072
int_hgl,MA,2015,10.30752072
int_hgl,MA,2016,10.30752072
int_hgl,MA,2017,10.30752072
int_hgl,MA,2018,10.30752072
int_hgl,MA,2019,10.30752072
int_hgl,MA,2020,10.30752072
int_hgl,MA,2021,10.30752072
int_hgl,MA,2022,10.30752072
int_hgl,MA,2023,10.30752072
int_hgl,MA,2024,10.30752072
int_hgl,MA,2025,10.25785574
int_hgl,MA,2026,10.90594314
int_hgl,MA,2027,10.75531981
int_hgl,MA,2028,10.8456938
int_hgl,MA,2029,11.09727547
int_hgl,MA,2030,11.46202818
int_hgl,MA,2031,11.81049728
int_hgl,MA,2032,12.49847951
int_hgl,MA,2033,13.33219999
int_hgl,MA,2034,13.89642683
int_hgl,MA,2035,14.17080555
int_hgl,MA,2036,14.25710864
int_hgl,MA,2037,14.27746315
int_hgl,MA,2038,14.23349742
int_hgl,MA,2039,14.21070037
int_hgl,MA,2040,14.29537511
int_hgl,MA,2041,14.45821114
int_hgl,MA,2042,14.57301054
int_hgl,MA,2043,14.92392219
int_hgl,MA,2044,15.10467018
int_hgl,MA,2045,15.27157711
int_hgl,MA,2046,15.47105125
int_hgl,MA,2047,15.88709731
int_hgl,MA,2048,16.04179153
int_hgl,MA,2049,16.14844913
int_hgl,MA,2050,16.20788429
int_hgl,CT,2010,10.30752072
int_hgl,CT,2011,10.30752072
int_hgl,CT,2012,10.30752072
int_hgl,CT,2013,10.30752072
int_hgl,CT,2014,10.30752072
int_hgl,CT,2015,10.30752072
int_hgl,CT,2016,10.30752072
int_hgl,CT,2017,10.30752072
int_hgl,CT,2018,10.30752072
int_hgl,CT,2019,10.30752072
int_hgl,CT,2020,10.30752072
int_hgl,CT,2021,10.30752072
int_hgl,CT,2022,10.30752072
int_hgl,CT,2023,10.30752072
int_hgl,CT,2024,10.30752072
int_hgl,CT,2025,10.25785574
int_hgl,CT,2026,10.90594314
int_hgl,CT,2027,10.75531981
int_hgl,CT,2028,10.8456938
int_hgl,CT,2029,11.09727547
int_hgl,CT,2030,11.46202818
int_hgl,CT,2031,11.81049728
int_hgl,CT,2032,12.49847951
int_hgl,CT,2033,13.33219999
int_hgl,CT,2034,13.89642683
int_hgl,CT,2035,14.17080555
int_hgl,CT,2036,14.25710864
int_hgl,CT,2037,14.27746315
int_hgl,CT,2038,14.23349742
int_hgl,CT,2039,14.21070037
int_hgl,CT,2040,14.29537511
int_hgl,CT,2041,14.45821114
int_hgl,CT,2042,14.57301054
int_hgl,CT,2043,14.92392219
int_hgl,CT,2044,15.10467018
int_hgl,CT,2045,15.27157711
int_hgl,CT,2046,15.47105125
int_hgl,CT,2047,15.88709731
int_hgl,CT,2048,16.04179153
int_hgl,CT,2049,16.14844913
int_hgl,CT,2050,16.20788429
int_hgl,RI,2010,10.30752072
int_hgl,RI,2011,10.30752072
int_hgl,RI,2012,10.30752072
int_hgl,RI,2013,10.30752072
int_hgl,RI,2014,10.30752072
int_hgl,RI,2015,10.30752072
int_hgl,RI,2016,10.30752072
int_hgl,RI,2017,10.30752072
int_hgl,RI,2018,10.30752072
int_hgl,RI,2019,10.30752072
int_hgl,RI,2020,10.30752072
int_hgl,RI,2021,10.30752072
int_hgl,RI,2022,10.30752072
int_hgl,RI,2023,10.30752072
int_hgl,RI,2024,10.30752072
int_hgl,RI,2025,10.25785574
int_hgl,RI,2026,10.90594314
int_hgl,RI,2027,10.75531981
int_hgl,RI,2028,10.8456938
int_hgl,RI,2029,11.09727547
int_hgl,RI,2030,11.46202818
int_hgl,RI,2031,11.81049728
int_hgl,RI,2032,12.49847951
int_hgl,RI,2033,13.33219999
int_hgl,RI,2034,13.89642683
int_hgl,RI,2035,14.17080555
int_hgl,RI,2036,14.25710864
int_hgl,RI,2037,14.27746315
int_hgl,RI,2038,14.23349742
int_hgl,RI,2039,14.21070037
int_hgl,RI,2040,14.29537511
int_hgl,RI,2041,14.45821114
int_hgl,RI,2042,14.57301054
int_hgl,RI,2043,14.92392219
int_hgl,RI,2044,15.10467018
int_hgl,RI,2045,15.27157711
int_hgl,RI,2046,15.47105125
int_hgl,RI,2047,15.88709731
int_hgl,RI,2048,16.04179153
int_hgl,RI,2049,16.14844913
int_hgl,RI,2050,16.20788429
int_hgl,ME,2010,10.30752072
int_hgl,ME,2011,10.30752072
int_hgl,ME,2012,10.30752072
int_hgl,ME,2013,10.30752072
int_hgl,ME,2014,10.30752072
int_hgl,ME,2015,10.30752072
int_hgl,ME,2016,10.30752072
int_hgl,ME,2017,10.30752072
int_hgl,ME,2018,10.30752072
int_hgl,ME,2019,10.30752072
int_hgl,ME,2020,10.30752072
int_hgl,ME,2021,10.30752072
int_hgl,ME,2022,10.30752072
int_hgl,ME,2023,10.30752072
int_hgl,ME,2024,10.30752072
int_hgl,ME,2025,10.25785574
int_hgl,ME,2026,10.90594314
int_hgl,ME,2027,10.75531981
int_hgl,ME,2028,10.8456938
int_hgl,ME,2029,11.09727547
int_hgl,ME,2030,11.46202818
int_hgl,ME,2031,11.81049728
int_hgl,ME,2032,12.49847951
int_hgl,ME,2033,13.33219999
int_hgl,ME,2034,13.89642683
int_hgl,ME,2035,14.17080555
int_hgl,ME,2036,14.25710864
int_hgl,ME,2037,14.27746315
int_hgl,ME,2038,14.23349742
int_hgl,ME,2039,14.21070037
int_hgl,ME,2040,14.29537511
int_hgl,ME,2041,14.45821114
int_hgl,ME,2042,14.57301054
int_hgl,ME,2043,14.92392219
int_hgl,ME,2044,15.10467018
int_hgl,ME,2045,15.27157711
int_hgl,ME,2046,15.47105125
int_hgl,ME,2047,15.88709731
int_hgl,ME,2048,16.04179153
int_hgl,ME,2049,16.14844913
int_hgl,ME,2050,16.20788429
int_hgl,voluntary,2010,10.30752072
int_hgl,voluntary,2011,10.30752072
int_hgl,voluntary,2012,10.30752072
int_hgl,voluntary,2013,10.30752072
int_hgl,voluntary,2014,10.30752072
int_hgl,voluntary,2015,10.30752072
int_hgl,voluntary,2016,10.30752072
int_hgl,voluntary,2017,10.30752072
int_hgl,voluntary,2018,10.30752072
int_hgl,voluntary,2019,10.30752072
int_hgl,voluntary,2020,10.30752072
int_hgl,voluntary,2021,10.30752072
int_hgl,voluntary,2022,10.30752072
int_hgl,voluntary,2023,10.30752072
int_hgl,voluntary,2024,10.30752072
int_hgl,voluntary,2025,10.25785574
int_hgl,voluntary,2026,10.90594314
int_hgl,voluntary,2027,10.75531981
int_hgl,voluntary,2028,10.8456938
int_hgl,voluntary,2029,11.09727547
int_hgl,voluntary,2030,11.46202818
int_hgl,voluntary,2031,11.81049728
int_hgl,voluntary,2032,12.49847951
int_hgl,voluntary,2033,13.33219999
int_hgl,voluntary,2034,13.89642683
int_hgl,voluntary,2035,14.17080555
int_hgl,voluntary,2036,14.25710864
int_hgl,voluntary,2037,14.27746315
int_hgl,voluntary,2038,14.23349742
int_hgl,voluntary,2039,14.21070037
int_hgl,voluntary,2040,14.29537511
int_hgl,voluntary,2041,14.45821114
int_hgl,voluntary,2042,14.57301054
int_hgl,voluntary,2043,14.92392219
int_hgl,voluntary,2044,15.10467018
int_hgl,voluntary,2045,15.27157711
int_hgl,voluntary,2046,15.47105125
int_hgl,voluntary,2047,15.88709731
int_hgl,voluntary,2048,16.04179153
int_hgl,voluntary,2049,16.14844913
int_hgl,voluntary,2050,16.20788429
int_elec,id,2010,68.53561058
int_elec,id,2011,68.53561058
int_elec,id,2012,68.53561058
int_elec,id,2013,68.53561058
int_elec,id,2014,68.53561058
int_elec,id,2015,68.53561058
int_elec,id,2016,68.53561058
int_elec,id,2017,68.53561058
int_elec,id,2018,68.53561058
int_elec,id,2019,68.53561058
int_elec,id,2020,68.53561058
int_elec,id,2021,68.53561058
int_elec,id,2022,68.53561058
int_elec,id,2023,68.53561058
int_elec,id,2024,68.53561058
int_elec,id,2025,68.04946361
int_elec,id,2026,64.51031368
int_elec,id,2027,62.86296996
int_elec,id,2028,62.13236051
int_elec,id,2029,62.64350933
int_elec,id,2030,62.97964523
int_elec,id,2031,62.71295889
int_elec,id,2032,64.09361628
int_elec,id,2033,64.31863288
int_elec,id,2034,63.68525283
int_elec,id,2035,63.32967105
int_elec,id,2036,63.20743981
int_elec,id,2037,63.13521226
int_elec,id,2038,62.9046397
int_elec,id,2039,63.21855174
int_elec,id,2040,63.46301421
int_elec,id,2041,63.62969318
int_elec,id,2042,63.87137767
int_elec,id,2043,64.17417778
int_elec,id,2044,65.02979644
int_elec,id,2045,65.51316543
int_elec,id,2046,65.60761684
int_elec,id,2047,65.62428474
int_elec,id,2048,65.50760946
int_elec,id,2049,65.30481673
int_elec,id,2050,65.28537085
int_elec,WA,2010,128.1955665
int_elec,WA,2011,128.1955665
int_elec,WA,2012,128.1955665
int_elec,WA,2013,128.1955665
int_elec,WA,2014,128.1955665
int_elec,WA,2015,128.1955665
int_elec,WA,2016,128.1955665
int_elec,WA,2017,128.1955665
int_elec,WA,2018,128.1955665
int_elec,WA,2019,128.1955665
int_elec,WA,2020,128.1955665
int_elec,WA,2021,128.1955665
int_elec,WA,2022,128.1955665
int_elec,WA,2023,128.1955665
int_elec,WA,2024,128.1955665
int_elec,WA,2025,122.8785077
int_elec,WA,2026,95.42926086
int_elec,WA,2027,85.27573418
int_elec,WA,2028,83.06168199
int_elec,WA,2029,84.02841996
int_elec,WA,2030,85.41185533
int_elec,WA,2031,87.6620213
int_elec,WA,2032,88.83432999
int_elec,WA,2033,89.36492468
int_elec,WA,2034,89.2649173
int_elec,WA,2035,89.50382381
int_elec,WA,2036,88.992675
int_elec,WA,2037,88.74543454
int_elec,WA,2038,88.25373161
int_elec,WA,2039,87.04253116
int_elec,WA,2040,86.29525382
int_elec,WA,2041,86.37303734
int_elec,WA,2042,86.60083192
int_elec,WA,2043,87.04253116
int_elec,WA,2044,87.06475502
int_elec,WA,2045,87.37588908
int_elec,WA,2046,87.93981957
int_elec,WA,2047,88.12872239
int_elec,WA,2048,88.0148251
int_elec,WA,2049,89.20380168
int_elec,WA,2050,90.16498369
int_elec,OR,2010,128.1955665
int_elec,OR,2011,128.1955665
int_elec,OR,2012,128.1955665
int_elec,OR,2013,128.1955665
int_elec,OR,2014,128.1955665
int_elec,OR,2015,128.1955665
int_elec,OR,2016,128.1955665
int_elec,OR,2017,128.1955665
int_elec,OR,2018,128.1955665
int_elec,OR,2019,128.1955665
int_elec,OR,2020,128.1955665
int_elec,OR,2021,128.1955665
int_elec,OR,2022,128.1955665
int_elec,OR,2023,128.1955665
int_elec,OR,2024,128.1955665
int_elec,OR,2025,122.8785077
int_elec,OR,2026,95.42926086
int_elec,OR,2027,85.27573418
int_elec,OR,2028,83.06168199
int_elec,OR,2029,84.02841996
int_elec,OR,2030,85.41185533
int_elec,OR,2031,87.6620213
int_elec,OR,2032,88.83432999
int_elec,OR,2033,89.36492468
int_elec,OR,2034,89.2649173
int_elec,OR,2035,89.50382381
int_elec,OR,2036,88.992675
int_elec,OR,2037,88.74543454
int_elec,OR,2038,88.25373161
int_elec,OR,2039,87.04253116
int_elec,OR,2040,86.29525382
int_elec,OR,2041,86.37303734
int_elec,OR,2042,86.60083192
int_elec,OR,2043,87.04253116
int_elec,OR,2044,87.06475502
int_elec,OR,2045,87.37588908
int_elec,OR,2046,87.93981957
int_elec,OR,2047,88.12872239
int_elec,OR,2048,88.0148251
int_elec,OR,2049,89.20380168
int_elec,OR,2050,90.16498369
int_elec,CA,2010,128.1955665
int_elec,CA,2011,128.1955665
int_elec,CA,2012,128.1955665
int_elec,CA,2013,128.1955665
int_elec,CA,2014,128.1955665
int_elec,CA,2015,128.1955665
int_elec,CA,2016,128.1955665
int_elec,CA,2017,128.1955665
int_elec,CA,2018,128.1955665
int_elec,CA,2019,128.1955665
int_elec,CA,2020,128.1955665
int_elec,CA,2021,128.1955665
int_elec,CA,2022,128.1955665
int_elec,CA,2023,128.1955665
int_elec,CA,2024,128.1955665
int_elec,CA,2025,122.8785077
int_elec,CA,2026,95.42926086
int_elec,CA,2027,85.27573418
int_elec,CA,2028,83.06168199
int_elec,CA,2029,84.02841996
int_elec,CA,2030,85.41185533
int_elec,CA,2031,87.6620213
int_elec,CA,2032,88.83432999
int_elec,CA,2033,89.36492468
int_elec,CA,2034,89.2649173
int_elec,CA,2035,89.50382381
int_elec,CA,2036,88.992675
int_elec,CA,2037,88.74543454
int_elec,CA,2038,88.25373161
int_elec,CA,2039,87.04253116
int_elec,CA,2040,86.29525382
int_elec,CA,2041,86.37303734
int_elec,CA,2042,86.60083192
int_elec,CA,2043,87.04253116
int_elec,CA,2044,87.06475502
int_elec,CA,2045,87.37588908
int_elec,CA,2046,87.93981957
int_elec,CA,2047,88.12872239
int_elec,CA,2048,88.0148251
int_elec,CA,2049,89.20380168
int_elec,CA,2050,90.16498369
int_elec,NV,2010,68.53561058
int_elec,NV,2011,68.53561058
int_elec,NV,2012,68.53561058
int_elec,NV,2013,68.53561058
int_elec,NV,2014,68.53561058
int_elec,NV,2015,68.53561058
int_elec,NV,2016,68.53561058
int_elec,NV,2017,68.53561058
int_elec,NV,2018,68.53561058
int_elec,NV,2019,68.53561058
int_elec,NV,2020,68.53561058
int_elec,NV,2021,68.53561058
int_elec,NV,2022,68.53561058
int_elec,NV,2023,68.53561058
int_elec,NV,2024,68.53561058
int_elec,NV,2025,68.04946361
int_elec,NV,2026,64.51031368
int_elec,NV,2027,62.86296996
int_elec,NV,2028,62.13236051
int_elec,NV,2029,62.64350933
int_elec,NV,2030,62.97964523
int_elec,NV,2031,62.71295889
int_elec,NV,2032,64.09361628
int_elec,NV,2033,64.31863288
int_elec,NV,2034,63.68525283
int_elec,NV,2035,63.32967105
int_elec,NV,2036,63.20743981
int_elec,NV,2037,63.13521226
int_elec,NV,2038,62.9046397
int_elec,NV,2039,63.21855174
int_elec,NV,2040,63.46301421
int_elec,NV,2041,63.62969318
int_elec,NV,2042,63.87137767
int_elec,NV,2043,64.17417778
int_elec,NV,2044,65.02979644
int_elec,NV,2045,65.51316543
int_elec,NV,2046,65.60761684
int_elec,NV,2047,65.62428474
int_elec,NV,2048,65.50760946
int_elec,NV,2049,65.30481673
int_elec,NV,2050,65.28537085
int_elec,MT,2010,67.34385601
int_elec,MT,2011,67.34385601
int_elec,MT,2012,67.34385601
int_elec,MT,2013,67.34385601
int_elec,MT,2014,67.34385601
int_elec,MT,2015,67.34385601
int_elec,MT,2016,67.34385601
int_elec,MT,2017,67.34385601
int_elec,MT,2018,67.34385601
int_elec,MT,2019,67.34385601
int_elec,MT,2020,67.34385601
int_elec,MT,2021,67.34385601
int_elec,MT,2022,67.34385601
int_elec,MT,2023,67.34385601
int_elec,MT,2024,67.34385601
int_elec,MT,2025,66.73408882
int_elec,MT,2026,63.34772793
int_elec,MT,2027,62.02957515
int_elec,MT,2028,61.63649061
int_elec,MT,2029,62.14625043
int_elec,MT,2030,63.03937186
int_elec,MT,2031,63.71581064
int_elec,MT,2032,65.20758733
int_elec,MT,2033,65.79235269
int_elec,MT,2034,65.10202399
int_elec,MT,2035,64.2033466
int_elec,MT,2036,63.83943087
int_elec,MT,2037,63.56579957
int_elec,MT,2038,63.23244165
int_elec,MT,2039,63.5769115
int_elec,MT,2040,63.64913905
int_elec,MT,2041,64.06583646
int_elec,MT,2042,64.2352934
int_elec,MT,2043,64.33668977
int_elec,MT,2044,64.59643115
int_elec,MT,2045,65.53122232
int_elec,MT,2046,65.84513436
int_elec,MT,2047,65.7576279
int_elec,MT,2048,65.55622416
int_elec,MT,2049,65.36176537
int_elec,MT,2050,65.23675615
int_elec,WY,2010,68.53561058
int_elec,WY,2011,68.53561058
int_elec,WY,2012,68.53561058
int_elec,WY,2013,68.53561058
int_elec,WY,2014,68.53561058
int_elec,WY,2015,68.53561058
int_elec,WY,2016,68.53561058
int_elec,WY,2017,68.53561058
int_elec,WY,2018,68.53561058
int_elec,WY,2019,68.53561058
int_elec,WY,2020,68.53561058
int_elec,WY,2021,68.53561058
int_elec,WY,2022,68.53561058
int_elec,WY,2023,68.53561058
int_elec,WY,2024,68.53561058
int_elec,WY,2025,68.04946361
int_elec,WY,2026,64.51031368
int_elec,WY,2027,62.86296996
int_elec,WY,2028,62.13236051
int_elec,WY,2029,62.64350933
int_elec,WY,2030,62.97964523
int_elec,WY,2031,62.71295889
int_elec,WY,2032,64.09361628
int_elec,WY,2033,64.31863288
int_elec,WY,2034,63.68525283
int_elec,WY,2035,63.32967105
int_elec,WY,2036,63.20743981
int_elec,WY,2037,63.13521226
int_elec,WY,2038,62.9046397
int_elec,WY,2039,63.21855174
int_elec,WY,2040,63.46301421
int_elec,WY,2041,63.62969318
int_elec,WY,2042,63.87137767
int_elec,WY,2043,64.17417778
int_elec,WY,2044,65.02979644
int_elec,WY,2045,65.51316543
int_elec,WY,2046,65.60761684
int_elec,WY,2047,65.62428474
int_elec,WY,2048,65.50760946
int_elec,WY,2049,65.30481673
int_elec,WY,2050,65.28537085
int_elec,UT,2010,68.53561058
int_elec,UT,2011,68.53561058
int_elec,UT,2012,68.53561058
int_elec,UT,2013,68.53561058
int_elec,UT,2014,68.53561058
int_elec,UT,2015,68.53561058
int_elec,UT,2016,68.53561058
int_elec,UT,2017,68.53561058
int_elec,UT,2018,68.53561058
int_elec,UT,2019,68.53561058
int_elec,UT,2020,68.53561058
int_elec,UT,2021,68.53561058
int_elec,UT,2022,68.53561058
int_elec,UT,2023,68.53561058
int_elec,UT,2024,68.53561058
int_elec,UT,2025,68.04946361
int_elec,UT,2026,64.51031368
int_elec,UT,2027,62.86296996
int_elec,UT,2028,62.13236051
int_elec,UT,2029,62.64350933
int_elec,UT,2030,62.97964523
int_elec,UT,2031,62.71295889
int_elec,UT,2032,64.09361628
int_elec,UT,2033,64.31863288
int_elec,UT,2034,63.68525283
int_elec,UT,2035,63.32967105
int_elec,UT,2036,63.20743981
int_elec,UT,2037,63.13521226
int_elec,UT,2038,62.9046397
int_elec,UT,2039,63.21855174
int_elec,UT,2040,63.46301421
int_elec,UT,2041,63.62969318
int_elec,UT,2042,63.87137767
int_elec,UT,2043,64.17417778
int_elec,UT,2044,65.02979644
int_elec,UT,2045,65.51316543
int_elec,UT,2046,65.60761684
int_elec,UT,2047,65.62428474
int_elec,UT,2048,65.50760946
int_elec,UT,2049,65.30481673
int_elec,UT,2050,65.28537085
int_elec,AZ,2010,68.53561058
int_elec,AZ,2011,68.53561058
int_elec,AZ,2012,68.53561058
int_elec,AZ,2013,68.53561058
int_elec,AZ,2014,68.53561058
int_elec,AZ,2015,68.53561058
int_elec,AZ,2016,68.53561058
int_elec,AZ,2017,68.53561058
int_elec,AZ,2018,68.53561058
int_elec,AZ,2019,68.53561058
int_elec,AZ,2020,68.53561058
int_elec,AZ,2021,68.53561058
int_elec,AZ,2022,68.53561058
int_elec,AZ,2023,68.53561058
int_elec,AZ,2024,68.53561058
int_elec,AZ,2025,68.04946361
int_elec,AZ,2026,64.51031368
int_elec,AZ,2027,62.86296996
int_elec,AZ,2028,62.13236051
int_elec,AZ,2029,62.64350933
int_elec,AZ,2030,62.97964523
int_elec,AZ,2031,62.71295889
int_elec,AZ,2032,64.09361628
int_elec,AZ,2033,64.31863288
int_elec,AZ,2034,63.68525283
int_elec,AZ,2035,63.32967105
int_elec,AZ,2036,63.20743981
int_elec,AZ,2037,63.13521226
int_elec,AZ,2038,62.9046397
int_elec,AZ,2039,63.21855174
int_elec,AZ,2040,63.46301421
int_elec,AZ,2041,63.62969318
int_elec,AZ,2042,63.87137767
int_elec,AZ,2043,64.17417778
int_elec,AZ,2044,65.02979644
int_elec,AZ,2045,65.51316543
int_elec,AZ,2046,65.60761684
int_elec,AZ,2047,65.62428474
int_elec,AZ,2048,65.50760946
int_elec,AZ,2049,65.30481673
int_elec,AZ,2050,65.28537085
int_elec,NM,2010,63.43523439
int_elec,NM,2011,63.43523439
int_elec,NM,2012,63.43523439
int_elec,NM,2013,63.43523439
int_elec,NM,2014,63.43523439
int_elec,NM,2015,63.43523439
int_elec,NM,2016,63.43523439
int_elec,NM,2017,63.43523439
int_elec,NM,2018,63.43523439
int_elec,NM,2019,63.43523439
int_elec,NM,2020,63.43523439
int_elec,NM,2021,63.43523439
int_elec,NM,2022,63.43523439
int_elec,NM,2023,63.43523439
int_elec,NM,2024,63.43523439
int_elec,NM,2025,63.02687093
int_elec,NM,2026,59.60300729
int_elec,NM,2027,57.3889551
int_elec,NM,2028,57.10560086
int_elec,NM,2029,58.45292246
int_elec,NM,2030,59.37243473
int_elec,NM,2031,60.34472866
int_elec,NM,2032,61.68093833
int_elec,NM,2033,62.96714431
int_elec,NM,2034,62.94630944
int_elec,NM,2035,62.24903579
int_elec,NM,2036,60.77253799
int_elec,NM,2037,59.10991536
int_elec,NM,2038,58.84045104
int_elec,NM,2039,58.98490614
int_elec,NM,2040,59.53911369
int_elec,NM,2041,59.96275604
int_elec,NM,2042,60.38917638
int_elec,NM,2043,60.66419667
int_elec,NM,2044,61.2045143
int_elec,NM,2045,62.06152196
int_elec,NM,2046,62.91019566
int_elec,NM,2047,63.50746194
int_elec,NM,2048,63.99777588
int_elec,NM,2049,64.01444378
int_elec,NM,2050,63.23383064
int_elec,SD,2010,67.34385601
int_elec,SD,2011,67.34385601
int_elec,SD,2012,67.34385601
int_elec,SD,2013,67.34385601
int_elec,SD,2014,67.34385601
int_elec,SD,2015,67.34385601
int_elec,SD,2016,67.34385601
int_elec,SD,2017,67.34385601
int_elec,SD,2018,67.34385601
int_elec,SD,2019,67.34385601
int_elec,SD,2020,67.34385601
int_elec,SD,2021,67.34385601
int_elec,SD,2022,67.34385601
int_elec,SD,2023,67.34385601
int_elec,SD,2024,67.34385601
int_elec,SD,2025,66.73408882
int_elec,SD,2026,63.34772793
int_elec,SD,2027,62.02957515
int_elec,SD,2028,61.63649061
int_elec,SD,2029,62.14625043
int_elec,SD,2030,63.03937186
int_elec,SD,2031,63.71581064
int_elec,SD,2032,65.20758733
int_elec,SD,2033,65.79235269
int_elec,SD,2034,65.10202399
int_elec,SD,2035,64.2033466
int_elec,SD,2036,63.83943087
int_elec,SD,2037,63.56579957
int_elec,SD,2038,63.23244165
int_elec,SD,2039,63.5769115
int_elec,SD,2040,63.64913905
int_elec,SD,2041,64.06583646
int_elec,SD,2042,64.2352934
int_elec,SD,2043,64.33668977
int_elec,SD,2044,64.59643115
int_elec,SD,2045,65.53122232
int_elec,SD,2046,65.84513436
int_elec,SD,2047,65.7576279
int_elec,SD,2048,65.55622416
int_elec,SD,2049,65.36176537
int_elec,SD,2050,65.23675615
int_elec,CO,2010,68.53561058
int_elec,CO,2011,68.53561058
int_elec,CO,2012,68.53561058
int_elec,CO,2013,68.53561058
int_elec,CO,2014,68.53561058
int_elec,CO,2015,68.53561058
int_elec,CO,2016,68.53561058
int_elec,CO,2017,68.53561058
int_elec,CO,2018,68.53561058
int_elec,CO,2019,68.53561058
int_elec,CO,2020,68.53561058
int_elec,CO,2021,68.53561058
int_elec,CO,2022,68.53561058
int_elec,CO,2023,68.53561058
int_elec,CO,2024,68.53561058
int_elec,CO,2025,68.04946361
int_elec,CO,2026,64.51031368
int_elec,CO,2027,62.86296996
int_elec,CO,2028,62.13236051
int_elec,CO,2029,62.64350933
int_elec,CO,2030,62.97964523
int_elec,CO,2031,62.71295889
int_elec,CO,2032,64.09361628
int_elec,CO,2033,64.31863288
int_elec,CO,2034,63.68525283
int_elec,CO,2035,63.32967105
int_elec,CO,2036,63.20743981
int_elec,CO,2037,63.13521226
int_elec,CO,2038,62.9046397
int_elec,CO,2039,63.21855174
int_elec,CO,2040,63.46301421
int_elec,CO,2041,63.62969318
int_elec,CO,2042,63.87137767
int_elec,CO,2043,64.17417778
int_elec,CO,2044,65.02979644
int_elec,CO,2045,65.51316543
int_elec,CO,2046,65.60761684
int_elec,CO,2047,65.62428474
int_elec,CO,2048,65.50760946
int_elec,CO,2049,65.30481673
int_elec,CO,2050,65.28537085
int_elec,ND,2010,66.15210144
int_elec,ND,2011,66.15210144
int_elec,ND,2012,66.15210144
int_elec,ND,2013,66.15210144
int_elec,ND,2014,66.15210144
int_elec,ND,2015,66.15210144
int_elec,ND,2016,66.15210144
int_elec,ND,2017,66.15210144
int_elec,ND,2018,66.15210144
int_elec,ND,2019,66.15210144
int_elec,ND,2020,66.15210144
int_elec,ND,2021,66.15210144
int_elec,ND,2022,66.15210144
int_elec,ND,2023,66.15210144
int_elec,ND,2024,66.15210144
int_elec,ND,2025,65.41871402
int_elec,ND,2026,62.18514218
int_elec,ND,2027,61.19618035
int_elec,ND,2028,61.1406207
int_elec,ND,2029,61.64899153
int_elec,ND,2030,63.09909848
int_elec,ND,2031,64.71866238
int_elec,ND,2032,66.32155839
int_elec,ND,2033,67.2660725
int_elec,ND,2034,66.51879516
int_elec,ND,2035,65.07702215
int_elec,ND,2036,64.47142193
int_elec,ND,2037,63.99638689
int_elec,ND,2038,63.56024361
int_elec,ND,2039,63.93527127
int_elec,ND,2040,63.83526389
int_elec,ND,2041,64.50197974
int_elec,ND,2042,64.59920913
int_elec,ND,2043,64.49920175
int_elec,ND,2044,64.16306585
int_elec,ND,2045,65.5492792
int_elec,ND,2046,66.08265188
int_elec,ND,2047,65.89097107
int_elec,ND,2048,65.60483886
int_elec,ND,2049,65.41871402
int_elec,ND,2050,65.18814146
int_elec,NE,2010,66.15210144
int_elec,NE,2011,66.15210144
int_elec,NE,2012,66.15210144
int_elec,NE,2013,66.15210144
int_elec,NE,2014,66.15210144
int_elec,NE,2015,66.15210144
int_elec,NE,2016,66.15210144
int_elec,NE,2017,66.15210144
int_elec,NE,2018,66.15210144
int_elec,NE,2019,66.15210144
int_elec,NE,2020,66.15210144
int_elec,NE,2021,66.15210144
int_elec,NE,2022,66.15210144
int_elec,NE,2023,66.15210144
int_elec,NE,2024,66.15210144
int_elec,NE,2025,65.41871402
int_elec,NE,2026,62.18514218
int_elec,NE,2027,61.19618035
int_elec,NE,2028,61.1406207
int_elec,NE,2029,61.64899153
int_elec,NE,2030,63.09909848
int_elec,NE,2031,64.71866238
int_elec,NE,2032,66.32155839
int_elec,NE,2033,67.2660725
int_elec,NE,2034,66.51879516
int_elec,NE,2035,65.07702215
int_elec,NE,2036,64.47142193
int_elec,NE,2037,63.99638689
int_elec,NE,2038,63.56024361
int_elec,NE,2039,63.93527127
int_elec,NE,2040,63.83526389
int_elec,NE,2041,64.50197974
int_elec,NE,2042,64.59920913
int_elec,NE,2043,64.49920175
int_elec,NE,2044,64.16306585
int_elec,NE,2045,65.5492792
int_elec,NE,2046,66.08265188
int_elec,NE,2047,65.89097107
int_elec,NE,2048,65.60483886
int_elec,NE,2049,65.41871402
int_elec,NE,2050,65.18814146
int_elec,MN,2010,66.15210144
int_elec,MN,2011,66.15210144
int_elec,MN,2012,66.15210144
int_elec,MN,2013,66.15210144
int_elec,MN,2014,66.15210144
int_elec,MN,2015,66.15210144
int_elec,MN,2016,66.15210144
int_elec,MN,2017,66.15210144
int_elec,MN,2018,66.15210144
int_elec,MN,2019,66.15210144
int_elec,MN,2020,66.15210144
int_elec,MN,2021,66.15210144
int_elec,MN,2022,66.15210144
int_elec,MN,2023,66.15210144
int_elec,MN,2024,66.15210144
int_elec,MN,2025,65.41871402
int_elec,MN,2026,62.18514218
int_elec,MN,2027,61.19618035
int_elec,MN,2028,61.1406207
int_elec,MN,2029,61.64899153
int_elec,MN,2030,63.09909848
int_elec,MN,2031,64.71866238
int_elec,MN,2032,66.32155839
int_elec,MN,2033,67.2660725
int_elec,MN,2034,66.51879516
int_elec,MN,2035,65.07702215
int_elec,MN,2036,64.47142193
int_elec,MN,2037,63.99638689
int_elec,MN,2038,63.56024361
int_elec,MN,2039,63.93527127
int_elec,MN,2040,63.83526389
int_elec,MN,2041,64.50197974
int_elec,MN,2042,64.59920913
int_elec,MN,2043,64.49920175
int_elec,MN,2044,64.16306585
int_elec,MN,2045,65.5492792
int_elec,MN,2046,66.08265188
int_elec,MN,2047,65.89097107
int_elec,MN,2048,65.60483886
int_elec,MN,2049,65.41871402
int_elec,MN,2050,65.18814146
int_elec,IA,2010,66.15210144
int_elec,IA,2011,66.15210144
int_elec,IA,2012,66.15210144
int_elec,IA,2013,66.15210144
int_elec,IA,2014,66.15210144
int_elec,IA,2015,66.15210144
int_elec,IA,2016,66.15210144
int_elec,IA,2017,66.15210144
int_elec,IA,2018,66.15210144
int_elec,IA,2019,66.15210144
int_elec,IA,2020,66.15210144
int_elec,IA,2021,66.15210144
int_elec,IA,2022,66.15210144
int_elec,IA,2023,66.15210144
int_elec,IA,2024,66.15210144
int_elec,IA,2025,65.41871402
int_elec,IA,2026,62.18514218
int_elec,IA,2027,61.19618035
int_elec,IA,2028,61.1406207
int_elec,IA,2029,61.64899153
int_elec,IA,2030,63.09909848
int_elec,IA,2031,64.71866238
int_elec,IA,2032,66.32155839
int_elec,IA,2033,67.2660725
int_elec,IA,2034,66.51879516
int_elec,IA,2035,65.07702215
int_elec,IA,2036,64.47142193
int_elec,IA,2037,63.99638689
int_elec,IA,2038,63.56024361
int_elec,IA,2039,63.93527127
int_elec,IA,2040,63.83526389
int_elec,IA,2041,64.50197974
int_elec,IA,2042,64.59920913
int_elec,IA,2043,64.49920175
int_elec,IA,2044,64.16306585
int_elec,IA,2045,65.5492792
int_elec,IA,2046,66.08265188
int_elec,IA,2047,65.89097107
int_elec,IA,2048,65.60483886
int_elec,IA,2049,65.41871402
int_elec,IA,2050,65.18814146
int_elec,WI,2010,71.79140628
int_elec,WI,2011,71.79140628
int_elec,WI,2012,71.79140628
int_elec,WI,2013,71.79140628
int_elec,WI,2014,71.79140628
int_elec,WI,2015,71.79140628
int_elec,WI,2016,71.79140628
int_elec,WI,2017,71.79140628
int_elec,WI,2018,71.79140628
int_elec,WI,2019,71.79140628
int_elec,WI,2020,71.79140628
int_elec,WI,2021,71.79140628
int_elec,WI,2022,71.79140628
int_elec,WI,2023,71.79140628
int_elec,WI,2024,71.79140628
int_elec,WI,2025,71.08024271
int_elec,WI,2026,66.19654917
int_elec,WI,2027,62.42682668
int_elec,WI,2028,61.92123383
int_elec,WI,2029,62.87130391
int_elec,WI,2030,63.79637214
int_elec,WI,2031,65.48816359
int_elec,WI,2032,65.84930133
int_elec,WI,2033,67.90500851
int_elec,WI,2034,67.46053128
int_elec,WI,2035,66.47156945
int_elec,WI,2036,64.48808982
int_elec,WI,2037,63.99638689
int_elec,WI,2038,62.81852223
int_elec,WI,2039,61.28785378
int_elec,WI,2040,60.34611765
int_elec,WI,2041,60.17666071
int_elec,WI,2042,60.15721483
int_elec,WI,2043,59.809967
int_elec,WI,2044,59.66828988
int_elec,WI,2045,60.0822093
int_elec,WI,2046,60.4183452
int_elec,WI,2047,60.20166255
int_elec,WI,2048,60.68780952
int_elec,WI,2049,61.09339499
int_elec,WI,2050,61.13228675
int_elec,TX,2010,63.43523439
int_elec,TX,2011,63.43523439
int_elec,TX,2012,63.43523439
int_elec,TX,2013,63.43523439
int_elec,TX,2014,63.43523439
int_elec,TX,2015,63.43523439
int_elec,TX,2016,63.43523439
int_elec,TX,2017,63.43523439
int_elec,TX,2018,63.43523439
int_elec,TX,2019,63.43523439
int_elec,TX,2020,63.43523439
int_elec,TX,2021,63.43523439
int_elec,TX,2022,63.43523439
int_elec,TX,2023,63.43523439
int_elec,TX,2024,63.43523439
int_elec,TX,2025,63.02687093
int_elec,TX,2026,59.60300729
int_elec,TX,2027,57.3889551
int_elec,TX,2028,57.10560086
int_elec,TX,2029,58.45292246
int_elec,TX,2030,59.37243473
int_elec,TX,2031,60.34472866
int_elec,TX,2032,61.68093833
int_elec,TX,2033,62.96714431
int_elec,TX,2034,62.94630944
int_elec,TX,2035,62.24903579
int_elec,TX,2036,60.77253799
int_elec,TX,2037,59.10991536
int_elec,TX,2038,58.84045104
int_elec,TX,2039,58.98490614
int_elec,TX,2040,59.53911369
int_elec,TX,2041,59.96275604
int_elec,TX,2042,60.38917638
int_elec,TX,2043,60.66419667
int_elec,TX,2044,61.2045143
int_elec,TX,2045,62.06152196
int_elec,TX,2046,62.91019566
int_elec,TX,2047,63.50746194
int_elec,TX,2048,63.99777588
int_elec,TX,2049,64.01444378
int_elec,TX,2050,63.23383064
int_elec,OK,2010,58.3348582
int_elec,OK,2011,58.3348582
int_elec,OK,2012,58.3348582
int_elec,OK,2013,58.3348582
int_elec,OK,2014,58.3348582
int_elec,OK,2015,58.3348582
int_elec,OK,2016,58.3348582
int_elec,OK,2017,58.3348582
int_elec,OK,2018,58.3348582
int_elec,OK,2019,58.3348582
int_elec,OK,2020,58.3348582
int_elec,OK,2021,58.3348582
int_elec,OK,2022,58.3348582
int_elec,OK,2023,58.3348582
int_elec,OK,2024,58.3348582
int_elec,OK,2025,58.00427826
int_elec,OK,2026,54.69570089
int_elec,OK,2027,51.91494023
int_elec,OK,2028,52.07884121
int_elec,OK,2029,54.26233559
int_elec,OK,2030,55.76522422
int_elec,OK,2031,57.97649843
int_elec,OK,2032,59.26826038
int_elec,OK,2033,61.61565574
int_elec,OK,2034,62.20736605
int_elec,OK,2035,61.16840053
int_elec,OK,2036,58.33763618
int_elec,OK,2037,55.08461847
int_elec,OK,2038,54.77626239
int_elec,OK,2039,54.75126055
int_elec,OK,2040,55.61521316
int_elec,OK,2041,56.29581891
int_elec,OK,2042,56.9069751
int_elec,OK,2043,57.15421556
int_elec,OK,2044,57.37923216
int_elec,OK,2045,58.60987848
int_elec,OK,2046,60.21277449
int_elec,OK,2047,61.39063914
int_elec,OK,2048,62.4879423
int_elec,OK,2049,62.72407082
int_elec,OK,2050,61.18229044
int_elec,KS,2010,66.15210144
int_elec,KS,2011,66.15210144
int_elec,KS,2012,66.15210144
int_elec,KS,2013,66.15210144
int_elec,KS,2014,66.15210144
int_elec,KS,2015,66.15210144
int_elec,KS,2016,66.15210144
int_elec,KS,2017,66.15210144
int_elec,KS,2018,66.15210144
int_elec,KS,2019,66.15210144
int_elec,KS,2020,66.15210144
int_elec,KS,2021,66.15210144
int_elec,KS,2022,66.15210144
int_elec,KS,2023,66.15210144
int_elec,KS,2024,66.15210144
int_elec,KS,2025,65.41871402
int_elec,KS,2026,62.18514218
int_elec,KS,2027,61.19618035
int_elec,KS,2028,61.1406207
int_elec,KS,2029,61.64899153
int_elec,KS,2030,63.09909848
int_elec,KS,2031,64.71866238
int_elec,KS,2032,66.32155839
int_elec,KS,2033,67.2660725
int_elec,KS,2034,66.51879516
int_elec,KS,2035,65.07702215
int_elec,KS,2036,64.47142193
int_elec,KS,2037,63.99638689
int_elec,KS,2038,63.56024361
int_elec,KS,2039,63.93527127
int_elec,KS,2040,63.83526389
int_elec,KS,2041,64.50197974
int_elec,KS,2042,64.59920913
int_elec,KS,2043,64.49920175
int_elec,KS,2044,64.16306585
int_elec,KS,2045,65.5492792
int_elec,KS,2046,66.08265188
int_elec,KS,2047,65.89097107
int_elec,KS,2048,65.60483886
int_elec,KS,2049,65.41871402
int_elec,KS,2050,65.18814146
int_elec,MO,2010,66.15210144
int_elec,MO,2011,66.15210144
int_elec,MO,2012,66.15210144
int_elec,MO,2013,66.15210144
int_elec,MO,2014,66.15210144
int_elec,MO,2015,66.15210144
int_elec,MO,2016,66.15210144
int_elec,MO,2017,66.15210144
int_elec,MO,2018,66.15210144
int_elec,MO,2019,66.15210144
int_elec,MO,2020,66.15210144
int_elec,MO,2021,66.15210144
int_elec,MO,2022,66.15210144
int_elec,MO,2023,66.15210144
int_elec,MO,2024,66.15210144
int_elec,MO,2025,65.41871402
int_elec,MO,2026,62.18514218
int_elec,MO,2027,61.19618035
int_elec,MO,2028,61.1406207
int_elec,MO,2029,61.64899153
int_elec,MO,2030,63.09909848
int_elec,MO,2031,64.71866238
int_elec,MO,2032,66.32155839
int_elec,MO,2033,67.2660725
int_elec,MO,2034,66.51879516
int_elec,MO,2035,65.07702215
int_elec,MO,2036,64.47142193
int_elec,MO,2037,63.99638689
int_elec,MO,2038,63.56024361
int_elec,MO,2039,63.93527127
int_elec,MO,2040,63.83526389
int_elec,MO,2041,64.50197974
int_elec,MO,2042,64.59920913
int_elec,MO,2043,64.49920175
int_elec,MO,2044,64.16306585
int_elec,MO,2045,65.5492792
int_elec,MO,2046,66.08265188
int_elec,MO,2047,65.89097107
int_elec,MO,2048,65.60483886
int_elec,MO,2049,65.41871402
int_elec,MO,2050,65.18814146
int_elec,AR,2010,58.3348582
int_elec,AR,2011,58.3348582
int_elec,AR,2012,58.3348582
int_elec,AR,2013,58.3348582
int_elec,AR,2014,58.3348582
int_elec,AR,2015,58.3348582
int_elec,AR,2016,58.3348582
int_elec,AR,2017,58.3348582
int_elec,AR,2018,58.3348582
int_elec,AR,2019,58.3348582
int_elec,AR,2020,58.3348582
int_elec,AR,2021,58.3348582
int_elec,AR,2022,58.3348582
int_elec,AR,2023,58.3348582
int_elec,AR,2024,58.3348582
int_elec,AR,2025,58.00427826
int_elec,AR,2026,54.69570089
int_elec,AR,2027,51.91494023
int_elec,AR,2028,52.07884121
int_elec,AR,2029,54.26233559
int_elec,AR,2030,55.76522422
int_elec,AR,2031,57.97649843
int_elec,AR,2032,59.26826038
int_elec,AR,2033,61.61565574
int_elec,AR,2034,62.20736605
int_elec,AR,2035,61.16840053
int_elec,AR,2036,58.33763618
int_elec,AR,2037,55.08461847
int_elec,AR,2038,54.77626239
int_elec,AR,2039,54.75126055
int_elec,AR,2040,55.61521316
int_elec,AR,2041,56.29581891
int_elec,AR,2042,56.9069751
int_elec,AR,2043,57.15421556
int_elec,AR,2044,57.37923216
int_elec,AR,2045,58.60987848
int_elec,AR,2046,60.21277449
int_elec,AR,2047,61.39063914
int_elec,AR,2048,62.4879423
int_elec,AR,2049,62.72407082
int_elec,AR,2050,61.18229044
int_elec,LA,2010,58.3348582
int_elec,LA,2011,58.3348582
int_elec,LA,2012,58.3348582
int_elec,LA,2013,58.3348582
int_elec,LA,2014,58.3348582
int_elec,LA,2015,58.3348582
int_elec,LA,2016,58.3348582
int_elec,LA,2017,58.3348582
int_elec,LA,2018,58.3348582
int_elec,LA,2019,58.3348582
int_elec,LA,2020,58.3348582
int_elec,LA,2021,58.3348582
int_elec,LA,2022,58.3348582
int_elec,LA,2023,58.3348582
int_elec,LA,2024,58.3348582
int_elec,LA,2025,58.00427826
int_elec,LA,2026,54.69570089
int_elec,LA,2027,51.91494023
int_elec,LA,2028,52.07884121
int_elec,LA,2029,54.26233559
int_elec,LA,2030,55.76522422
int_elec,LA,2031,57.97649843
int_elec,LA,2032,59.26826038
int_elec,LA,2033,61.61565574
int_elec,LA,2034,62.20736605
int_elec,LA,2035,61.16840053
int_elec,LA,2036,58.33763618
int_elec,LA,2037,55.08461847
int_elec,LA,2038,54.77626239
int_elec,LA,2039,54.75126055
int_elec,LA,2040,55.61521316
int_elec,LA,2041,56.29581891
int_elec,LA,2042,56.9069751
int_elec,LA,2043,57.15421556
int_elec,LA,2044,57.37923216
int_elec,LA,2045,58.60987848
int_elec,LA,2046,60.21277449
int_elec,LA,2047,61.39063914
int_elec,LA,2048,62.4879423
int_elec,LA,2049,62.72407082
int_elec,LA,2050,61.18229044
int_elec,MI,2010,71.79140628
int_elec,MI,2011,71.79140628
int_elec,MI,2012,71.79140628
int_elec,MI,2013,71.79140628
int_elec,MI,2014,71.79140628
int_elec,MI,2015,71.79140628
int_elec,MI,2016,71.79140628
int_elec,MI,2017,71.79140628
int_elec,MI,2018,71.79140628
int_elec,MI,2019,71.79140628
int_elec,MI,2020,71.79140628
int_elec,MI,2021,71.79140628
int_elec,MI,2022,71.79140628
int_elec,MI,2023,71.79140628
int_elec,MI,2024,71.79140628
int_elec,MI,2025,71.08024271
int_elec,MI,2026,66.19654917
int_elec,MI,2027,62.42682668
int_elec,MI,2028,61.92123383
int_elec,MI,2029,62.87130391
int_elec,MI,2030,63.79637214
int_elec,MI,2031,65.48816359
int_elec,MI,2032,65.84930133
int_elec,MI,2033,67.90500851
int_elec,MI,2034,67.46053128
int_elec,MI,2035,66.47156945
int_elec,MI,2036,64.48808982
int_elec,MI,2037,63.99638689
int_elec,MI,2038,62.81852223
int_elec,MI,2039,61.28785378
int_elec,MI,2040,60.34611765
int_elec,MI,2041,60.17666071
int_elec,MI,2042,60.15721483
int_elec,MI,2043,59.809967
int_elec,MI,2044,59.66828988
int_elec,MI,2045,60.0822093
int_elec,MI,2046,60.4183452
int_elec,MI,2047,60.20166255
int_elec,MI,2048,60.68780952
int_elec,MI,2049,61.09339499
int_elec,MI,2050,61.13228675
int_elec,IL,2010,71.79140628
int_elec,IL,2011,71.79140628
int_elec,IL,2012,71.79140628
int_elec,IL,2013,71.79140628
int_elec,IL,2014,71.79140628
int_elec,IL,2015,71.79140628
int_elec,IL,2016,71.79140628
int_elec,IL,2017,71.79140628
int_elec,IL,2018,71.79140628
int_elec,IL,2019,71.79140628
int_elec,IL,2020,71.79140628
int_elec,IL,2021,71.79140628
int_elec,IL,2022,71.79140628
int_elec,IL,2023,71.79140628
int_elec,IL,2024,71.79140628
int_elec,IL,2025,71.08024271
int_elec,IL,2026,66.19654917
int_elec,IL,2027,62.42682668
int_elec,IL,2028,61.92123383
int_elec,IL,2029,62.87130391
int_elec,IL,2030,63.79637214
int_elec,IL,2031,65.48816359
int_elec,IL,2032,65.84930133
int_elec,IL,2033,67.90500851
int_elec,IL,2034,67.46053128
int_elec,IL,2035,66.47156945
int_elec,IL,2036,64.48808982
int_elec,IL,2037,63.99638689
int_elec,IL,2038,62.81852223
int_elec,IL,2039,61.28785378
int_elec,IL,2040,60.34611765
int_elec,IL,2041,60.17666071
int_elec,IL,2042,60.15721483
int_elec,IL,2043,59.809967
int_elec,IL,2044,59.66828988
int_elec,IL,2045,60.0822093
int_elec,IL,2046,60.4183452
int_elec,IL,2047,60.20166255
int_elec,IL,2048,60.68780952
int_elec,IL,2049,61.09339499
int_elec,IL,2050,61.13228675
int_elec,MS,2010,58.82933911
int_elec,MS,2011,58.82933911
int_elec,MS,2012,58.82933911
int_elec,MS,2013,58.82933911
int_elec,MS,2014,58.82933911
int_elec,MS,2015,58.82933911
int_elec,MS,2016,58.82933911
int_elec,MS,2017,58.82933911
int_elec,MS,2018,58.82933911
int_elec,MS,2019,58.82933911
int_elec,MS,2020,58.82933911
int_elec,MS,2021,58.82933911
int_elec,MS,2022,58.82933911
int_elec,MS,2023,58.82933911
int_elec,MS,2024,58.82933911
int_elec,MS,2025,57.42645786
int_elec,MS,2026,50.25926256
int_elec,MS,2027,48.58413901
int_elec,MS,2028,47.73407631
int_elec,MS,2029,48.6008069
int_elec,MS,2030,49.18140528
int_elec,MS,2031,49.73144585
int_elec,MS,2032,51.44268318
int_elec,MS,2033,53.1872563
int_elec,MS,2034,53.65117941
int_elec,MS,2035,54.98738907
int_elec,MS,2036,56.55694928
int_elec,MS,2037,55.90690134
int_elec,MS,2038,55.3513048
int_elec,MS,2039,54.60680545
int_elec,MS,2040,54.63180729
int_elec,MS,2041,54.61236141
int_elec,MS,2042,54.87904775
int_elec,MS,2043,56.04857845
int_elec,MS,2044,57.25144495
int_elec,MS,2045,58.00150028
int_elec,MS,2046,59.47938706
int_elec,MS,2047,60.70447742
int_elec,MS,2048,60.31833783
int_elec,MS,2049,59.91553034
int_elec,MS,2050,59.82663489
int_elec,AL,2010,58.82933911
int_elec,AL,2011,58.82933911
int_elec,AL,2012,58.82933911
int_elec,AL,2013,58.82933911
int_elec,AL,2014,58.82933911
int_elec,AL,2015,58.82933911
int_elec,AL,2016,58.82933911
int_elec,AL,2017,58.82933911
int_elec,AL,2018,58.82933911
int_elec,AL,2019,58.82933911
int_elec,AL,2020,58.82933911
int_elec,AL,2021,58.82933911
int_elec,AL,2022,58.82933911
int_elec,AL,2023,58.82933911
int_elec,AL,2024,58.82933911
int_elec,AL,2025,57.42645786
int_elec,AL,2026,50.25926256
int_elec,AL,2027,48.58413901
int_elec,AL,2028,47.73407631
int_elec,AL,2029,48.6008069
int_elec,AL,2030,49.18140528
int_elec,AL,2031,49.73144585
int_elec,AL,2032,51.44268318
int_elec,AL,2033,53.1872563
int_elec,AL,2034,53.65117941
int_elec,AL,2035,54.98738907
int_elec,AL,2036,56.55694928
int_elec,AL,2037,55.90690134
int_elec,AL,2038,55.3513048
int_elec,AL,2039,54.60680545
int_elec,AL,2040,54.63180729
int_elec,AL,2041,54.61236141
int_elec,AL,2042,54.87904775
int_elec,AL,2043,56.04857845
int_elec,AL,2044,57.25144495
int_elec,AL,2045,58.00150028
int_elec,AL,2046,59.47938706
int_elec,AL,2047,60.70447742
int_elec,AL,2048,60.31833783
int_elec,AL,2049,59.91553034
int_elec,AL,2050,59.82663489
int_elec,FL,2010,65.96319862
int_elec,FL,2011,65.96319862
int_elec,FL,2012,65.96319862
int_elec,FL,2013,65.96319862
int_elec,FL,2014,65.96319862
int_elec,FL,2015,65.96319862
int_elec,FL,2016,65.96319862
int_elec,FL,2017,65.96319862
int_elec,FL,2018,65.96319862
int_elec,FL,2019,65.96319862
int_elec,FL,2020,65.96319862
int_elec,FL,2021,65.96319862
int_elec,FL,2022,65.96319862
int_elec,FL,2023,65.96319862
int_elec,FL,2024,65.96319862
int_elec,FL,2025,63.37134079
int_elec,FL,2026,58.71821981
int_elec,FL,2027,55.83467379
int_elec,FL,2028,55.08739645
int_elec,FL,2029,55.52909569
int_elec,FL,2030,55.73466641
int_elec,FL,2031,56.41249419
int_elec,FL,2032,57.50424138
int_elec,FL,2033,59.65162198
int_elec,FL,2034,60.97671972
int_elec,FL,2035,62.2795936
int_elec,FL,2036,62.32404132
int_elec,FL,2037,62.02679717
int_elec,FL,2038,61.29618773
int_elec,FL,2039,60.5794682
int_elec,FL,2040,60.5155746
int_elec,FL,2041,60.9156041
int_elec,FL,2042,61.85178426
int_elec,FL,2043,62.98520119
int_elec,FL,2044,64.34363472
int_elec,FL,2045,65.3409305
int_elec,FL,2046,66.41045383
int_elec,FL,2047,66.32989234
int_elec,FL,2048,66.15765741
int_elec,FL,2049,65.9354188
int_elec,FL,2050,65.49649753
int_elec,TN,2010,58.82933911
int_elec,TN,2011,58.82933911
int_elec,TN,2012,58.82933911
int_elec,TN,2013,58.82933911
int_elec,TN,2014,58.82933911
int_elec,TN,2015,58.82933911
int_elec,TN,2016,58.82933911
int_elec,TN,2017,58.82933911
int_elec,TN,2018,58.82933911
int_elec,TN,2019,58.82933911
int_elec,TN,2020,58.82933911
int_elec,TN,2021,58.82933911
int_elec,TN,2022,58.82933911
int_elec,TN,2023,58.82933911
int_elec,TN,2024,58.82933911
int_elec,TN,2025,57.42645786
int_elec,TN,2026,50.25926256
int_elec,TN,2027,48.58413901
int_elec,TN,2028,47.73407631
int_elec,TN,2029,48.6008069
int_elec,TN,2030,49.18140528
int_elec,TN,2031,49.73144585
int_elec,TN,2032,51.44268318
int_elec,TN,2033,53.1872563
int_elec,TN,2034,53.65117941
int_elec,TN,2035,54.98738907
int_elec,TN,2036,56.55694928
int_elec,TN,2037,55.90690134
int_elec,TN,2038,55.3513048
int_elec,TN,2039,54.60680545
int_elec,TN,2040,54.63180729
int_elec,TN,2041,54.61236141
int_elec,TN,2042,54.87904775
int_elec,TN,2043,56.04857845
int_elec,TN,2044,57.25144495
int_elec,TN,2045,58.00150028
int_elec,TN,2046,59.47938706
int_elec,TN,2047,60.70447742
int_elec,TN,2048,60.31833783
int_elec,TN,2049,59.91553034
int_elec,TN,2050,59.82663489
int_elec,KY,2010,58.82933911
int_elec,KY,2011,58.82933911
int_elec,KY,2012,58.82933911
int_elec,KY,2013,58.82933911
int_elec,KY,2014,58.82933911
int_elec,KY,2015,58.82933911
int_elec,KY,2016,58.82933911
int_elec,KY,2017,58.82933911
int_elec,KY,2018,58.82933911
int_elec,KY,2019,58.82933911
int_elec,KY,2020,58.82933911
int_elec,KY,2021,58.82933911
int_elec,KY,2022,58.82933911
int_elec,KY,2023,58.82933911
int_elec,KY,2024,58.82933911
int_elec,KY,2025,57.42645786
int_elec,KY,2026,50.25926256
int_elec,KY,2027,48.58413901
int_elec,KY,2028,47.73407631
int_elec,KY,2029,48.6008069
int_elec,KY,2030,49.18140528
int_elec,KY,2031,49.73144585
int_elec,KY,2032,51.44268318
int_elec,KY,2033,53.1872563
int_elec,KY,2034,53.65117941
int_elec,KY,2035,54.98738907
int_elec,KY,2036,56.55694928
int_elec,KY,2037,55.90690134
int_elec,KY,2038,55.3513048
int_elec,KY,2039,54.60680545
int_elec,KY,2040,54.63180729
int_elec,KY,2041,54.61236141
int_elec,KY,2042,54.87904775
int_elec,KY,2043,56.04857845
int_elec,KY,2044,57.25144495
int_elec,KY,2045,58.00150028
int_elec,KY,2046,59.47938706
int_elec,KY,2047,60.70447742
int_elec,KY,2048,60.31833783
int_elec,KY,2049,59.91553034
int_elec,KY,2050,59.82663489
int_elec,GA,2010,65.96319862
int_elec,GA,2011,65.96319862
int_elec,GA,2012,65.96319862
int_elec,GA,2013,65.96319862
int_elec,GA,2014,65.96319862
int_elec,GA,2015,65.96319862
int_elec,GA,2016,65.96319862
int_elec,GA,2017,65.96319862
int_elec,GA,2018,65.96319862
int_elec,GA,2019,65.96319862
int_elec,GA,2020,65.96319862
int_elec,GA,2021,65.96319862
int_elec,GA,2022,65.96319862
int_elec,GA,2023,65.96319862
int_elec,GA,2024,65.96319862
int_elec,GA,2025,63.37134079
int_elec,GA,2026,58.71821981
int_elec,GA,2027,55.83467379
int_elec,GA,2028,55.08739645
int_elec,GA,2029,55.52909569
int_elec,GA,2030,55.73466641
int_elec,GA,2031,56.41249419
int_elec,GA,2032,57.50424138
int_elec,GA,2033,59.65162198
int_elec,GA,2034,60.97671972
int_elec,GA,2035,62.2795936
int_elec,GA,2036,62.32404132
int_elec,GA,2037,62.02679717
int_elec,GA,2038,61.29618773
int_elec,GA,2039,60.5794682
int_elec,GA,2040,60.5155746
int_elec,GA,2041,60.9156041
int_elec,GA,2042,61.85178426
int_elec,GA,2043,62.98520119
int_elec,GA,2044,64.34363472
int_elec,GA,2045,65.3409305
int_elec,GA,2046,66.41045383
int_elec,GA,2047,66.32989234
int_elec,GA,2048,66.15765741
int_elec,GA,2049,65.9354188
int_elec,GA,2050,65.49649753
int_elec,SC,2010,65.96319862
int_elec,SC,2011,65.96319862
int_elec,SC,2012,65.96319862
int_elec,SC,2013,65.96319862
int_elec,SC,2014,65.96319862
int_elec,SC,2015,65.96319862
int_elec,SC,2016,65.96319862
int_elec,SC,2017,65.96319862
int_elec,SC,2018,65.96319862
int_elec,SC,2019,65.96319862
int_elec,SC,2020,65.96319862
int_elec,SC,2021,65.96319862
int_elec,SC,2022,65.96319862
int_elec,SC,2023,65.96319862
int_elec,SC,2024,65.96319862
int_elec,SC,2025,63.37134079
int_elec,SC,2026,58.71821981
int_elec,SC,2027,55.83467379
int_elec,SC,2028,55.08739645
int_elec,SC,2029,55.52909569
int_elec,SC,2030,55.73466641
int_elec,SC,2031,56.41249419
int_elec,SC,2032,57.50424138
int_elec,SC,2033,59.65162198
int_elec,SC,2034,60.97671972
int_elec,SC,2035,62.2795936
int_elec,SC,2036,62.32404132
int_elec,SC,2037,62.02679717
int_elec,SC,2038,61.29618773
int_elec,SC,2039,60.5794682
int_elec,SC,2040,60.5155746
int_elec,SC,2041,60.9156041
int_elec,SC,2042,61.85178426
int_elec,SC,2043,62.98520119
int_elec,SC,2044,64.34363472
int_elec,SC,2045,65.3409305
int_elec,SC,2046,66.41045383
int_elec,SC,2047,66.32989234
int_elec,SC,2048,66.15765741
int_elec,SC,2049,65.9354188
int_elec,SC,2050,65.49649753
int_elec,NC,2010,65.96319862
int_elec,NC,2011,65.96319862
int_elec,NC,2012,65.96319862
int_elec,NC,2013,65.96319862
int_elec,NC,2014,65.96319862
int_elec,NC,2015,65.96319862
int_elec,NC,2016,65.96319862
int_elec,NC,2017,65.96319862
int_elec,NC,2018,65.96319862
int_elec,NC,2019,65.96319862
int_elec,NC,2020,65.96319862
int_elec,NC,2021,65.96319862
int_elec,NC,2022,65.96319862
int_elec,NC,2023,65.96319862
int_elec,NC,2024,65.96319862
int_elec,NC,2025,63.37134079
int_elec,NC,2026,58.71821981
int_elec,NC,2027,55.83467379
int_elec,NC,2028,55.08739645
int_elec,NC,2029,55.52909569
int_elec,NC,2030,55.73466641
int_elec,NC,2031,56.41249419
int_elec,NC,2032,57.50424138
int_elec,NC,2033,59.65162198
int_elec,NC,2034,60.97671972
int_elec,NC,2035,62.2795936
int_elec,NC,2036,62.32404132
int_elec,NC,2037,62.02679717
int_elec,NC,2038,61.29618773
int_elec,NC,2039,60.5794682
int_elec,NC,2040,60.5155746
int_elec,NC,2041,60.9156041
int_elec,NC,2042,61.85178426
int_elec,NC,2043,62.98520119
int_elec,NC,2044,64.34363472
int_elec,NC,2045,65.3409305
int_elec,NC,2046,66.41045383
int_elec,NC,2047,66.32989234
int_elec,NC,2048,66.15765741
int_elec,NC,2049,65.9354188
int_elec,NC,2050,65.49649753
int_elec,VA,2010,65.96319862
int_elec,VA,2011,65.96319862
int_elec,VA,2012,65.96319862
int_elec,VA,2013,65.96319862
int_elec,VA,2014,65.96319862
int_elec,VA,2015,65.96319862
int_elec,VA,2016,65.96319862
int_elec,VA,2017,65.96319862
int_elec,VA,2018,65.96319862
int_elec,VA,2019,65.96319862
int_elec,VA,2020,65.96319862
int_elec,VA,2021,65.96319862
int_elec,VA,2022,65.96319862
int_elec,VA,2023,65.96319862
int_elec,VA,2024,65.96319862
int_elec,VA,2025,63.37134079
int_elec,VA,2026,58.71821981
int_elec,VA,2027,55.83467379
int_elec,VA,2028,55.08739645
int_elec,VA,2029,55.52909569
int_elec,VA,2030,55.73466641
int_elec,VA,2031,56.41249419
int_elec,VA,2032,57.50424138
int_elec,VA,2033,59.65162198
int_elec,VA,2034,60.97671972
int_elec,VA,2035,62.2795936
int_elec,VA,2036,62.32404132
int_elec,VA,2037,62.02679717
int_elec,VA,2038,61.29618773
int_elec,VA,2039,60.5794682
int_elec,VA,2040,60.5155746
int_elec,VA,2041,60.9156041
int_elec,VA,2042,61.85178426
int_elec,VA,2043,62.98520119
int_elec,VA,2044,64.34363472
int_elec,VA,2045,65.3409305
int_elec,VA,2046,66.41045383
int_elec,VA,2047,66.32989234
int_elec,VA,2048,66.15765741
int_elec,VA,2049,65.9354188
int_elec,VA,2050,65.49649753
int_elec,IN,2010,71.79140628
int_elec,IN,2011,71.79140628
int_elec,IN,2012,71.79140628
int_elec,IN,2013,71.79140628
int_elec,IN,2014,71.79140628
int_elec,IN,2015,71.79140628
int_elec,IN,2016,71.79140628
int_elec,IN,2017,71.79140628
int_elec,IN,2018,71.79140628
int_elec,IN,2019,71.79140628
int_elec,IN,2020,71.79140628
int_elec,IN,2021,71.79140628
int_elec,IN,2022,71.79140628
int_elec,IN,2023,71.79140628
int_elec,IN,2024,71.79140628
int_elec,IN,2025,71.08024271
int_elec,IN,2026,66.19654917
int_elec,IN,2027,62.42682668
int_elec,IN,2028,61.92123383
int_elec,IN,2029,62.87130391
int_elec,IN,2030,63.79637214
int_elec,IN,2031,65.48816359
int_elec,IN,2032,65.84930133
int_elec,IN,2033,67.90500851
int_elec,IN,2034,67.46053128
int_elec,IN,2035,66.47156945
int_elec,IN,2036,64.48808982
int_elec,IN,2037,63.99638689
int_elec,IN,2038,62.81852223
int_elec,IN,2039,61.28785378
int_elec,IN,2040,60.34611765
int_elec,IN,2041,60.17666071
int_elec,IN,2042,60.15721483
int_elec,IN,2043,59.809967
int_elec,IN,2044,59.66828988
int_elec,IN,2045,60.0822093
int_elec,IN,2046,60.4183452
int_elec,IN,2047,60.20166255
int_elec,IN,2048,60.68780952
int_elec,IN,2049,61.09339499
int_elec,IN,2050,61.13228675
int_elec,OH,2010,71.79140628
int_elec,OH,2011,71.79140628
int_elec,OH,2012,71.79140628
int_elec,OH,2013,71.79140628
int_elec,OH,2014,71.79140628
int_elec,OH,2015,71.79140628
int_elec,OH,2016,71.79140628
int_elec,OH,2017,71.79140628
int_elec,OH,2018,71.79140628
int_elec,OH,2019,71.79140628
int_elec,OH,2020,71.79140628
int_elec,OH,2021,71.79140628
int_elec,OH,2022,71.79140628
int_elec,OH,2023,71.79140628
int_elec,OH,2024,71.79140628
int_elec,OH,2025,71.08024271
int_elec,OH,2026,66.19654917
int_elec,OH,2027,62.42682668
int_elec,OH,2028,61.92123383
int_elec,OH,2029,62.87130391
int_elec,OH,2030,63.79637214
int_elec,OH,2031,65.48816359
int_elec,OH,2032,65.84930133
int_elec,OH,2033,67.90500851
int_elec,OH,2034,67.46053128
int_elec,OH,2035,66.47156945
int_elec,OH,2036,64.48808982
int_elec,OH,2037,63.99638689
int_elec,OH,2038,62.81852223
int_elec,OH,2039,61.28785378
int_elec,OH,2040,60.34611765
int_elec,OH,2041,60.17666071
int_elec,OH,2042,60.15721483
int_elec,OH,2043,59.809967
int_elec,OH,2044,59.66828988
int_elec,OH,2045,60.0822093
int_elec,OH,2046,60.4183452
int_elec,OH,2047,60.20166255
int_elec,OH,2048,60.68780952
int_elec,OH,2049,61.09339499
int_elec,OH,2050,61.13228675
int_elec,PA,2010,89.2010237
int_elec,PA,2011,89.2010237
int_elec,PA,2012,89.2010237
int_elec,PA,2013,89.2010237
int_elec,PA,2014,89.2010237
int_elec,PA,2015,89.2010237
int_elec,PA,2016,89.2010237
int_elec,PA,2017,89.2010237
int_elec,PA,2018,89.2010237
int_elec,PA,2019,89.2010237
int_elec,PA,2020,89.2010237
int_elec,PA,2021,89.2010237
int_elec,PA,2022,89.2010237
int_elec,PA,2023,89.2010237
int_elec,PA,2024,89.2010237
int_elec,PA,2025,88.7204327
int_elec,PA,2026,85.07294145
int_elec,PA,2027,75.58890859
int_elec,PA,2028,77.10013117
int_elec,PA,2029,76.82788887
int_elec,PA,2030,77.10568713
int_elec,PA,2031,79.52253206
int_elec,PA,2032,80.13646623
int_elec,PA,2033,83.06445997
int_elec,PA,2034,83.10335173
int_elec,PA,2035,82.44774782
int_elec,PA,2036,80.84485181
int_elec,PA,2037,81.71158241
int_elec,PA,2038,80.75873435
int_elec,PA,2039,79.16972826
int_elec,PA,2040,78.53634821
int_elec,PA,2041,79.05860895
int_elec,PA,2042,80.09479649
int_elec,PA,2043,80.56705355
int_elec,PA,2044,80.79484813
int_elec,PA,2045,81.07542438
int_elec,PA,2046,81.55601538
int_elec,PA,2047,81.5532374
int_elec,PA,2048,81.65602275
int_elec,PA,2049,81.90048523
int_elec,PA,2050,81.68380258
int_elec,WV,2010,65.96319862
int_elec,WV,2011,65.96319862
int_elec,WV,2012,65.96319862
int_elec,WV,2013,65.96319862
int_elec,WV,2014,65.96319862
int_elec,WV,2015,65.96319862
int_elec,WV,2016,65.96319862
int_elec,WV,2017,65.96319862
int_elec,WV,2018,65.96319862
int_elec,WV,2019,65.96319862
int_elec,WV,2020,65.96319862
int_elec,WV,2021,65.96319862
int_elec,WV,2022,65.96319862
int_elec,WV,2023,65.96319862
int_elec,WV,2024,65.96319862
int_elec,WV,2025,63.37134079
int_elec,WV,2026,58.71821981
int_elec,WV,2027,55.83467379
int_elec,WV,2028,55.08739645
int_elec,WV,2029,55.52909569
int_elec,WV,2030,55.73466641
int_elec,WV,2031,56.41249419
int_elec,WV,2032,57.50424138
int_elec,WV,2033,59.65162198
int_elec,WV,2034,60.97671972
int_elec,WV,2035,62.2795936
int_elec,WV,2036,62.32404132
int_elec,WV,2037,62.02679717
int_elec,WV,2038,61.29618773
int_elec,WV,2039,60.5794682
int_elec,WV,2040,60.5155746
int_elec,WV,2041,60.9156041
int_elec,WV,2042,61.85178426
int_elec,WV,2043,62.98520119
int_elec,WV,2044,64.34363472
int_elec,WV,2045,65.3409305
int_elec,WV,2046,66.41045383
int_elec,WV,2047,66.32989234
int_elec,WV,2048,66.15765741
int_elec,WV,2049,65.9354188
int_elec,WV,2050,65.49649753
int_elec,MD,2010,65.96319862
int_elec,MD,2011,65.96319862
int_elec,MD,2012,65.96319862
int_elec,MD,2013,65.96319862
int_elec,MD,2014,65.96319862
int_elec,MD,2015,65.96319862
int_elec,MD,2016,65.96319862
int_elec,MD,2017,65.96319862
int_elec,MD,2018,65.96319862
int_elec,MD,2019,65.96319862
int_elec,MD,2020,65.96319862
int_elec,MD,2021,65.96319862
int_elec,MD,2022,65.96319862
int_elec,MD,2023,65.96319862
int_elec,MD,2024,65.96319862
int_elec,MD,2025,63.37134079
int_elec,MD,2026,58.71821981
int_elec,MD,2027,55.83467379
int_elec,MD,2028,55.08739645
int_elec,MD,2029,55.52909569
int_elec,MD,2030,55.73466641
int_elec,MD,2031,56.41249419
int_elec,MD,2032,57.50424138
int_elec,MD,2033,59.65162198
int_elec,MD,2034,60.97671972
int_elec,MD,2035,62.2795936
int_elec,MD,2036,62.32404132
int_elec,MD,2037,62.02679717
int_elec,MD,2038,61.29618773
int_elec,MD,2039,60.5794682
int_elec,MD,2040,60.5155746
int_elec,MD,2041,60.9156041
int_elec,MD,2042,61.85178426
int_elec,MD,2043,62.98520119
int_elec,MD,2044,64.34363472
int_elec,MD,2045,65.3409305
int_elec,MD,2046,66.41045383
int_elec,MD,2047,66.32989234
int_elec,MD,2048,66.15765741
int_elec,MD,2049,65.9354188
int_elec,MD,2050,65.49649753
int_elec,DE,2010,65.96319862
int_elec,DE,2011,65.96319862
int_elec,DE,2012,65.96319862
int_elec,DE,2013,65.96319862
int_elec,DE,2014,65.96319862
int_elec,DE,2015,65.96319862
int_elec,DE,2016,65.96319862
int_elec,DE,2017,65.96319862
int_elec,DE,2018,65.96319862
int_elec,DE,2019,65.96319862
int_elec,DE,2020,65.96319862
int_elec,DE,2021,65.96319862
int_elec,DE,2022,65.96319862
int_elec,DE,2023,65.96319862
int_elec,DE,2024,65.96319862
int_elec,DE,2025,63.37134079
int_elec,DE,2026,58.71821981
int_elec,DE,2027,55.83467379
int_elec,DE,2028,55.08739645
int_elec,DE,2029,55.52909569
int_elec,DE,2030,55.73466641
int_elec,DE,2031,56.41249419
int_elec,DE,2032,57.50424138
int_elec,DE,2033,59.65162198
int_elec,DE,2034,60.97671972
int_elec,DE,2035,62.2795936
int_elec,DE,2036,62.32404132
int_elec,DE,2037,62.02679717
int_elec,DE,2038,61.29618773
int_elec,DE,2039,60.5794682
int_elec,DE,2040,60.5155746
int_elec,DE,2041,60.9156041
int_elec,DE,2042,61.85178426
int_elec,DE,2043,62.98520119
int_elec,DE,2044,64.34363472
int_elec,DE,2045,65.3409305
int_elec,DE,2046,66.41045383
int_elec,DE,2047,66.32989234
int_elec,DE,2048,66.15765741
int_elec,DE,2049,65.9354188
int_elec,DE,2050,65.49649753
int_elec,NJ,2010,89.2010237
int_elec,NJ,2011,89.2010237
int_elec,NJ,2012,89.2010237
int_elec,NJ,2013,89.2010237
int_elec,NJ,2014,89.2010237
int_elec,NJ,2015,89.2010237
int_elec,NJ,2016,89.2010237
int_elec,NJ,2017,89.2010237
int_elec,NJ,2018,89.2010237
int_elec,NJ,2019,89.2010237
int_elec,NJ,2020,89.2010237
int_elec,NJ,2021,89.2010237
int_elec,NJ,2022,89.2010237
int_elec,NJ,2023,89.2010237
int_elec,NJ,2024,89.2010237
int_elec,NJ,2025,88.7204327
int_elec,NJ,2026,85.07294145
int_elec,NJ,2027,75.58890859
int_elec,NJ,2028,77.10013117
int_elec,NJ,2029,76.82788887
int_elec,NJ,2030,77.10568713
int_elec,NJ,2031,79.52253206
int_elec,NJ,2032,80.13646623
int_elec,NJ,2033,83.06445997
int_elec,NJ,2034,83.10335173
int_elec,NJ,2035,82.44774782
int_elec,NJ,2036,80.84485181
int_elec,NJ,2037,81.71158241
int_elec,NJ,2038,80.75873435
int_elec,NJ,2039,79.16972826
int_elec,NJ,2040,78.53634821
int_elec,NJ,2041,79.05860895
int_elec,NJ,2042,80.09479649
int_elec,NJ,2043,80.56705355
int_elec,NJ,2044,80.79484813
int_elec,NJ,2045,81.07542438
int_elec,NJ,2046,81.55601538
int_elec,NJ,2047,81.5532374
int_elec,NJ,2048,81.65602275
int_elec,NJ,2049,81.90048523
int_elec,NJ,2050,81.68380258
int_elec,NY,2010,89.2010237
int_elec,NY,2011,89.2010237
int_elec,NY,2012,89.2010237
int_elec,NY,2013,89.2010237
int_elec,NY,2014,89.2010237
int_elec,NY,2015,89.2010237
int_elec,NY,2016,89.2010237
int_elec,NY,2017,89.2010237
int_elec,NY,2018,89.2010237
int_elec,NY,2019,89.2010237
int_elec,NY,2020,89.2010237
int_elec,NY,2021,89.2010237
int_elec,NY,2022,89.2010237
int_elec,NY,2023,89.2010237
int_elec,NY,2024,89.2010237
int_elec,NY,2025,88.7204327
int_elec,NY,2026,85.07294145
int_elec,NY,2027,75.58890859
int_elec,NY,2028,77.10013117
int_elec,NY,2029,76.82788887
int_elec,NY,2030,77.10568713
int_elec,NY,2031,79.52253206
int_elec,NY,2032,80.13646623
int_elec,NY,2033,83.06445997
int_elec,NY,2034,83.10335173
int_elec,NY,2035,82.44774782
int_elec,NY,2036,80.84485181
int_elec,NY,2037,81.71158241
int_elec,NY,2038,80.75873435
int_elec,NY,2039,79.16972826
int_elec,NY,2040,78.53634821
int_elec,NY,2041,79.05860895
int_elec,NY,2042,80.09479649
int_elec,NY,2043,80.56705355
int_elec,NY,2044,80.79484813
int_elec,NY,2045,81.07542438
int_elec,NY,2046,81.55601538
int_elec,NY,2047,81.5532374
int_elec,NY,2048,81.65602275
int_elec,NY,2049,81.90048523
int_elec,NY,2050,81.68380258
int_elec,VT,2010,152.4529112
int_elec,VT,2011,152.4529112
int_elec,VT,2012,152.4529112
int_elec,VT,2013,152.4529112
int_elec,VT,2014,152.4529112
int_elec,VT,2015,152.4529112
int_elec,VT,2016,152.4529112
int_elec,VT,2017,152.4529112
int_elec,VT,2018,152.4529112
int_elec,VT,2019,152.4529112
int_elec,VT,2020,152.4529112
int_elec,VT,2021,152.4529112
int_elec,VT,2022,152.4529112
int_elec,VT,2023,152.4529112
int_elec,VT,2024,152.4529112
int_elec,VT,2025,156.4670962
int_elec,VT,2026,140.468694
int_elec,VT,2027,117.5725608
int_elec,VT,2028,114.9362552
int_elec,VT,2029,113.050005
int_elec,VT,2030,113.0638949
int_elec,VT,2031,112.6083057
int_elec,VT,2032,115.7918739
int_elec,VT,2033,121.8895458
int_elec,VT,2034,122.020111
int_elec,VT,2035,121.9062137
int_elec,VT,2036,121.2506098
int_elec,VT,2037,121.4422906
int_elec,VT,2038,120.5616701
int_elec,VT,2039,119.9255121
int_elec,VT,2040,119.2171265
int_elec,VT,2041,119.7449432
int_elec,VT,2042,120.6533435
int_elec,VT,2043,120.7783528
int_elec,VT,2044,120.8339124
int_elec,VT,2045,121.4589585
int_elec,VT,2046,122.82017
int_elec,VT,2047,123.7396823
int_elec,VT,2048,124.1841595
int_elec,VT,2049,124.4675138
int_elec,VT,2050,124.8758772
int_elec,NH,2010,152.4529112
int_elec,NH,2011,152.4529112
int_elec,NH,2012,152.4529112
int_elec,NH,2013,152.4529112
int_elec,NH,2014,152.4529112
int_elec,NH,2015,152.4529112
int_elec,NH,2016,152.4529112
int_elec,NH,2017,152.4529112
int_elec,NH,2018,152.4529112
int_elec,NH,2019,152.4529112
int_elec,NH,2020,152.4529112
int_elec,NH,2021,152.4529112
int_elec,NH,2022,152.4529112
int_elec,NH,2023,152.4529112
int_elec,NH,2024,152.4529112
int_elec,NH,2025,156.4670962
int_elec,NH,2026,140.468694
int_elec,NH,2027,117.5725608
int_elec,NH,2028,114.9362552
int_elec,NH,2029,113.050005
int_elec,NH,2030,113.0638949
int_elec,NH,2031,112.6083057
int_elec,NH,2032,115.7918739
int_elec,NH,2033,121.8895458
int_elec,NH,2034,122.020111
int_elec,NH,2035,121.9062137
int_elec,NH,2036,121.2506098
int_elec,NH,2037,121.4422906
int_elec,NH,2038,120.5616701
int_elec,NH,2039,119.9255121
int_elec,NH,2040,119.2171265
int_elec,NH,2041,119.7449432
int_elec,NH,2042,120.6533435
int_elec,NH,2043,120.7783528
int_elec,NH,2044,120.8339124
int_elec,NH,2045,121.4589585
int_elec,NH,2046,122.82017
int_elec,NH,2047,123.7396823
int_elec,NH,2048,124.1841595
int_elec,NH,2049,124.4675138
int_elec,NH,2050,124.8758772
int_elec,MA,2010,152.4529112
int_elec,MA,2011,152.4529112
int_elec,MA,2012,152.4529112
int_elec,MA,2013,152.4529112
int_elec,MA,2014,152.4529112
int_elec,MA,2015,152.4529112
int_elec,MA,2016,152.4529112
int_elec,MA,2017,152.4529112
int_elec,MA,2018,152.4529112
int_elec,MA,2019,152.4529112
int_elec,MA,2020,152.4529112
int_elec,MA,2021,152.4529112
int_elec,MA,2022,152.4529112
int_elec,MA,2023,152.4529112
int_elec,MA,2024,152.4529112
int_elec,MA,2025,156.4670962
int_elec,MA,2026,140.468694
int_elec,MA,2027,117.5725608
int_elec,MA,2028,114.9362552
int_elec,MA,2029,113.050005
int_elec,MA,2030,113.0638949
int_elec,MA,2031,112.6083057
int_elec,MA,2032,115.7918739
int_elec,MA,2033,121.8895458
int_elec,MA,2034,122.020111
int_elec,MA,2035,121.9062137
int_elec,MA,2036,121.2506098
int_elec,MA,2037,121.4422906
int_elec,MA,2038,120.5616701
int_elec,MA,2039,119.9255121
int_elec,MA,2040,119.2171265
int_elec,MA,2041,119.7449432
int_elec,MA,2042,120.6533435
int_elec,MA,2043,120.7783528
int_elec,MA,2044,120.8339124
int_elec,MA,2045,121.4589585
int_elec,MA,2046,122.82017
int_elec,MA,2047,123.7396823
int_elec,MA,2048,124.1841595
int_elec,MA,2049,124.4675138
int_elec,MA,2050,124.8758772
int_elec,CT,2010,152.4529112
int_elec,CT,2011,152.4529112
int_elec,CT,2012,152.4529112
int_elec,CT,2013,152.4529112
int_elec,CT,2014,152.4529112
int_elec,CT,2015,152.4529112
int_elec,CT,2016,152.4529112
int_elec,CT,2017,152.4529112
int_elec,CT,2018,152.4529112
int_elec,CT,2019,152.4529112
int_elec,CT,2020,152.4529112
int_elec,CT,2021,152.4529112
int_elec,CT,2022,152.4529112
int_elec,CT,2023,152.4529112
int_elec,CT,2024,152.4529112
int_elec,CT,2025,156.4670962
int_elec,CT,2026,140.468694
int_elec,CT,2027,117.5725608
int_elec,CT,2028,114.9362552
int_elec,CT,2029,113.050005
int_elec,CT,2030,113.0638949
int_elec,CT,2031,112.6083057
int_elec,CT,2032,115.7918739
int_elec,CT,2033,121.8895458
int_elec,CT,2034,122.020111
int_elec,CT,2035,121.9062137
int_elec,CT,2036,121.2506098
int_elec,CT,2037,121.4422906
int_elec,CT,2038,120.5616701
int_elec,CT,2039,119.9255121
int_elec,CT,2040,119.2171265
int_elec,CT,2041,119.7449432
int_elec,CT,2042,120.6533435
int_elec,CT,2043,120.7783528
int_elec,CT,2044,120.8339124
int_elec,CT,2045,121.4589585
int_elec,CT,2046,122.82017
int_elec,CT,2047,123.7396823
int_elec,CT,2048,124.1841595
int_elec,CT,2049,124.4675138
int_elec,CT,2050,124.8758772
int_elec,RI,2010,152.4529112
int_elec,RI,2011,152.4529112
int_elec,RI,2012,152.4529112
int_elec,RI,2013,152.4529112
int_elec,RI,2014,152.4529112
int_elec,RI,2015,152.4529112
int_elec,RI,2016,152.4529112
int_elec,RI,2017,152.4529112
int_elec,RI,2018,152.4529112
int_elec,RI,2019,152.4529112
int_elec,RI,2020,152.4529112
int_elec,RI,2021,152.4529112
int_elec,RI,2022,152.4529112
int_elec,RI,2023,152.4529112
int_elec,RI,2024,152.4529112
int_elec,RI,2025,156.4670962
int_elec,RI,2026,140.468694
int_elec,RI,2027,117.5725608
int_elec,RI,2028,114.9362552
int_elec,RI,2029,113.050005
int_elec,RI,2030,113.0638949
int_elec,RI,2031,112.6083057
int_elec,RI,2032,115.7918739
int_elec,RI,2033,121.8895458
int_elec,RI,2034,122.020111
int_elec,RI,2035,121.9062137
int_elec,RI,2036,121.2506098
int_elec,RI,2037,121.4422906
int_elec,RI,2038,120.5616701
int_elec,RI,2039,119.9255121
int_elec,RI,2040,119.2171265
int_elec,RI,2041,119.7449432
int_elec,RI,2042,120.6533435
int_elec,RI,2043,120.7783528
int_elec,RI,2044,120.8339124
int_elec,RI,2045,121.4589585
int_elec,RI,2046,122.82017
int_elec,RI,2047,123.7396823
int_elec,RI,2048,124.1841595
int_elec,RI,2049,124.4675138
int_elec,RI,2050,124.8758772
int_elec,ME,2010,152.4529112
int_elec,ME,2011,152.4529112
int_elec,ME,2012,152.4529112
int_elec,ME,2013,152.4529112
int_elec,ME,2014,152.4529112
int_elec,ME,2015,152.4529112
int_elec,ME,2016,152.4529112
int_elec,ME,2017,152.4529112
int_elec,ME,2018,152.4529112
int_elec,ME,2019,152.4529112
int_elec,ME,2020,152.4529112
int_elec,ME,2021,152.4529112
int_elec,ME,2022,152.4529112
int_elec,ME,2023,152.4529112
int_elec,ME,2024,152.4529112
int_elec,ME,2025,156.4670962
int_elec,ME,2026,140.468694
int_elec,ME,2027,117.5725608
int_elec,ME,2028,114.9362552
int_elec,ME,2029,113.050005
int_elec,ME,2030,113.0638949
int_elec,ME,2031,112.6083057
int_elec,ME,2032,115.7918739
int_elec,ME,2033,121.8895458
int_elec,ME,2034,122.020111
int_elec,ME,2035,121.9062137
int_elec,ME,2036,121.2506098
int_elec,ME,2037,121.4422906
int_elec,ME,2038,120.5616701
int_elec,ME,2039,119.9255121
int_elec,ME,2040,119.2171265
int_elec,ME,2041,119.7449432
int_elec,ME,2042,120.6533435
int_elec,ME,2043,120.7783528
int_elec,ME,2044,120.8339124
int_elec,ME,2045,121.4589585
int_elec,ME,2046,122.82017
int_elec,ME,2047,123.7396823
int_elec,ME,2048,124.1841595
int_elec,ME,2049,124.4675138
int_elec,ME,2050,124.8758772
int_elec,voluntary,2010,81.94950505
int_elec,voluntary,2011,81.94950505
int_elec,voluntary,2012,81.94950505
int_elec,voluntary,2013,81.94950505
int_elec,voluntary,2014,81.94950505
int_elec,voluntary,2015,81.94950505
int_elec,voluntary,2016,81.94950505
int_elec,voluntary,2017,81.94950505
int_elec,voluntary,2018,81.94950505
int_elec,voluntary,2019,81.94950505
int_elec,voluntary,2020,81.94950505
int_elec,voluntary,2021,81.94950505
int_elec,voluntary,2022,81.94950505
int_elec,voluntary,2023,81.94950505
int_elec,voluntary,2024,81.94950505
int_elec,voluntary,2025,81.25043728
int_elec,voluntary,2026,74.0884507
int_elec,voluntary,2027,68.33571158
int_elec,voluntary,2028,67.59798355
int_elec,voluntary,2029,67.99170472
int_elec,voluntary,2030,68.66901162
int_elec,voluntary,2031,69.61479897
int_elec,voluntary,2032,71.05807672
int_elec,voluntary,2033,73.12472221
int_elec,voluntary,2034,73.18520121
int_elec,voluntary,2035,73.0142974
int_elec,voluntary,2036,72.38722568
int_elec,voluntary,2037,71.94257483
int_elec,voluntary,2038,71.32372132
int_elec,voluntary,2039,70.83317588
int_elec,voluntary,2040,70.64982902
int_elec,voluntary,2041,70.98243457
int_elec,voluntary,2042,71.45660149
int_elec,voluntary,2043,71.83602762
int_elec,voluntary,2044,72.28281984
int_elec,voluntary,2045,73.05504114
int_elec,voluntary,2046,73.85400054
int_elec,voluntary,2047,74.11964513
int_elec,voluntary,2048,74.19453491
int_elec,voluntary,2049,74.24992094
int_elec,voluntary,2050,74.10563947
int_opet,id,2010,18.59750303
int_opet,id,2011,18.59750303
int_opet,id,2012,18.59750303
int_opet,id,2013,18.59750303
int_opet,id,2014,18.59750303
int_opet,id,2015,18.59750303
int_opet,id,2016,18.59750303
int_opet,id,2017,18.59750303
int_opet,id,2018,18.59750303
int_opet,id,2019,18.59750303
int_opet,id,2020,18.59750303
int_opet,id,2021,18.59750303
int_opet,id,2022,18.59750303
int_opet,id,2023,18.59750303
int_opet,id,2024,18.59750303
int_opet,id,2025,18.344293
int_opet,id,2026,18.72695768
int_opet,id,2027,18.56167911
int_opet,id,2028,18.58529033
int_opet,id,2029,18.76359578
int_opet,id,2030,19.07624096
int_opet,id,2031,19.41656826
int_opet,id,2032,20.04755788
int_opet,id,2033,20.84626861
int_opet,id,2034,21.48051495
int_opet,id,2035,21.87783486
int_opet,id,2036,22.07893736
int_opet,id,2037,22.17338226
int_opet,id,2038,22.17663898
int_opet,id,2039,22.1636121
int_opet,id,2040,22.22141889
int_opet,id,2041,22.34598845
int_opet,id,2042,22.44857515
int_opet,id,2043,22.73516656
int_opet,id,2044,22.92079964
int_opet,id,2045,23.09259165
int_opet,id,2046,23.28310981
int_opet,id,2047,23.63890653
int_opet,id,2048,23.82453961
int_opet,id,2049,23.95236589
int_opet,id,2050,24.02971301
int_opet,WA,2010,20.54827868
int_opet,WA,2011,20.54827868
int_opet,WA,2012,20.54827868
int_opet,WA,2013,20.54827868
int_opet,WA,2014,20.54827868
int_opet,WA,2015,20.54827868
int_opet,WA,2016,20.54827868
int_opet,WA,2017,20.54827868
int_opet,WA,2018,20.54827868
int_opet,WA,2019,20.54827868
int_opet,WA,2020,20.54827868
int_opet,WA,2021,20.54827868
int_opet,WA,2022,20.54827868
int_opet,WA,2023,20.54827868
int_opet,WA,2024,20.54827868
int_opet,WA,2025,20.48884353
int_opet,WA,2026,20.94885531
int_opet,WA,2027,20.75345207
int_opet,WA,2028,20.77950584
int_opet,WA,2029,20.9822367
int_opet,WA,2030,21.33151998
int_opet,WA,2031,21.70360031
int_opet,WA,2032,22.4054236
int_opet,WA,2033,23.28799489
int_opet,WA,2034,23.97027786
int_opet,WA,2035,24.38469555
int_opet,WA,2036,24.58742641
int_opet,WA,2037,24.68024295
int_opet,WA,2038,24.67861459
int_opet,WA,2039,24.66721607
int_opet,WA,2040,24.73723556
int_opet,WA,2041,24.88297381
int_opet,WA,2042,25.00102993
int_opet,WA,2043,25.32751617
int_opet,WA,2044,25.53350375
int_opet,WA,2045,25.72565026
int_opet,WA,2046,25.93896546
int_opet,WA,2047,26.3395421
int_opet,WA,2048,26.54390132
int_opet,WA,2049,26.68638284
int_opet,WA,2050,26.77350012
int_opet,OR,2010,20.54827868
int_opet,OR,2011,20.54827868
int_opet,OR,2012,20.54827868
int_opet,OR,2013,20.54827868
int_opet,OR,2014,20.54827868
int_opet,OR,2015,20.54827868
int_opet,OR,2016,20.54827868
int_opet,OR,2017,20.54827868
int_opet,OR,2018,20.54827868
int_opet,OR,2019,20.54827868
int_opet,OR,2020,20.54827868
int_opet,OR,2021,20.54827868
int_opet,OR,2022,20.54827868
int_opet,OR,2023,20.54827868
int_opet,OR,2024,20.54827868
int_opet,OR,2025,20.48884353
int_opet,OR,2026,20.94885531
int_opet,OR,2027,20.75345207
int_opet,OR,2028,20.77950584
int_opet,OR,2029,20.9822367
int_opet,OR,2030,21.33151998
int_opet,OR,2031,21.70360031
int_opet,OR,2032,22.4054236
int_opet,OR,2033,23.28799489
int_opet,OR,2034,23.97027786
int_opet,OR,2035,24.38469555
int_opet,OR,2036,24.58742641
int_opet,OR,2037,24.68024295
int_opet,OR,2038,24.67861459
int_opet,OR,2039,24.66721607
int_opet,OR,2040,24.73723556
int_opet,OR,2041,24.88297381
int_opet,OR,2042,25.00102993
int_opet,OR,2043,25.32751617
int_opet,OR,2044,25.53350375
int_opet,OR,2045,25.72565026
int_opet,OR,2046,25.93896546
int_opet,OR,2047,26.3395421
int_opet,OR,2048,26.54390132
int_opet,OR,2049,26.68638284
int_opet,OR,2050,26.77350012
int_opet,CA,2010,20.54827868
int_opet,CA,2011,20.54827868
int_opet,CA,2012,20.54827868
int_opet,CA,2013,20.54827868
int_opet,CA,2014,20.54827868
int_opet,CA,2015,20.54827868
int_opet,CA,2016,20.54827868
int_opet,CA,2017,20.54827868
int_opet,CA,2018,20.54827868
int_opet,CA,2019,20.54827868
int_opet,CA,2020,20.54827868
int_opet,CA,2021,20.54827868
int_opet,CA,2022,20.54827868
int_opet,CA,2023,20.54827868
int_opet,CA,2024,20.54827868
int_opet,CA,2025,20.48884353
int_opet,CA,2026,20.94885531
int_opet,CA,2027,20.75345207
int_opet,CA,2028,20.77950584
int_opet,CA,2029,20.9822367
int_opet,CA,2030,21.33151998
int_opet,CA,2031,21.70360031
int_opet,CA,2032,22.4054236
int_opet,CA,2033,23.28799489
int_opet,CA,2034,23.97027786
int_opet,CA,2035,24.38469555
int_opet,CA,2036,24.58742641
int_opet,CA,2037,24.68024295
int_opet,CA,2038,24.67861459
int_opet,CA,2039,24.66721607
int_opet,CA,2040,24.73723556
int_opet,CA,2041,24.88297381
int_opet,CA,2042,25.00102993
int_opet,CA,2043,25.32751617
int_opet,CA,2044,25.53350375
int_opet,CA,2045,25.72565026
int_opet,CA,2046,25.93896546
int_opet,CA,2047,26.3395421
int_opet,CA,2048,26.54390132
int_opet,CA,2049,26.68638284
int_opet,CA,2050,26.77350012
int_opet,NV,2010,18.59750303
int_opet,NV,2011,18.59750303
int_opet,NV,2012,18.59750303
int_opet,NV,2013,18.59750303
int_opet,NV,2014,18.59750303
int_opet,NV,2015,18.59750303
int_opet,NV,2016,18.59750303
int_opet,NV,2017,18.59750303
int_opet,NV,2018,18.59750303
int_opet,NV,2019,18.59750303
int_opet,NV,2020,18.59750303
int_opet,NV,2021,18.59750303
int_opet,NV,2022,18.59750303
int_opet,NV,2023,18.59750303
int_opet,NV,2024,18.59750303
int_opet,NV,2025,18.344293
int_opet,NV,2026,18.72695768
int_opet,NV,2027,18.56167911
int_opet,NV,2028,18.58529033
int_opet,NV,2029,18.76359578
int_opet,NV,2030,19.07624096
int_opet,NV,2031,19.41656826
int_opet,NV,2032,20.04755788
int_opet,NV,2033,20.84626861
int_opet,NV,2034,21.48051495
int_opet,NV,2035,21.87783486
int_opet,NV,2036,22.07893736
int_opet,NV,2037,22.17338226
int_opet,NV,2038,22.17663898
int_opet,NV,2039,22.1636121
int_opet,NV,2040,22.22141889
int_opet,NV,2041,22.34598845
int_opet,NV,2042,22.44857515
int_opet,NV,2043,22.73516656
int_opet,NV,2044,22.92079964
int_opet,NV,2045,23.09259165
int_opet,NV,2046,23.28310981
int_opet,NV,2047,23.63890653
int_opet,NV,2048,23.82453961
int_opet,NV,2049,23.95236589
int_opet,NV,2050,24.02971301
int_opet,MT,2010,17.40635747
int_opet,MT,2011,17.40635747
int_opet,MT,2012,17.40635747
int_opet,MT,2013,17.40635747
int_opet,MT,2014,17.40635747
int_opet,MT,2015,17.40635747
int_opet,MT,2016,17.40635747
int_opet,MT,2017,17.40635747
int_opet,MT,2018,17.40635747
int_opet,MT,2019,17.40635747
int_opet,MT,2020,17.40635747
int_opet,MT,2021,17.40635747
int_opet,MT,2022,17.40635747
int_opet,MT,2023,17.40635747
int_opet,MT,2024,17.40635747
int_opet,MT,2025,17.20891878
int_opet,MT,2026,17.60786706
int_opet,MT,2027,17.44584521
int_opet,MT,2028,17.45602246
int_opet,MT,2029,17.61926558
int_opet,MT,2030,17.91114916
int_opet,MT,2031,18.23071487
int_opet,MT,2032,18.80756151
int_opet,MT,2033,19.5586427
int_opet,MT,2034,20.16113601
int_opet,MT,2035,20.54461487
int_opet,MT,2036,20.74286773
int_opet,MT,2037,20.83283464
int_opet,MT,2038,20.83568427
int_opet,MT,2039,20.82184321
int_opet,MT,2040,20.87272947
int_opet,MT,2041,20.98915723
int_opet,MT,2042,21.08604467
int_opet,MT,2043,21.35309576
int_opet,MT,2044,21.53017994
int_opet,MT,2045,21.69342306
int_opet,MT,2046,21.87457814
int_opet,MT,2047,22.20798492
int_opet,MT,2048,22.38588328
int_opet,MT,2049,22.51004575
int_opet,MT,2050,22.58495033
int_opet,WY,2010,18.59750303
int_opet,WY,2011,18.59750303
int_opet,WY,2012,18.59750303
int_opet,WY,2013,18.59750303
int_opet,WY,2014,18.59750303
int_opet,WY,2015,18.59750303
int_opet,WY,2016,18.59750303
int_opet,WY,2017,18.59750303
int_opet,WY,2018,18.59750303
int_opet,WY,2019,18.59750303
int_opet,WY,2020,18.59750303
int_opet,WY,2021,18.59750303
int_opet,WY,2022,18.59750303
int_opet,WY,2023,18.59750303
int_opet,WY,2024,18.59750303
int_opet,WY,2025,18.344293
int_opet,WY,2026,18.72695768
int_opet,WY,2027,18.56167911
int_opet,WY,2028,18.58529033
int_opet,WY,2029,18.76359578
int_opet,WY,2030,19.07624096
int_opet,WY,2031,19.41656826
int_opet,WY,2032,20.04755788
int_opet,WY,2033,20.84626861
int_opet,WY,2034,21.48051495
int_opet,WY,2035,21.87783486
int_opet,WY,2036,22.07893736
int_opet,WY,2037,22.17338226
int_opet,WY,2038,22.17663898
int_opet,WY,2039,22.1636121
int_opet,WY,2040,22.22141889
int_opet,WY,2041,22.34598845
int_opet,WY,2042,22.44857515
int_opet,WY,2043,22.73516656
int_opet,WY,2044,22.92079964
int_opet,WY,2045,23.09259165
int_opet,WY,2046,23.28310981
int_opet,WY,2047,23.63890653
int_opet,WY,2048,23.82453961
int_opet,WY,2049,23.95236589
int_opet,WY,2050,24.02971301
int_opet,UT,2010,18.59750303
int_opet,UT,2011,18.59750303
int_opet,UT,2012,18.59750303
int_opet,UT,2013,18.59750303
int_opet,UT,2014,18.59750303
int_opet,UT,2015,18.59750303
int_opet,UT,2016,18.59750303
int_opet,UT,2017,18.59750303
int_opet,UT,2018,18.59750303
int_opet,UT,2019,18.59750303
int_opet,UT,2020,18.59750303
int_opet,UT,2021,18.59750303
int_opet,UT,2022,18.59750303
int_opet,UT,2023,18.59750303
int_opet,UT,2024,18.59750303
int_opet,UT,2025,18.344293
int_opet,UT,2026,18.72695768
int_opet,UT,2027,18.56167911
int_opet,UT,2028,18.58529033
int_opet,UT,2029,18.76359578
int_opet,UT,2030,19.07624096
int_opet,UT,2031,19.41656826
int_opet,UT,2032,20.04755788
int_opet,UT,2033,20.84626861
int_opet,UT,2034,21.48051495
int_opet,UT,2035,21.87783486
int_opet,UT,2036,22.07893736
int_opet,UT,2037,22.17338226
int_opet,UT,2038,22.17663898
int_opet,UT,2039,22.1636121
int_opet,UT,2040,22.22141889
int_opet,UT,2041,22.34598845
int_opet,UT,2042,22.44857515
int_opet,UT,2043,22.73516656
int_opet,UT,2044,22.92079964
int_opet,UT,2045,23.09259165
int_opet,UT,2046,23.28310981
int_opet,UT,2047,23.63890653
int_opet,UT,2048,23.82453961
int_opet,UT,2049,23.95236589
int_opet,UT,2050,24.02971301
int_opet,AZ,2010,18.59750303
int_opet,AZ,2011,18.59750303
int_opet,AZ,2012,18.59750303
int_opet,AZ,2013,18.59750303
int_opet,AZ,2014,18.59750303
int_opet,AZ,2015,18.59750303
int_opet,AZ,2016,18.59750303
int_opet,AZ,2017,18.59750303
int_opet,AZ,2018,18.59750303
int_opet,AZ,2019,18.59750303
int_opet,AZ,2020,18.59750303
int_opet,AZ,2021,18.59750303
int_opet,AZ,2022,18.59750303
int_opet,AZ,2023,18.59750303
int_opet,AZ,2024,18.59750303
int_opet,AZ,2025,18.344293
int_opet,AZ,2026,18.72695768
int_opet,AZ,2027,18.56167911
int_opet,AZ,2028,18.58529033
int_opet,AZ,2029,18.76359578
int_opet,AZ,2030,19.07624096
int_opet,AZ,2031,19.41656826
int_opet,AZ,2032,20.04755788
int_opet,AZ,2033,20.84626861
int_opet,AZ,2034,21.48051495
int_opet,AZ,2035,21.87783486
int_opet,AZ,2036,22.07893736
int_opet,AZ,2037,22.17338226
int_opet,AZ,2038,22.17663898
int_opet,AZ,2039,22.1636121
int_opet,AZ,2040,22.22141889
int_opet,AZ,2041,22.34598845
int_opet,AZ,2042,22.44857515
int_opet,AZ,2043,22.73516656
int_opet,AZ,2044,22.92079964
int_opet,AZ,2045,23.09259165
int_opet,AZ,2046,23.28310981
int_opet,AZ,2047,23.63890653
int_opet,AZ,2048,23.82453961
int_opet,AZ,2049,23.95236589
int_opet,AZ,2050,24.02971301
int_opet,NM,2010,18.80593315
int_opet,NM,2011,18.80593315
int_opet,NM,2012,18.80593315
int_opet,NM,2013,18.80593315
int_opet,NM,2014,18.80593315
int_opet,NM,2015,18.80593315
int_opet,NM,2016,18.80593315
int_opet,NM,2017,18.80593315
int_opet,NM,2018,18.80593315
int_opet,NM,2019,18.80593315
int_opet,NM,2020,18.80593315
int_opet,NM,2021,18.80593315
int_opet,NM,2022,18.80593315
int_opet,NM,2023,18.80593315
int_opet,NM,2024,18.80593315
int_opet,NM,2025,18.70456772
int_opet,NM,2026,16.20951265
int_opet,NM,2027,16.04179153
int_opet,NM,2028,16.08453599
int_opet,NM,2029,16.2770896
int_opet,NM,2030,16.59909785
int_opet,NM,2031,16.93657552
int_opet,NM,2032,17.58344165
int_opet,NM,2033,18.3935509
int_opet,NM,2034,19.00174348
int_opet,NM,2035,19.35184094
int_opet,NM,2036,19.50612808
int_opet,NM,2037,19.57126249
int_opet,NM,2038,19.55497889
int_opet,NM,2039,19.53584566
int_opet,NM,2040,19.60260843
int_opet,NM,2041,19.74183324
int_opet,NM,2042,19.84808375
int_opet,NM,2043,20.15828638
int_opet,NM,2044,20.3422911
int_opet,NM,2045,20.5104193
int_opet,NM,2046,20.70256581
int_opet,NM,2047,21.07871705
int_opet,NM,2048,21.25132324
int_opet,NM,2049,21.36897227
int_opet,NM,2050,21.43777049
int_opet,SD,2010,17.40635747
int_opet,SD,2011,17.40635747
int_opet,SD,2012,17.40635747
int_opet,SD,2013,17.40635747
int_opet,SD,2014,17.40635747
int_opet,SD,2015,17.40635747
int_opet,SD,2016,17.40635747
int_opet,SD,2017,17.40635747
int_opet,SD,2018,17.40635747
int_opet,SD,2019,17.40635747
int_opet,SD,2020,17.40635747
int_opet,SD,2021,17.40635747
int_opet,SD,2022,17.40635747
int_opet,SD,2023,17.40635747
int_opet,SD,2024,17.40635747
int_opet,SD,2025,17.20891878
int_opet,SD,2026,17.60786706
int_opet,SD,2027,17.44584521
int_opet,SD,2028,17.45602246
int_opet,SD,2029,17.61926558
int_opet,SD,2030,17.91114916
int_opet,SD,2031,18.23071487
int_opet,SD,2032,18.80756151
int_opet,SD,2033,19.5586427
int_opet,SD,2034,20.16113601
int_opet,SD,2035,20.54461487
int_opet,SD,2036,20.74286773
int_opet,SD,2037,20.83283464
int_opet,SD,2038,20.83568427
int_opet,SD,2039,20.82184321
int_opet,SD,2040,20.87272947
int_opet,SD,2041,20.98915723
int_opet,SD,2042,21.08604467
int_opet,SD,2043,21.35309576
int_opet,SD,2044,21.53017994
int_opet,SD,2045,21.69342306
int_opet,SD,2046,21.87457814
int_opet,SD,2047,22.20798492
int_opet,SD,2048,22.38588328
int_opet,SD,2049,22.51004575
int_opet,SD,2050,22.58495033
int_opet,CO,2010,18.59750303
int_opet,CO,2011,18.59750303
int_opet,CO,2012,18.59750303
int_opet,CO,2013,18.59750303
int_opet,CO,2014,18.59750303
int_opet,CO,2015,18.59750303
int_opet,CO,2016,18.59750303
int_opet,CO,2017,18.59750303
int_opet,CO,2018,18.59750303
int_opet,CO,2019,18.59750303
int_opet,CO,2020,18.59750303
int_opet,CO,2021,18.59750303
int_opet,CO,2022,18.59750303
int_opet,CO,2023,18.59750303
int_opet,CO,2024,18.59750303
int_opet,CO,2025,18.344293
int_opet,CO,2026,18.72695768
int_opet,CO,2027,18.56167911
int_opet,CO,2028,18.58529033
int_opet,CO,2029,18.76359578
int_opet,CO,2030,19.07624096
int_opet,CO,2031,19.41656826
int_opet,CO,2032,20.04755788
int_opet,CO,2033,20.84626861
int_opet,CO,2034,21.48051495
int_opet,CO,2035,21.87783486
int_opet,CO,2036,22.07893736
int_opet,CO,2037,22.17338226
int_opet,CO,2038,22.17663898
int_opet,CO,2039,22.1636121
int_opet,CO,2040,22.22141889
int_opet,CO,2041,22.34598845
int_opet,CO,2042,22.44857515
int_opet,CO,2043,22.73516656
int_opet,CO,2044,22.92079964
int_opet,CO,2045,23.09259165
int_opet,CO,2046,23.28310981
int_opet,CO,2047,23.63890653
int_opet,CO,2048,23.82453961
int_opet,CO,2049,23.95236589
int_opet,CO,2050,24.02971301
int_opet,ND,2010,16.21521191
int_opet,ND,2011,16.21521191
int_opet,ND,2012,16.21521191
int_opet,ND,2013,16.21521191
int_opet,ND,2014,16.21521191
int_opet,ND,2015,16.21521191
int_opet,ND,2016,16.21521191
int_opet,ND,2017,16.21521191
int_opet,ND,2018,16.21521191
int_opet,ND,2019,16.21521191
int_opet,ND,2020,16.21521191
int_opet,ND,2021,16.21521191
int_opet,ND,2022,16.21521191
int_opet,ND,2023,16.21521191
int_opet,ND,2024,16.21521191
int_opet,ND,2025,16.07354456
int_opet,ND,2026,16.48877644
int_opet,ND,2027,16.33001131
int_opet,ND,2028,16.32675459
int_opet,ND,2029,16.47493538
int_opet,ND,2030,16.74605737
int_opet,ND,2031,17.04486148
int_opet,ND,2032,17.56756514
int_opet,ND,2033,18.27101679
int_opet,ND,2034,18.84175708
int_opet,ND,2035,19.21139487
int_opet,ND,2036,19.4067981
int_opet,ND,2037,19.49228702
int_opet,ND,2038,19.49472956
int_opet,ND,2039,19.48007432
int_opet,ND,2040,19.52404005
int_opet,ND,2041,19.63232601
int_opet,ND,2042,19.72351418
int_opet,ND,2043,19.97102495
int_opet,ND,2044,20.13956024
int_opet,ND,2045,20.29425447
int_opet,ND,2046,20.46604648
int_opet,ND,2047,20.7770633
int_opet,ND,2048,20.94722695
int_opet,ND,2049,21.06772561
int_opet,ND,2050,21.14018765
int_opet,NE,2010,16.21521191
int_opet,NE,2011,16.21521191
int_opet,NE,2012,16.21521191
int_opet,NE,2013,16.21521191
int_opet,NE,2014,16.21521191
int_opet,NE,2015,16.21521191
int_opet,NE,2016,16.21521191
int_opet,NE,2017,16.21521191
int_opet,NE,2018,16.21521191
int_opet,NE,2019,16.21521191
int_opet,NE,2020,16.21521191
int_opet,NE,2021,16.21521191
int_opet,NE,2022,16.21521191
int_opet,NE,2023,16.21521191
int_opet,NE,2024,16.21521191
int_opet,NE,2025,16.07354456
int_opet,NE,2026,16.48877644
int_opet,NE,2027,16.33001131
int_opet,NE,2028,16.32675459
int_opet,NE,2029,16.47493538
int_opet,NE,2030,16.74605737
int_opet,NE,2031,17.04486148
int_opet,NE,2032,17.56756514
int_opet,NE,2033,18.27101679
int_opet,NE,2034,18.84175708
int_opet,NE,2035,19.21139487
int_opet,NE,2036,19.4067981
int_opet,NE,2037,19.49228702
int_opet,NE,2038,19.49472956
int_opet,NE,2039,19.48007432
int_opet,NE,2040,19.52404005
int_opet,NE,2041,19.63232601
int_opet,NE,2042,19.72351418
int_opet,NE,2043,19.97102495
int_opet,NE,2044,20.13956024
int_opet,NE,2045,20.29425447
int_opet,NE,2046,20.46604648
int_opet,NE,2047,20.7770633
int_opet,NE,2048,20.94722695
int_opet,NE,2049,21.06772561
int_opet,NE,2050,21.14018765
int_opet,MN,2010,16.21521191
int_opet,MN,2011,16.21521191
int_opet,MN,2012,16.21521191
int_opet,MN,2013,16.21521191
int_opet,MN,2014,16.21521191
int_opet,MN,2015,16.21521191
int_opet,MN,2016,16.21521191
int_opet,MN,2017,16.21521191
int_opet,MN,2018,16.21521191
int_opet,MN,2019,16.21521191
int_opet,MN,2020,16.21521191
int_opet,MN,2021,16.21521191
int_opet,MN,2022,16.21521191
int_opet,MN,2023,16.21521191
int_opet,MN,2024,16.21521191
int_opet,MN,2025,16.07354456
int_opet,MN,2026,16.48877644
int_opet,MN,2027,16.33001131
int_opet,MN,2028,16.32675459
int_opet,MN,2029,16.47493538
int_opet,MN,2030,16.74605737
int_opet,MN,2031,17.04486148
int_opet,MN,2032,17.56756514
int_opet,MN,2033,18.27101679
int_opet,MN,2034,18.84175708
int_opet,MN,2035,19.21139487
int_opet,MN,2036,19.4067981
int_opet,MN,2037,19.49228702
int_opet,MN,2038,19.49472956
int_opet,MN,2039,19.48007432
int_opet,MN,2040,19.52404005
int_opet,MN,2041,19.63232601
int_opet,MN,2042,19.72351418
int_opet,MN,2043,19.97102495
int_opet,MN,2044,20.13956024
int_opet,MN,2045,20.29425447
int_opet,MN,2046,20.46604648
int_opet,MN,2047,20.7770633
int_opet,MN,2048,20.94722695
int_opet,MN,2049,21.06772561
int_opet,MN,2050,21.14018765
int_opet,IA,2010,16.21521191
int_opet,IA,2011,16.21521191
int_opet,IA,2012,16.21521191
int_opet,IA,2013,16.21521191
int_opet,IA,2014,16.21521191
int_opet,IA,2015,16.21521191
int_opet,IA,2016,16.21521191
int_opet,IA,2017,16.21521191
int_opet,IA,2018,16.21521191
int_opet,IA,2019,16.21521191
int_opet,IA,2020,16.21521191
int_opet,IA,2021,16.21521191
int_opet,IA,2022,16.21521191
int_opet,IA,2023,16.21521191
int_opet,IA,2024,16.21521191
int_opet,IA,2025,16.07354456
int_opet,IA,2026,16.48877644
int_opet,IA,2027,16.33001131
int_opet,IA,2028,16.32675459
int_opet,IA,2029,16.47493538
int_opet,IA,2030,16.74605737
int_opet,IA,2031,17.04486148
int_opet,IA,2032,17.56756514
int_opet,IA,2033,18.27101679
int_opet,IA,2034,18.84175708
int_opet,IA,2035,19.21139487
int_opet,IA,2036,19.4067981
int_opet,IA,2037,19.49228702
int_opet,IA,2038,19.49472956
int_opet,IA,2039,19.48007432
int_opet,IA,2040,19.52404005
int_opet,IA,2041,19.63232601
int_opet,IA,2042,19.72351418
int_opet,IA,2043,19.97102495
int_opet,IA,2044,20.13956024
int_opet,IA,2045,20.29425447
int_opet,IA,2046,20.46604648
int_opet,IA,2047,20.7770633
int_opet,IA,2048,20.94722695
int_opet,IA,2049,21.06772561
int_opet,IA,2050,21.14018765
int_opet,WI,2010,17.61641595
int_opet,WI,2011,17.61641595
int_opet,WI,2012,17.61641595
int_opet,WI,2013,17.61641595
int_opet,WI,2014,17.61641595
int_opet,WI,2015,17.61641595
int_opet,WI,2016,17.61641595
int_opet,WI,2017,17.61641595
int_opet,WI,2018,17.61641595
int_opet,WI,2019,17.61641595
int_opet,WI,2020,17.61641595
int_opet,WI,2021,17.61641595
int_opet,WI,2022,17.61641595
int_opet,WI,2023,17.61641595
int_opet,WI,2024,17.61641595
int_opet,WI,2025,17.53662629
int_opet,WI,2026,17.94127383
int_opet,WI,2027,17.77273854
int_opet,WI,2028,17.77273854
int_opet,WI,2029,17.92336187
int_opet,WI,2030,18.20832492
int_opet,WI,2031,18.52341264
int_opet,WI,2032,19.07379842
int_opet,WI,2033,19.82772924
int_opet,WI,2034,20.43755018
int_opet,WI,2035,20.82998501
int_opet,WI,2036,21.03353005
int_opet,WI,2037,21.11657642
int_opet,WI,2038,21.1092488
int_opet,WI,2039,21.08400922
int_opet,WI,2040,21.12227568
int_opet,WI,2041,21.23219
int_opet,WI,2042,21.32419236
int_opet,WI,2043,21.58554419
int_opet,WI,2044,21.7614071
int_opet,WI,2045,21.92261477
int_opet,WI,2046,22.10254859
int_opet,WI,2047,22.43229155
int_opet,WI,2048,22.610597
int_opet,WI,2049,22.73516656
int_opet,WI,2050,22.80844278
int_opet,TX,2010,18.80593315
int_opet,TX,2011,18.80593315
int_opet,TX,2012,18.80593315
int_opet,TX,2013,18.80593315
int_opet,TX,2014,18.80593315
int_opet,TX,2015,18.80593315
int_opet,TX,2016,18.80593315
int_opet,TX,2017,18.80593315
int_opet,TX,2018,18.80593315
int_opet,TX,2019,18.80593315
int_opet,TX,2020,18.80593315
int_opet,TX,2021,18.80593315
int_opet,TX,2022,18.80593315
int_opet,TX,2023,18.80593315
int_opet,TX,2024,18.80593315
int_opet,TX,2025,18.70456772
int_opet,TX,2026,16.20951265
int_opet,TX,2027,16.04179153
int_opet,TX,2028,16.08453599
int_opet,TX,2029,16.2770896
int_opet,TX,2030,16.59909785
int_opet,TX,2031,16.93657552
int_opet,TX,2032,17.58344165
int_opet,TX,2033,18.3935509
int_opet,TX,2034,19.00174348
int_opet,TX,2035,19.35184094
int_opet,TX,2036,19.50612808
int_opet,TX,2037,19.57126249
int_opet,TX,2038,19.55497889
int_opet,TX,2039,19.53584566
int_opet,TX,2040,19.60260843
int_opet,TX,2041,19.74183324
int_opet,TX,2042,19.84808375
int_opet,TX,2043,20.15828638
int_opet,TX,2044,20.3422911
int_opet,TX,2045,20.5104193
int_opet,TX,2046,20.70256581
int_opet,TX,2047,21.07871705
int_opet,TX,2048,21.25132324
int_opet,TX,2049,21.36897227
int_opet,TX,2050,21.43777049
int_opet,OK,2010,19.01436327
int_opet,OK,2011,19.01436327
int_opet,OK,2012,19.01436327
int_opet,OK,2013,19.01436327
int_opet,OK,2014,19.01436327
int_opet,OK,2015,19.01436327
int_opet,OK,2016,19.01436327
int_opet,OK,2017,19.01436327
int_opet,OK,2018,19.01436327
int_opet,OK,2019,19.01436327
int_opet,OK,2020,19.01436327
int_opet,OK,2021,19.01436327
int_opet,OK,2022,19.01436327
int_opet,OK,2023,19.01436327
int_opet,OK,2024,19.01436327
int_opet,OK,2025,19.06484244
int_opet,OK,2026,13.69206762
int_opet,OK,2027,13.52190396
int_opet,OK,2028,13.58378166
int_opet,OK,2029,13.79058341
int_opet,OK,2030,14.12195474
int_opet,OK,2031,14.45658278
int_opet,OK,2032,15.11932542
int_opet,OK,2033,15.9408332
int_opet,OK,2034,16.522972
int_opet,OK,2035,16.82584702
int_opet,OK,2036,16.9333188
int_opet,OK,2037,16.96914273
int_opet,OK,2038,16.9333188
int_opet,OK,2039,16.90807922
int_opet,OK,2040,16.98379797
int_opet,OK,2041,17.13767802
int_opet,OK,2042,17.24759234
int_opet,OK,2043,17.5814062
int_opet,OK,2044,17.76378256
int_opet,OK,2045,17.92824695
int_opet,OK,2046,18.12202182
int_opet,OK,2047,18.51852756
int_opet,OK,2048,18.67810687
int_opet,OK,2049,18.78557865
int_opet,OK,2050,18.84582798
int_opet,KS,2010,16.21521191
int_opet,KS,2011,16.21521191
int_opet,KS,2012,16.21521191
int_opet,KS,2013,16.21521191
int_opet,KS,2014,16.21521191
int_opet,KS,2015,16.21521191
int_opet,KS,2016,16.21521191
int_opet,KS,2017,16.21521191
int_opet,KS,2018,16.21521191
int_opet,KS,2019,16.21521191
int_opet,KS,2020,16.21521191
int_opet,KS,2021,16.21521191
int_opet,KS,2022,16.21521191
int_opet,KS,2023,16.21521191
int_opet,KS,2024,16.21521191
int_opet,KS,2025,16.07354456
int_opet,KS,2026,16.48877644
int_opet,KS,2027,16.33001131
int_opet,KS,2028,16.32675459
int_opet,KS,2029,16.47493538
int_opet,KS,2030,16.74605737
int_opet,KS,2031,17.04486148
int_opet,KS,2032,17.56756514
int_opet,KS,2033,18.27101679
int_opet,KS,2034,18.84175708
int_opet,KS,2035,19.21139487
int_opet,KS,2036,19.4067981
int_opet,KS,2037,19.49228702
int_opet,KS,2038,19.49472956
int_opet,KS,2039,19.48007432
int_opet,KS,2040,19.52404005
int_opet,KS,2041,19.63232601
int_opet,KS,2042,19.72351418
int_opet,KS,2043,19.97102495
int_opet,KS,2044,20.13956024
int_opet,KS,2045,20.29425447
int_opet,KS,2046,20.46604648
int_opet,KS,2047,20.7770633
int_opet,KS,2048,20.94722695
int_opet,KS,2049,21.06772561
int_opet,KS,2050,21.14018765
int_opet,MO,2010,16.21521191
int_opet,MO,2011,16.21521191
int_opet,MO,2012,16.21521191
int_opet,MO,2013,16.21521191
int_opet,MO,2014,16.21521191
int_opet,MO,2015,16.21521191
int_opet,MO,2016,16.21521191
int_opet,MO,2017,16.21521191
int_opet,MO,2018,16.21521191
int_opet,MO,2019,16.21521191
int_opet,MO,2020,16.21521191
int_opet,MO,2021,16.21521191
int_opet,MO,2022,16.21521191
int_opet,MO,2023,16.21521191
int_opet,MO,2024,16.21521191
int_opet,MO,2025,16.07354456
int_opet,MO,2026,16.48877644
int_opet,MO,2027,16.33001131
int_opet,MO,2028,16.32675459
int_opet,MO,2029,16.47493538
int_opet,MO,2030,16.74605737
int_opet,MO,2031,17.04486148
int_opet,MO,2032,17.56756514
int_opet,MO,2033,18.27101679
int_opet,MO,2034,18.84175708
int_opet,MO,2035,19.21139487
int_opet,MO,2036,19.4067981
int_opet,MO,2037,19.49228702
int_opet,MO,2038,19.49472956
int_opet,MO,2039,19.48007432
int_opet,MO,2040,19.52404005
int_opet,MO,2041,19.63232601
int_opet,MO,2042,19.72351418
int_opet,MO,2043,19.97102495
int_opet,MO,2044,20.13956024
int_opet,MO,2045,20.29425447
int_opet,MO,2046,20.46604648
int_opet,MO,2047,20.7770633
int_opet,MO,2048,20.94722695
int_opet,MO,2049,21.06772561
int_opet,MO,2050,21.14018765
int_opet,AR,2010,19.01436327
int_opet,AR,2011,19.01436327
int_opet,AR,2012,19.01436327
int_opet,AR,2013,19.01436327
int_opet,AR,2014,19.01436327
int_opet,AR,2015,19.01436327
int_opet,AR,2016,19.01436327
int_opet,AR,2017,19.01436327
int_opet,AR,2018,19.01436327
int_opet,AR,2019,19.01436327
int_opet,AR,2020,19.01436327
int_opet,AR,2021,19.01436327
int_opet,AR,2022,19.01436327
int_opet,AR,2023,19.01436327
int_opet,AR,2024,19.01436327
int_opet,AR,2025,19.06484244
int_opet,AR,2026,13.69206762
int_opet,AR,2027,13.52190396
int_opet,AR,2028,13.58378166
int_opet,AR,2029,13.79058341
int_opet,AR,2030,14.12195474
int_opet,AR,2031,14.45658278
int_opet,AR,2032,15.11932542
int_opet,AR,2033,15.9408332
int_opet,AR,2034,16.522972
int_opet,AR,2035,16.82584702
int_opet,AR,2036,16.9333188
int_opet,AR,2037,16.96914273
int_opet,AR,2038,16.9333188
int_opet,AR,2039,16.90807922
int_opet,AR,2040,16.98379797
int_opet,AR,2041,17.13767802
int_opet,AR,2042,17.24759234
int_opet,AR,2043,17.5814062
int_opet,AR,2044,17.76378256
int_opet,AR,2045,17.92824695
int_opet,AR,2046,18.12202182
int_opet,AR,2047,18.51852756
int_opet,AR,2048,18.67810687
int_opet,AR,2049,18.78557865
int_opet,AR,2050,18.84582798
int_opet,LA,2010,19.01436327
int_opet,LA,2011,19.01436327
int_opet,LA,2012,19.01436327
int_opet,LA,2013,19.01436327
int_opet,LA,2014,19.01436327
int_opet,LA,2015,19.01436327
int_opet,LA,2016,19.01436327
int_opet,LA,2017,19.01436327
int_opet,LA,2018,19.01436327
int_opet,LA,2019,19.01436327
int_opet,LA,2020,19.01436327
int_opet,LA,2021,19.01436327
int_opet,LA,2022,19.01436327
int_opet,LA,2023,19.01436327
int_opet,LA,2024,19.01436327
int_opet,LA,2025,19.06484244
int_opet,LA,2026,13.69206762
int_opet,LA,2027,13.52190396
int_opet,LA,2028,13.58378166
int_opet,LA,2029,13.79058341
int_opet,LA,2030,14.12195474
int_opet,LA,2031,14.45658278
int_opet,LA,2032,15.11932542
int_opet,LA,2033,15.9408332
int_opet,LA,2034,16.522972
int_opet,LA,2035,16.82584702
int_opet,LA,2036,16.9333188
int_opet,LA,2037,16.96914273
int_opet,LA,2038,16.9333188
int_opet,LA,2039,16.90807922
int_opet,LA,2040,16.98379797
int_opet,LA,2041,17.13767802
int_opet,LA,2042,17.24759234
int_opet,LA,2043,17.5814062
int_opet,LA,2044,17.76378256
int_opet,LA,2045,17.92824695
int_opet,LA,2046,18.12202182
int_opet,LA,2047,18.51852756
int_opet,LA,2048,18.67810687
int_opet,LA,2049,18.78557865
int_opet,LA,2050,18.84582798
int_opet,MI,2010,17.61641595
int_opet,MI,2011,17.61641595
int_opet,MI,2012,17.61641595
int_opet,MI,2013,17.61641595
int_opet,MI,2014,17.61641595
int_opet,MI,2015,17.61641595
int_opet,MI,2016,17.61641595
int_opet,MI,2017,17.61641595
int_opet,MI,2018,17.61641595
int_opet,MI,2019,17.61641595
int_opet,MI,2020,17.61641595
int_opet,MI,2021,17.61641595
int_opet,MI,2022,17.61641595
int_opet,MI,2023,17.61641595
int_opet,MI,2024,17.61641595
int_opet,MI,2025,17.53662629
int_opet,MI,2026,17.94127383
int_opet,MI,2027,17.77273854
int_opet,MI,2028,17.77273854
int_opet,MI,2029,17.92336187
int_opet,MI,2030,18.20832492
int_opet,MI,2031,18.52341264
int_opet,MI,2032,19.07379842
int_opet,MI,2033,19.82772924
int_opet,MI,2034,20.43755018
int_opet,MI,2035,20.82998501
int_opet,MI,2036,21.03353005
int_opet,MI,2037,21.11657642
int_opet,MI,2038,21.1092488
int_opet,MI,2039,21.08400922
int_opet,MI,2040,21.12227568
int_opet,MI,2041,21.23219
int_opet,MI,2042,21.32419236
int_opet,MI,2043,21.58554419
int_opet,MI,2044,21.7614071
int_opet,MI,2045,21.92261477
int_opet,MI,2046,22.10254859
int_opet,MI,2047,22.43229155
int_opet,MI,2048,22.610597
int_opet,MI,2049,22.73516656
int_opet,MI,2050,22.80844278
int_opet,IL,2010,17.61641595
int_opet,IL,2011,17.61641595
int_opet,IL,2012,17.61641595
int_opet,IL,2013,17.61641595
int_opet,IL,2014,17.61641595
int_opet,IL,2015,17.61641595
int_opet,IL,2016,17.61641595
int_opet,IL,2017,17.61641595
int_opet,IL,2018,17.61641595
int_opet,IL,2019,17.61641595
int_opet,IL,2020,17.61641595
int_opet,IL,2021,17.61641595
int_opet,IL,2022,17.61641595
int_opet,IL,2023,17.61641595
int_opet,IL,2024,17.61641595
int_opet,IL,2025,17.53662629
int_opet,IL,2026,17.94127383
int_opet,IL,2027,17.77273854
int_opet,IL,2028,17.77273854
int_opet,IL,2029,17.92336187
int_opet,IL,2030,18.20832492
int_opet,IL,2031,18.52341264
int_opet,IL,2032,19.07379842
int_opet,IL,2033,19.82772924
int_opet,IL,2034,20.43755018
int_opet,IL,2035,20.82998501
int_opet,IL,2036,21.03353005
int_opet,IL,2037,21.11657642
int_opet,IL,2038,21.1092488
int_opet,IL,2039,21.08400922
int_opet,IL,2040,21.12227568
int_opet,IL,2041,21.23219
int_opet,IL,2042,21.32419236
int_opet,IL,2043,21.58554419
int_opet,IL,2044,21.7614071
int_opet,IL,2045,21.92261477
int_opet,IL,2046,22.10254859
int_opet,IL,2047,22.43229155
int_opet,IL,2048,22.610597
int_opet,IL,2049,22.73516656
int_opet,IL,2050,22.80844278
int_opet,MS,2010,18.06177249
int_opet,MS,2011,18.06177249
int_opet,MS,2012,18.06177249
int_opet,MS,2013,18.06177249
int_opet,MS,2014,18.06177249
int_opet,MS,2015,18.06177249
int_opet,MS,2016,18.06177249
int_opet,MS,2017,18.06177249
int_opet,MS,2018,18.06177249
int_opet,MS,2019,18.06177249
int_opet,MS,2020,18.06177249
int_opet,MS,2021,18.06177249
int_opet,MS,2022,18.06177249
int_opet,MS,2023,18.06177249
int_opet,MS,2024,18.06177249
int_opet,MS,2025,18.05200233
int_opet,MS,2026,19.8374994
int_opet,MS,2027,19.63802527
int_opet,MS,2028,19.63965363
int_opet,MS,2029,19.80167548
int_opet,MS,2030,20.10780721
int_opet,MS,2031,20.44406362
int_opet,MS,2032,21.08808012
int_opet,MS,2033,21.91040207
int_opet,MS,2034,22.55767529
int_opet,MS,2035,22.95255267
int_opet,MS,2036,23.13818574
int_opet,MS,2037,23.21227613
int_opet,MS,2038,23.19110745
int_opet,MS,2039,23.15446934
int_opet,MS,2040,23.19354999
int_opet,MS,2041,23.30427849
int_opet,MS,2042,23.39058159
int_opet,MS,2043,23.67228792
int_opet,MS,2044,23.84570829
int_opet,MS,2045,24.00203088
int_opet,MS,2046,24.17952215
int_opet,MS,2047,24.53287634
int_opet,MS,2048,24.70141163
int_opet,MS,2049,24.81214013
int_opet,MS,2050,24.86913274
int_opet,AL,2010,18.06177249
int_opet,AL,2011,18.06177249
int_opet,AL,2012,18.06177249
int_opet,AL,2013,18.06177249
int_opet,AL,2014,18.06177249
int_opet,AL,2015,18.06177249
int_opet,AL,2016,18.06177249
int_opet,AL,2017,18.06177249
int_opet,AL,2018,18.06177249
int_opet,AL,2019,18.06177249
int_opet,AL,2020,18.06177249
int_opet,AL,2021,18.06177249
int_opet,AL,2022,18.06177249
int_opet,AL,2023,18.06177249
int_opet,AL,2024,18.06177249
int_opet,AL,2025,18.05200233
int_opet,AL,2026,19.8374994
int_opet,AL,2027,19.63802527
int_opet,AL,2028,19.63965363
int_opet,AL,2029,19.80167548
int_opet,AL,2030,20.10780721
int_opet,AL,2031,20.44406362
int_opet,AL,2032,21.08808012
int_opet,AL,2033,21.91040207
int_opet,AL,2034,22.55767529
int_opet,AL,2035,22.95255267
int_opet,AL,2036,23.13818574
int_opet,AL,2037,23.21227613
int_opet,AL,2038,23.19110745
int_opet,AL,2039,23.15446934
int_opet,AL,2040,23.19354999
int_opet,AL,2041,23.30427849
int_opet,AL,2042,23.39058159
int_opet,AL,2043,23.67228792
int_opet,AL,2044,23.84570829
int_opet,AL,2045,24.00203088
int_opet,AL,2046,24.17952215
int_opet,AL,2047,24.53287634
int_opet,AL,2048,24.70141163
int_opet,AL,2049,24.81214013
int_opet,AL,2050,24.86913274
int_opet,FL,2010,18.79860553
int_opet,FL,2011,18.79860553
int_opet,FL,2012,18.79860553
int_opet,FL,2013,18.79860553
int_opet,FL,2014,18.79860553
int_opet,FL,2015,18.79860553
int_opet,FL,2016,18.79860553
int_opet,FL,2017,18.79860553
int_opet,FL,2018,18.79860553
int_opet,FL,2019,18.79860553
int_opet,FL,2020,18.79860553
int_opet,FL,2021,18.79860553
int_opet,FL,2022,18.79860553
int_opet,FL,2023,18.79860553
int_opet,FL,2024,18.79860553
int_opet,FL,2025,18.82384511
int_opet,FL,2026,20.50024205
int_opet,FL,2027,20.29181193
int_opet,FL,2028,20.30158209
int_opet,FL,2029,20.49047189
int_opet,FL,2030,20.82672829
int_opet,FL,2031,21.18903846
int_opet,FL,2032,21.87783486
int_opet,FL,2033,22.74819345
int_opet,FL,2034,23.42477715
int_opet,FL,2035,23.83593813
int_opet,FL,2036,24.03459809
int_opet,FL,2037,24.120087
int_opet,FL,2038,24.11031684
int_opet,FL,2039,24.0875198
int_opet,FL,2040,24.14614077
int_opet,FL,2041,24.27885213
int_opet,FL,2042,24.38469555
int_opet,FL,2043,24.69571237
int_opet,FL,2044,24.89030143
int_opet,FL,2045,25.0677927
int_opet,FL,2046,25.26808102
int_opet,FL,2047,25.65400241
int_opet,FL,2048,25.84207802
int_opet,FL,2049,25.97234685
int_opet,FL,2050,26.0480656
int_opet,TN,2010,18.06177249
int_opet,TN,2011,18.06177249
int_opet,TN,2012,18.06177249
int_opet,TN,2013,18.06177249
int_opet,TN,2014,18.06177249
int_opet,TN,2015,18.06177249
int_opet,TN,2016,18.06177249
int_opet,TN,2017,18.06177249
int_opet,TN,2018,18.06177249
int_opet,TN,2019,18.06177249
int_opet,TN,2020,18.06177249
int_opet,TN,2021,18.06177249
int_opet,TN,2022,18.06177249
int_opet,TN,2023,18.06177249
int_opet,TN,2024,18.06177249
int_opet,TN,2025,18.05200233
int_opet,TN,2026,19.8374994
int_opet,TN,2027,19.63802527
int_opet,TN,2028,19.63965363
int_opet,TN,2029,19.80167548
int_opet,TN,2030,20.10780721
int_opet,TN,2031,20.44406362
int_opet,TN,2032,21.08808012
int_opet,TN,2033,21.91040207
int_opet,TN,2034,22.55767529
int_opet,TN,2035,22.95255267
int_opet,TN,2036,23.13818574
int_opet,TN,2037,23.21227613
int_opet,TN,2038,23.19110745
int_opet,TN,2039,23.15446934
int_opet,TN,2040,23.19354999
int_opet,TN,2041,23.30427849
int_opet,TN,2042,23.39058159
int_opet,TN,2043,23.67228792
int_opet,TN,2044,23.84570829
int_opet,TN,2045,24.00203088
int_opet,TN,2046,24.17952215
int_opet,TN,2047,24.53287634
int_opet,TN,2048,24.70141163
int_opet,TN,2049,24.81214013
int_opet,TN,2050,24.86913274
int_opet,KY,2010,18.06177249
int_opet,KY,2011,18.06177249
int_opet,KY,2012,18.06177249
int_opet,KY,2013,18.06177249
int_opet,KY,2014,18.06177249
int_opet,KY,2015,18.06177249
int_opet,KY,2016,18.06177249
int_opet,KY,2017,18.06177249
int_opet,KY,2018,18.06177249
int_opet,KY,2019,18.06177249
int_opet,KY,2020,18.06177249
int_opet,KY,2021,18.06177249
int_opet,KY,2022,18.06177249
int_opet,KY,2023,18.06177249
int_opet,KY,2024,18.06177249
int_opet,KY,2025,18.05200233
int_opet,KY,2026,19.8374994
int_opet,KY,2027,19.63802527
int_opet,KY,2028,19.63965363
int_opet,KY,2029,19.80167548
int_opet,KY,2030,20.10780721
int_opet,KY,2031,20.44406362
int_opet,KY,2032,21.08808012
int_opet,KY,2033,21.91040207
int_opet,KY,2034,22.55767529
int_opet,KY,2035,22.95255267
int_opet,KY,2036,23.13818574
int_opet,KY,2037,23.21227613
int_opet,KY,2038,23.19110745
int_opet,KY,2039,23.15446934
int_opet,KY,2040,23.19354999
int_opet,KY,2041,23.30427849
int_opet,KY,2042,23.39058159
int_opet,KY,2043,23.67228792
int_opet,KY,2044,23.84570829
int_opet,KY,2045,24.00203088
int_opet,KY,2046,24.17952215
int_opet,KY,2047,24.53287634
int_opet,KY,2048,24.70141163
int_opet,KY,2049,24.81214013
int_opet,KY,2050,24.86913274
int_opet,GA,2010,18.79860553
int_opet,GA,2011,18.79860553
int_opet,GA,2012,18.79860553
int_opet,GA,2013,18.79860553
int_opet,GA,2014,18.79860553
int_opet,GA,2015,18.79860553
int_opet,GA,2016,18.79860553
int_opet,GA,2017,18.79860553
int_opet,GA,2018,18.79860553
int_opet,GA,2019,18.79860553
int_opet,GA,2020,18.79860553
int_opet,GA,2021,18.79860553
int_opet,GA,2022,18.79860553
int_opet,GA,2023,18.79860553
int_opet,GA,2024,18.79860553
int_opet,GA,2025,18.82384511
int_opet,GA,2026,20.50024205
int_opet,GA,2027,20.29181193
int_opet,GA,2028,20.30158209
int_opet,GA,2029,20.49047189
int_opet,GA,2030,20.82672829
int_opet,GA,2031,21.18903846
int_opet,GA,2032,21.87783486
int_opet,GA,2033,22.74819345
int_opet,GA,2034,23.42477715
int_opet,GA,2035,23.83593813
int_opet,GA,2036,24.03459809
int_opet,GA,2037,24.120087
int_opet,GA,2038,24.11031684
int_opet,GA,2039,24.0875198
int_opet,GA,2040,24.14614077
int_opet,GA,2041,24.27885213
int_opet,GA,2042,24.38469555
int_opet,GA,2043,24.69571237
int_opet,GA,2044,24.89030143
int_opet,GA,2045,25.0677927
int_opet,GA,2046,25.26808102
int_opet,GA,2047,25.65400241
int_opet,GA,2048,25.84207802
int_opet,GA,2049,25.97234685
int_opet,GA,2050,26.0480656
int_opet,SC,2010,18.79860553
int_opet,SC,2011,18.79860553
int_opet,SC,2012,18.79860553
int_opet,SC,2013,18.79860553
int_opet,SC,2014,18.79860553
int_opet,SC,2015,18.79860553
int_opet,SC,2016,18.79860553
int_opet,SC,2017,18.79860553
int_opet,SC,2018,18.79860553
int_opet,SC,2019,18.79860553
int_opet,SC,2020,18.79860553
int_opet,SC,2021,18.79860553
int_opet,SC,2022,18.79860553
int_opet,SC,2023,18.79860553
int_opet,SC,2024,18.79860553
int_opet,SC,2025,18.82384511
int_opet,SC,2026,20.50024205
int_opet,SC,2027,20.29181193
int_opet,SC,2028,20.30158209
int_opet,SC,2029,20.49047189
int_opet,SC,2030,20.82672829
int_opet,SC,2031,21.18903846
int_opet,SC,2032,21.87783486
int_opet,SC,2033,22.74819345
int_opet,SC,2034,23.42477715
int_opet,SC,2035,23.83593813
int_opet,SC,2036,24.03459809
int_opet,SC,2037,24.120087
int_opet,SC,2038,24.11031684
int_opet,SC,2039,24.0875198
int_opet,SC,2040,24.14614077
int_opet,SC,2041,24.27885213
int_opet,SC,2042,24.38469555
int_opet,SC,2043,24.69571237
int_opet,SC,2044,24.89030143
int_opet,SC,2045,25.0677927
int_opet,SC,2046,25.26808102
int_opet,SC,2047,25.65400241
int_opet,SC,2048,25.84207802
int_opet,SC,2049,25.97234685
int_opet,SC,2050,26.0480656
int_opet,NC,2010,18.79860553
int_opet,NC,2011,18.79860553
int_opet,NC,2012,18.79860553
int_opet,NC,2013,18.79860553
int_opet,NC,2014,18.79860553
int_opet,NC,2015,18.79860553
int_opet,NC,2016,18.79860553
int_opet,NC,2017,18.79860553
int_opet,NC,2018,18.79860553
int_opet,NC,2019,18.79860553
int_opet,NC,2020,18.79860553
int_opet,NC,2021,18.79860553
int_opet,NC,2022,18.79860553
int_opet,NC,2023,18.79860553
int_opet,NC,2024,18.79860553
int_opet,NC,2025,18.82384511
int_opet,NC,2026,20.50024205
int_opet,NC,2027,20.29181193
int_opet,NC,2028,20.30158209
int_opet,NC,2029,20.49047189
int_opet,NC,2030,20.82672829
int_opet,NC,2031,21.18903846
int_opet,NC,2032,21.87783486
int_opet,NC,2033,22.74819345
int_opet,NC,2034,23.42477715
int_opet,NC,2035,23.83593813
int_opet,NC,2036,24.03459809
int_opet,NC,2037,24.120087
int_opet,NC,2038,24.11031684
int_opet,NC,2039,24.0875198
int_opet,NC,2040,24.14614077
int_opet,NC,2041,24.27885213
int_opet,NC,2042,24.38469555
int_opet,NC,2043,24.69571237
int_opet,NC,2044,24.89030143
int_opet,NC,2045,25.0677927
int_opet,NC,2046,25.26808102
int_opet,NC,2047,25.65400241
int_opet,NC,2048,25.84207802
int_opet,NC,2049,25.97234685
int_opet,NC,2050,26.0480656
int_opet,VA,2010,18.79860553
int_opet,VA,2011,18.79860553
int_opet,VA,2012,18.79860553
int_opet,VA,2013,18.79860553
int_opet,VA,2014,18.79860553
int_opet,VA,2015,18.79860553
int_opet,VA,2016,18.79860553
int_opet,VA,2017,18.79860553
int_opet,VA,2018,18.79860553
int_opet,VA,2019,18.79860553
int_opet,VA,2020,18.79860553
int_opet,VA,2021,18.79860553
int_opet,VA,2022,18.79860553
int_opet,VA,2023,18.79860553
int_opet,VA,2024,18.79860553
int_opet,VA,2025,18.82384511
int_opet,VA,2026,20.50024205
int_opet,VA,2027,20.29181193
int_opet,VA,2028,20.30158209
int_opet,VA,2029,20.49047189
int_opet,VA,2030,20.82672829
int_opet,VA,2031,21.18903846
int_opet,VA,2032,21.87783486
int_opet,VA,2033,22.74819345
int_opet,VA,2034,23.42477715
int_opet,VA,2035,23.83593813
int_opet,VA,2036,24.03459809
int_opet,VA,2037,24.120087
int_opet,VA,2038,24.11031684
int_opet,VA,2039,24.0875198
int_opet,VA,2040,24.14614077
int_opet,VA,2041,24.27885213
int_opet,VA,2042,24.38469555
int_opet,VA,2043,24.69571237
int_opet,VA,2044,24.89030143
int_opet,VA,2045,25.0677927
int_opet,VA,2046,25.26808102
int_opet,VA,2047,25.65400241
int_opet,VA,2048,25.84207802
int_opet,VA,2049,25.97234685
int_opet,VA,2050,26.0480656
int_opet,IN,2010,17.61641595
int_opet,IN,2011,17.61641595
int_opet,IN,2012,17.61641595
int_opet,IN,2013,17.61641595
int_opet,IN,2014,17.61641595
int_opet,IN,2015,17.61641595
int_opet,IN,2016,17.61641595
int_opet,IN,2017,17.61641595
int_opet,IN,2018,17.61641595
int_opet,IN,2019,17.61641595
int_opet,IN,2020,17.61641595
int_opet,IN,2021,17.61641595
int_opet,IN,2022,17.61641595
int_opet,IN,2023,17.61641595
int_opet,IN,2024,17.61641595
int_opet,IN,2025,17.53662629
int_opet,IN,2026,17.94127383
int_opet,IN,2027,17.77273854
int_opet,IN,2028,17.77273854
int_opet,IN,2029,17.92336187
int_opet,IN,2030,18.20832492
int_opet,IN,2031,18.52341264
int_opet,IN,2032,19.07379842
int_opet,IN,2033,19.82772924
int_opet,IN,2034,20.43755018
int_opet,IN,2035,20.82998501
int_opet,IN,2036,21.03353005
int_opet,IN,2037,21.11657642
int_opet,IN,2038,21.1092488
int_opet,IN,2039,21.08400922
int_opet,IN,2040,21.12227568
int_opet,IN,2041,21.23219
int_opet,IN,2042,21.32419236
int_opet,IN,2043,21.58554419
int_opet,IN,2044,21.7614071
int_opet,IN,2045,21.92261477
int_opet,IN,2046,22.10254859
int_opet,IN,2047,22.43229155
int_opet,IN,2048,22.610597
int_opet,IN,2049,22.73516656
int_opet,IN,2050,22.80844278
int_opet,OH,2010,17.61641595
int_opet,OH,2011,17.61641595
int_opet,OH,2012,17.61641595
int_opet,OH,2013,17.61641595
int_opet,OH,2014,17.61641595
int_opet,OH,2015,17.61641595
int_opet,OH,2016,17.61641595
int_opet,OH,2017,17.61641595
int_opet,OH,2018,17.61641595
int_opet,OH,2019,17.61641595
int_opet,OH,2020,17.61641595
int_opet,OH,2021,17.61641595
int_opet,OH,2022,17.61641595
int_opet,OH,2023,17.61641595
int_opet,OH,2024,17.61641595
int_opet,OH,2025,17.53662629
int_opet,OH,2026,17.94127383
int_opet,OH,2027,17.77273854
int_opet,OH,2028,17.77273854
int_opet,OH,2029,17.92336187
int_opet,OH,2030,18.20832492
int_opet,OH,2031,18.52341264
int_opet,OH,2032,19.07379842
int_opet,OH,2033,19.82772924
int_opet,OH,2034,20.43755018
int_opet,OH,2035,20.82998501
int_opet,OH,2036,21.03353005
int_opet,OH,2037,21.11657642
int_opet,OH,2038,21.1092488
int_opet,OH,2039,21.08400922
int_opet,OH,2040,21.12227568
int_opet,OH,2041,21.23219
int_opet,OH,2042,21.32419236
int_opet,OH,2043,21.58554419
int_opet,OH,2044,21.7614071
int_opet,OH,2045,21.92261477
int_opet,OH,2046,22.10254859
int_opet,OH,2047,22.43229155
int_opet,OH,2048,22.610597
int_opet,OH,2049,22.73516656
int_opet,OH,2050,22.80844278
int_opet,PA,2010,22.15221358
int_opet,PA,2011,22.15221358
int_opet,PA,2012,22.15221358
int_opet,PA,2013,22.15221358
int_opet,PA,2014,22.15221358
int_opet,PA,2015,22.15221358
int_opet,PA,2016,22.15221358
int_opet,PA,2017,22.15221358
int_opet,PA,2018,22.15221358
int_opet,PA,2019,22.15221358
int_opet,PA,2020,22.15221358
int_opet,PA,2021,22.15221358
int_opet,PA,2022,22.15221358
int_opet,PA,2023,22.15221358
int_opet,PA,2024,22.15221358
int_opet,PA,2025,21.79723103
int_opet,PA,2026,21.80537283
int_opet,PA,2027,21.57577403
int_opet,PA,2028,21.56356133
int_opet,PA,2029,21.73861006
int_opet,PA,2030,22.07079556
int_opet,PA,2031,22.43636245
int_opet,PA,2032,23.13737156
int_opet,PA,2033,24.03378391
int_opet,PA,2034,24.73886392
int_opet,PA,2035,25.17200776
int_opet,PA,2036,25.3796237
int_opet,PA,2037,25.46755515
int_opet,PA,2038,25.45289991
int_opet,PA,2039,25.42196107
int_opet,PA,2040,25.47325442
int_opet,PA,2041,25.60433742
int_opet,PA,2042,25.7077383
int_opet,PA,2043,26.02526856
int_opet,PA,2044,26.2247427
int_opet,PA,2045,26.40711905
int_opet,PA,2046,26.61310663
int_opet,PA,2047,27.007984
int_opet,PA,2048,27.20257306
int_opet,PA,2049,27.33447024
int_opet,PA,2050,27.4061181
int_opet,WV,2010,18.79860553
int_opet,WV,2011,18.79860553
int_opet,WV,2012,18.79860553
int_opet,WV,2013,18.79860553
int_opet,WV,2014,18.79860553
int_opet,WV,2015,18.79860553
int_opet,WV,2016,18.79860553
int_opet,WV,2017,18.79860553
int_opet,WV,2018,18.79860553
int_opet,WV,2019,18.79860553
int_opet,WV,2020,18.79860553
int_opet,WV,2021,18.79860553
int_opet,WV,2022,18.79860553
int_opet,WV,2023,18.79860553
int_opet,WV,2024,18.79860553
int_opet,WV,2025,18.82384511
int_opet,WV,2026,20.50024205
int_opet,WV,2027,20.29181193
int_opet,WV,2028,20.30158209
int_opet,WV,2029,20.49047189
int_opet,WV,2030,20.82672829
int_opet,WV,2031,21.18903846
int_opet,WV,2032,21.87783486
int_opet,WV,2033,22.74819345
int_opet,WV,2034,23.42477715
int_opet,WV,2035,23.83593813
int_opet,WV,2036,24.03459809
int_opet,WV,2037,24.120087
int_opet,WV,2038,24.11031684
int_opet,WV,2039,24.0875198
int_opet,WV,2040,24.14614077
int_opet,WV,2041,24.27885213
int_opet,WV,2042,24.38469555
int_opet,WV,2043,24.69571237
int_opet,WV,2044,24.89030143
int_opet,WV,2045,25.0677927
int_opet,WV,2046,25.26808102
int_opet,WV,2047,25.65400241
int_opet,WV,2048,25.84207802
int_opet,WV,2049,25.97234685
int_opet,WV,2050,26.0480656
int_opet,MD,2010,18.79860553
int_opet,MD,2011,18.79860553
int_opet,MD,2012,18.79860553
int_opet,MD,2013,18.79860553
int_opet,MD,2014,18.79860553
int_opet,MD,2015,18.79860553
int_opet,MD,2016,18.79860553
int_opet,MD,2017,18.79860553
int_opet,MD,2018,18.79860553
int_opet,MD,2019,18.79860553
int_opet,MD,2020,18.79860553
int_opet,MD,2021,18.79860553
int_opet,MD,2022,18.79860553
int_opet,MD,2023,18.79860553
int_opet,MD,2024,18.79860553
int_opet,MD,2025,18.82384511
int_opet,MD,2026,20.50024205
int_opet,MD,2027,20.29181193
int_opet,MD,2028,20.30158209
int_opet,MD,2029,20.49047189
int_opet,MD,2030,20.82672829
int_opet,MD,2031,21.18903846
int_opet,MD,2032,21.87783486
int_opet,MD,2033,22.74819345
int_opet,MD,2034,23.42477715
int_opet,MD,2035,23.83593813
int_opet,MD,2036,24.03459809
int_opet,MD,2037,24.120087
int_opet,MD,2038,24.11031684
int_opet,MD,2039,24.0875198
int_opet,MD,2040,24.14614077
int_opet,MD,2041,24.27885213
int_opet,MD,2042,24.38469555
int_opet,MD,2043,24.69571237
int_opet,MD,2044,24.89030143
int_opet,MD,2045,25.0677927
int_opet,MD,2046,25.26808102
int_opet,MD,2047,25.65400241
int_opet,MD,2048,25.84207802
int_opet,MD,2049,25.97234685
int_opet,MD,2050,26.0480656
int_opet,DE,2010,18.79860553
int_opet,DE,2011,18.79860553
int_opet,DE,2012,18.79860553
int_opet,DE,2013,18.79860553
int_opet,DE,2014,18.79860553
int_opet,DE,2015,18.79860553
int_opet,DE,2016,18.79860553
int_opet,DE,2017,18.79860553
int_opet,DE,2018,18.79860553
int_opet,DE,2019,18.79860553
int_opet,DE,2020,18.79860553
int_opet,DE,2021,18.79860553
int_opet,DE,2022,18.79860553
int_opet,DE,2023,18.79860553
int_opet,DE,2024,18.79860553
int_opet,DE,2025,18.82384511
int_opet,DE,2026,20.50024205
int_opet,DE,2027,20.29181193
int_opet,DE,2028,20.30158209
int_opet,DE,2029,20.49047189
int_opet,DE,2030,20.82672829
int_opet,DE,2031,21.18903846
int_opet,DE,2032,21.87783486
int_opet,DE,2033,22.74819345
int_opet,DE,2034,23.42477715
int_opet,DE,2035,23.83593813
int_opet,DE,2036,24.03459809
int_opet,DE,2037,24.120087
int_opet,DE,2038,24.11031684
int_opet,DE,2039,24.0875198
int_opet,DE,2040,24.14614077
int_opet,DE,2041,24.27885213
int_opet,DE,2042,24.38469555
int_opet,DE,2043,24.69571237
int_opet,DE,2044,24.89030143
int_opet,DE,2045,25.0677927
int_opet,DE,2046,25.26808102
int_opet,DE,2047,25.65400241
int_opet,DE,2048,25.84207802
int_opet,DE,2049,25.97234685
int_opet,DE,2050,26.0480656
int_opet,NJ,2010,22.15221358
int_opet,NJ,2011,22.15221358
int_opet,NJ,2012,22.15221358
int_opet,NJ,2013,22.15221358
int_opet,NJ,2014,22.15221358
int_opet,NJ,2015,22.15221358
int_opet,NJ,2016,22.15221358
int_opet,NJ,2017,22.15221358
int_opet,NJ,2018,22.15221358
int_opet,NJ,2019,22.15221358
int_opet,NJ,2020,22.15221358
int_opet,NJ,2021,22.15221358
int_opet,NJ,2022,22.15221358
int_opet,NJ,2023,22.15221358
int_opet,NJ,2024,22.15221358
int_opet,NJ,2025,21.79723103
int_opet,NJ,2026,21.80537283
int_opet,NJ,2027,21.57577403
int_opet,NJ,2028,21.56356133
int_opet,NJ,2029,21.73861006
int_opet,NJ,2030,22.07079556
int_opet,NJ,2031,22.43636245
int_opet,NJ,2032,23.13737156
int_opet,NJ,2033,24.03378391
int_opet,NJ,2034,24.73886392
int_opet,NJ,2035,25.17200776
int_opet,NJ,2036,25.3796237
int_opet,NJ,2037,25.46755515
int_opet,NJ,2038,25.45289991
int_opet,NJ,2039,25.42196107
int_opet,NJ,2040,25.47325442
int_opet,NJ,2041,25.60433742
int_opet,NJ,2042,25.7077383
int_opet,NJ,2043,26.02526856
int_opet,NJ,2044,26.2247427
int_opet,NJ,2045,26.40711905
int_opet,NJ,2046,26.61310663
int_opet,NJ,2047,27.007984
int_opet,NJ,2048,27.20257306
int_opet,NJ,2049,27.33447024
int_opet,NJ,2050,27.4061181
int_opet,NY,2010,22.15221358
int_opet,NY,2011,22.15221358
int_opet,NY,2012,22.15221358
int_opet,NY,2013,22.15221358
int_opet,NY,2014,22.15221358
int_opet,NY,2015,22.15221358
int_opet,NY,2016,22.15221358
int_opet,NY,2017,22.15221358
int_opet,NY,2018,22.15221358
int_opet,NY,2019,22.15221358
int_opet,NY,2020,22.15221358
int_opet,NY,2021,22.15221358
int_opet,NY,2022,22.15221358
int_opet,NY,2023,22.15221358
int_opet,NY,2024,22.15221358
int_opet,NY,2025,21.79723103
int_opet,NY,2026,21.80537283
int_opet,NY,2027,21.57577403
int_opet,NY,2028,21.56356133
int_opet,NY,2029,21.73861006
int_opet,NY,2030,22.07079556
int_opet,NY,2031,22.43636245
int_opet,NY,2032,23.13737156
int_opet,NY,2033,24.03378391
int_opet,NY,2034,24.73886392
int_opet,NY,2035,25.17200776
int_opet,NY,2036,25.3796237
int_opet,NY,2037,25.46755515
int_opet,NY,2038,25.45289991
int_opet,NY,2039,25.42196107
int_opet,NY,2040,25.47325442
int_opet,NY,2041,25.60433742
int_opet,NY,2042,25.7077383
int_opet,NY,2043,26.02526856
int_opet,NY,2044,26.2247427
int_opet,NY,2045,26.40711905
int_opet,NY,2046,26.61310663
int_opet,NY,2047,27.007984
int_opet,NY,2048,27.20257306
int_opet,NY,2049,27.33447024
int_opet,NY,2050,27.4061181
int_opet,VT,2010,21.56681805
int_opet,VT,2011,21.56681805
int_opet,VT,2012,21.56681805
int_opet,VT,2013,21.56681805
int_opet,VT,2014,21.56681805
int_opet,VT,2015,21.56681805
int_opet,VT,2016,21.56681805
int_opet,VT,2017,21.56681805
int_opet,VT,2018,21.56681805
int_opet,VT,2019,21.56681805
int_opet,VT,2020,21.56681805
int_opet,VT,2021,21.56681805
int_opet,VT,2022,21.56681805
int_opet,VT,2023,21.56681805
int_opet,VT,2024,21.56681805
int_opet,VT,2025,21.21102132
int_opet,VT,2026,21.60101361
int_opet,VT,2027,21.39421185
int_opet,VT,2028,21.40398202
int_opet,VT,2029,21.59857107
int_opet,VT,2030,21.94704018
int_opet,VT,2031,22.32726231
int_opet,VT,2032,23.03885576
int_opet,VT,2033,23.94178155
int_opet,VT,2034,24.65907426
int_opet,VT,2035,25.10687335
int_opet,VT,2036,25.33240125
int_opet,VT,2037,25.43580213
int_opet,VT,2038,25.43661631
int_opet,VT,2039,25.41951853
int_opet,VT,2040,25.48139622
int_opet,VT,2041,25.61980684
int_opet,VT,2042,25.73297788
int_opet,VT,2043,26.05539322
int_opet,VT,2044,26.2654517
int_opet,VT,2045,26.4584124
int_opet,VT,2046,26.67417014
int_opet,VT,2047,27.07637513
int_opet,VT,2048,27.28643361
int_opet,VT,2049,27.4346144
int_opet,VT,2050,27.52336004
int_opet,NH,2010,21.56681805
int_opet,NH,2011,21.56681805
int_opet,NH,2012,21.56681805
int_opet,NH,2013,21.56681805
int_opet,NH,2014,21.56681805
int_opet,NH,2015,21.56681805
int_opet,NH,2016,21.56681805
int_opet,NH,2017,21.56681805
int_opet,NH,2018,21.56681805
int_opet,NH,2019,21.56681805
int_opet,NH,2020,21.56681805
int_opet,NH,2021,21.56681805
int_opet,NH,2022,21.56681805
int_opet,NH,2023,21.56681805
int_opet,NH,2024,21.56681805
int_opet,NH,2025,21.21102132
int_opet,NH,2026,21.60101361
int_opet,NH,2027,21.39421185
int_opet,NH,2028,21.40398202
int_opet,NH,2029,21.59857107
int_opet,NH,2030,21.94704018
int_opet,NH,2031,22.32726231
int_opet,NH,2032,23.03885576
int_opet,NH,2033,23.94178155
int_opet,NH,2034,24.65907426
int_opet,NH,2035,25.10687335
int_opet,NH,2036,25.33240125
int_opet,NH,2037,25.43580213
int_opet,NH,2038,25.43661631
int_opet,NH,2039,25.41951853
int_opet,NH,2040,25.48139622
int_opet,NH,2041,25.61980684
int_opet,NH,2042,25.73297788
int_opet,NH,2043,26.05539322
int_opet,NH,2044,26.2654517
int_opet,NH,2045,26.4584124
int_opet,NH,2046,26.67417014
int_opet,NH,2047,27.07637513
int_opet,NH,2048,27.28643361
int_opet,NH,2049,27.4346144
int_opet,NH,2050,27.52336004
int_opet,MA,2010,21.56681805
int_opet,MA,2011,21.56681805
int_opet,MA,2012,21.56681805
int_opet,MA,2013,21.56681805
int_opet,MA,2014,21.56681805
int_opet,MA,2015,21.56681805
int_opet,MA,2016,21.56681805
int_opet,MA,2017,21.56681805
int_opet,MA,2018,21.56681805
int_opet,MA,2019,21.56681805
int_opet,MA,2020,21.56681805
int_opet,MA,2021,21.56681805
int_opet,MA,2022,21.56681805
int_opet,MA,2023,21.56681805
int_opet,MA,2024,21.56681805
int_opet,MA,2025,21.21102132
int_opet,MA,2026,21.60101361
int_opet,MA,2027,21.39421185
int_opet,MA,2028,21.40398202
int_opet,MA,2029,21.59857107
int_opet,MA,2030,21.94704018
int_opet,MA,2031,22.32726231
int_opet,MA,2032,23.03885576
int_opet,MA,2033,23.94178155
int_opet,MA,2034,24.65907426
int_opet,MA,2035,25.10687335
int_opet,MA,2036,25.33240125
int_opet,MA,2037,25.43580213
int_opet,MA,2038,25.43661631
int_opet,MA,2039,25.41951853
int_opet,MA,2040,25.48139622
int_opet,MA,2041,25.61980684
int_opet,MA,2042,25.73297788
int_opet,MA,2043,26.05539322
int_opet,MA,2044,26.2654517
int_opet,MA,2045,26.4584124
int_opet,MA,2046,26.67417014
int_opet,MA,2047,27.07637513
int_opet,MA,2048,27.28643361
int_opet,MA,2049,27.4346144
int_opet,MA,2050,27.52336004
int_opet,CT,2010,21.56681805
int_opet,CT,2011,21.56681805
int_opet,CT,2012,21.56681805
int_opet,CT,2013,21.56681805
int_opet,CT,2014,21.56681805
int_opet,CT,2015,21.56681805
int_opet,CT,2016,21.56681805
int_opet,CT,2017,21.56681805
int_opet,CT,2018,21.56681805
int_opet,CT,2019,21.56681805
int_opet,CT,2020,21.56681805
int_opet,CT,2021,21.56681805
int_opet,CT,2022,21.56681805
int_opet,CT,2023,21.56681805
int_opet,CT,2024,21.56681805
int_opet,CT,2025,21.21102132
int_opet,CT,2026,21.60101361
int_opet,CT,2027,21.39421185
int_opet,CT,2028,21.40398202
int_opet,CT,2029,21.59857107
int_opet,CT,2030,21.94704018
int_opet,CT,2031,22.32726231
int_opet,CT,2032,23.03885576
int_opet,CT,2033,23.94178155
int_opet,CT,2034,24.65907426
int_opet,CT,2035,25.10687335
int_opet,CT,2036,25.33240125
int_opet,CT,2037,25.43580213
int_opet,CT,2038,25.43661631
int_opet,CT,2039,25.41951853
int_opet,CT,2040,25.48139622
int_opet,CT,2041,25.61980684
int_opet,CT,2042,25.73297788
int_opet,CT,2043,26.05539322
int_opet,CT,2044,26.2654517
int_opet,CT,2045,26.4584124
int_opet,CT,2046,26.67417014
int_opet,CT,2047,27.07637513
int_opet,CT,2048,27.28643361
int_opet,CT,2049,27.4346144
int_opet,CT,2050,27.52336004
int_opet,RI,2010,21.56681805
int_opet,RI,2011,21.56681805
int_opet,RI,2012,21.56681805
int_opet,RI,2013,21.56681805
int_opet,RI,2014,21.56681805
int_opet,RI,2015,21.56681805
int_opet,RI,2016,21.56681805
int_opet,RI,2017,21.56681805
int_opet,RI,2018,21.56681805
int_opet,RI,2019,21.56681805
int_opet,RI,2020,21.56681805
int_opet,RI,2021,21.56681805
int_opet,RI,2022,21.56681805
int_opet,RI,2023,21.56681805
int_opet,RI,2024,21.56681805
int_opet,RI,2025,21.21102132
int_opet,RI,2026,21.60101361
int_opet,RI,2027,21.39421185
int_opet,RI,2028,21.40398202
int_opet,RI,2029,21.59857107
int_opet,RI,2030,21.94704018
int_opet,RI,2031,22.32726231
int_opet,RI,2032,23.03885576
int_opet,RI,2033,23.94178155
int_opet,RI,2034,24.65907426
int_opet,RI,2035,25.10687335
int_opet,RI,2036,25.33240125
int_opet,RI,2037,25.43580213
int_opet,RI,2038,25.43661631
int_opet,RI,2039,25.41951853
int_opet,RI,2040,25.48139622
int_opet,RI,2041,25.61980684
int_opet,RI,2042,25.73297788
int_opet,RI,2043,26.05539322
int_opet,RI,2044,26.2654517
int_opet,RI,2045,26.4584124
int_opet,RI,2046,26.67417014
int_opet,RI,2047,27.07637513
int_opet,RI,2048,27.28643361
int_opet,RI,2049,27.4346144
int_opet,RI,2050,27.52336004
int_opet,ME,2010,21.56681805
int_opet,ME,2011,21.56681805
int_opet,ME,2012,21.56681805
int_opet,ME,2013,21.56681805
int_opet,ME,2014,21.56681805
int_opet,ME,2015,21.56681805
int_opet,ME,2016,21.56681805
int_opet,ME,2017,21.56681805
int_opet,ME,2018,21.56681805
int_opet,ME,2019,21.56681805
int_opet,ME,2020,21.56681805
int_opet,ME,2021,21.56681805
int_opet,ME,2022,21.56681805
int_opet,ME,2023,21.56681805
int_opet,ME,2024,21.56681805
int_opet,ME,2025,21.21102132
int_opet,ME,2026,21.60101361
int_opet,ME,2027,21.39421185
int_opet,ME,2028,21.40398202
int_opet,ME,2029,21.59857107
int_opet,ME,2030,21.94704018
int_opet,ME,2031,22.32726231
int_opet,ME,2032,23.03885576
int_opet,ME,2033,23.94178155
int_opet,ME,2034,24.65907426
int_opet,ME,2035,25.10687335
int_opet,ME,2036,25.33240125
int_opet,ME,2037,25.43580213
int_opet,ME,2038,25.43661631
int_opet,ME,2039,25.41951853
int_opet,ME,2040,25.48139622
int_opet,ME,2041,25.61980684
int_opet,ME,2042,25.73297788
int_opet,ME,2043,26.05539322
int_opet,ME,2044,26.2654517
int_opet,ME,2045,26.4584124
int_opet,ME,2046,26.67417014
int_opet,ME,2047,27.07637513
int_opet,ME,2048,27.28643361
int_opet,ME,2049,27.4346144
int_opet,ME,2050,27.52336004
int_opet,voluntary,2010,18.88675749
int_opet,voluntary,2011,18.88675749
int_opet,voluntary,2012,18.88675749
int_opet,voluntary,2013,18.88675749
int_opet,voluntary,2014,18.88675749
int_opet,voluntary,2015,18.88675749
int_opet,voluntary,2016,18.88675749
int_opet,voluntary,2017,18.88675749
int_opet,voluntary,2018,18.88675749
int_opet,voluntary,2019,18.88675749
int_opet,voluntary,2020,18.88675749
int_opet,voluntary,2021,18.88675749
int_opet,voluntary,2022,18.88675749
int_opet,voluntary,2023,18.88675749
int_opet,voluntary,2024,18.88675749
int_opet,voluntary,2025,18.7528079
int_opet,voluntary,2026,18.97775909
int_opet,voluntary,2027,18.7915493
int_opet,voluntary,2028,18.80401644
int_opet,voluntary,2029,18.98118543
int_opet,voluntary,2030,19.29783366
int_opet,voluntary,2031,19.6408749
int_opet,voluntary,2032,20.27992151
int_opet,voluntary,2033,21.1002589
int_opet,voluntary,2034,21.74430932
int_opet,voluntary,2035,22.14093379
int_opet,voluntary,2036,22.33552284
int_opet,voluntary,2037,22.420011
int_opet,voluntary,2038,22.412853
int_opet,voluntary,2039,22.39217621
int_opet,voluntary,2040,22.44686198
int_opet,voluntary,2041,22.57363661
int_opet,voluntary,2042,22.67559572
int_opet,voluntary,2043,22.97036286
int_opet,voluntary,2044,23.15787872
int_opet,voluntary,2045,23.32970466
int_opet,voluntary,2046,23.52275016
int_opet,voluntary,2047,23.88855452
int_opet,voluntary,2048,24.07276278
int_opet,voluntary,2049,24.20018198
int_opet,voluntary,2050,24.27467946
int_rfo,id,2010,5.923974786
int_rfo,id,2011,5.923974786
int_rfo,id,2012,5.923974786
int_rfo,id,2013,5.923974786
int_rfo,id,2014,5.923974786
int_rfo,id,2015,5.923974786
int_rfo,id,2016,5.923974786
int_rfo,id,2017,5.923974786
int_rfo,id,2018,5.923974786
int_rfo,id,2019,5.923974786
int_rfo,id,2020,5.923974786
int_rfo,id,2021,5.923974786
int_rfo,id,2022,5.923974786
int_rfo,id,2023,5.923974786
int_rfo,id,2024,5.923974786
int_rfo,id,2025,6.729198956
int_rfo,id,2026,7.007648568
int_rfo,id,2027,7.913016897
int_rfo,id,2028,8.767091877
int_rfo,id,2029,9.682230368
int_rfo,id,2030,10.61446664
int_rfo,id,2031,10.70728318
int_rfo,id,2032,10.56235911
int_rfo,id,2033,10.70402646
int_rfo,id,2034,10.80254226
int_rfo,id,2035,10.88640281
int_rfo,id,2036,10.93281108
int_rfo,id,2037,10.97433427
int_rfo,id,2038,11.1330994
int_rfo,id,2039,11.09890383
int_rfo,id,2040,11.19334873
int_rfo,id,2041,11.3382728
int_rfo,id,2042,11.3749109
int_rfo,id,2043,11.48889612
int_rfo,id,2044,11.40259303
int_rfo,id,2045,11.45877146
int_rfo,id,2046,11.67208666
int_rfo,id,2047,12.04905207
int_rfo,id,2048,12.05637969
int_rfo,id,2049,12.10197378
int_rfo,id,2050,12.33727184
int_rfo,WA,2010,5.847441852
int_rfo,WA,2011,5.847441852
int_rfo,WA,2012,5.847441852
int_rfo,WA,2013,5.847441852
int_rfo,WA,2014,5.847441852
int_rfo,WA,2015,5.847441852
int_rfo,WA,2016,5.847441852
int_rfo,WA,2017,5.847441852
int_rfo,WA,2018,5.847441852
int_rfo,WA,2019,5.847441852
int_rfo,WA,2020,5.847441852
int_rfo,WA,2021,5.847441852
int_rfo,WA,2022,5.847441852
int_rfo,WA,2023,5.847441852
int_rfo,WA,2024,5.847441852
int_rfo,WA,2025,6.575318908
int_rfo,WA,2026,6.827714755
int_rfo,WA,2027,7.706215139
int_rfo,WA,2028,8.534236353
int_rfo,WA,2029,9.421692719
int_rfo,WA,2030,10.32706105
int_rfo,WA,2031,10.41987759
int_rfo,WA,2032,10.36369915
int_rfo,WA,2033,10.55258895
int_rfo,WA,2034,10.65680401
int_rfo,WA,2035,10.82371094
int_rfo,WA,2036,10.87581847
int_rfo,WA,2037,10.96782083
int_rfo,WA,2038,11.07122171
int_rfo,WA,2039,11.12414342
int_rfo,WA,2040,11.22917266
int_rfo,WA,2041,11.36921164
int_rfo,WA,2042,11.46772744
int_rfo,WA,2043,11.592297
int_rfo,WA,2044,11.58741192
int_rfo,WA,2045,11.3464146
int_rfo,WA,2046,11.4490013
int_rfo,WA,2047,11.78281516
int_rfo,WA,2048,11.87644588
int_rfo,WA,2049,11.92611087
int_rfo,WA,2050,12.12802754
int_rfo,OR,2010,5.847441852
int_rfo,OR,2011,5.847441852
int_rfo,OR,2012,5.847441852
int_rfo,OR,2013,5.847441852
int_rfo,OR,2014,5.847441852
int_rfo,OR,2015,5.847441852
int_rfo,OR,2016,5.847441852
int_rfo,OR,2017,5.847441852
int_rfo,OR,2018,5.847441852
int_rfo,OR,2019,5.847441852
int_rfo,OR,2020,5.847441852
int_rfo,OR,2021,5.847441852
int_rfo,OR,2022,5.847441852
int_rfo,OR,2023,5.847441852
int_rfo,OR,2024,5.847441852
int_rfo,OR,2025,6.575318908
int_rfo,OR,2026,6.827714755
int_rfo,OR,2027,7.706215139
int_rfo,OR,2028,8.534236353
int_rfo,OR,2029,9.421692719
int_rfo,OR,2030,10.32706105
int_rfo,OR,2031,10.41987759
int_rfo,OR,2032,10.36369915
int_rfo,OR,2033,10.55258895
int_rfo,OR,2034,10.65680401
int_rfo,OR,2035,10.82371094
int_rfo,OR,2036,10.87581847
int_rfo,OR,2037,10.96782083
int_rfo,OR,2038,11.07122171
int_rfo,OR,2039,11.12414342
int_rfo,OR,2040,11.22917266
int_rfo,OR,2041,11.36921164
int_rfo,OR,2042,11.46772744
int_rfo,OR,2043,11.592297
int_rfo,OR,2044,11.58741192
int_rfo,OR,2045,11.3464146
int_rfo,OR,2046,11.4490013
int_rfo,OR,2047,11.78281516
int_rfo,OR,2048,11.87644588
int_rfo,OR,2049,11.92611087
int_rfo,OR,2050,12.12802754
int_rfo,CA,2010,5.847441852
int_rfo,CA,2011,5.847441852
int_rfo,CA,2012,5.847441852
int_rfo,CA,2013,5.847441852
int_rfo,CA,2014,5.847441852
int_rfo,CA,2015,5.847441852
int_rfo,CA,2016,5.847441852
int_rfo,CA,2017,5.847441852
int_rfo,CA,2018,5.847441852
int_rfo,CA,2019,5.847441852
int_rfo,CA,2020,5.847441852
int_rfo,CA,2021,5.847441852
int_rfo,CA,2022,5.847441852
int_rfo,CA,2023,5.847441852
int_rfo,CA,2024,5.847441852
int_rfo,CA,2025,6.575318908
int_rfo,CA,2026,6.827714755
int_rfo,CA,2027,7.706215139
int_rfo,CA,2028,8.534236353
int_rfo,CA,2029,9.421692719
int_rfo,CA,2030,10.32706105
int_rfo,CA,2031,10.41987759
int_rfo,CA,2032,10.36369915
int_rfo,CA,2033,10.55258895
int_rfo,CA,2034,10.65680401
int_rfo,CA,2035,10.82371094
int_rfo,CA,2036,10.87581847
int_rfo,CA,2037,10.96782083
int_rfo,CA,2038,11.07122171
int_rfo,CA,2039,11.12414342
int_rfo,CA,2040,11.22917266
int_rfo,CA,2041,11.36921164
int_rfo,CA,2042,11.46772744
int_rfo,CA,2043,11.592297
int_rfo,CA,2044,11.58741192
int_rfo,CA,2045,11.3464146
int_rfo,CA,2046,11.4490013
int_rfo,CA,2047,11.78281516
int_rfo,CA,2048,11.87644588
int_rfo,CA,2049,11.92611087
int_rfo,CA,2050,12.12802754
int_rfo,NV,2010,5.923974786
int_rfo,NV,2011,5.923974786
int_rfo,NV,2012,5.923974786
int_rfo,NV,2013,5.923974786
int_rfo,NV,2014,5.923974786
int_rfo,NV,2015,5.923974786
int_rfo,NV,2016,5.923974786
int_rfo,NV,2017,5.923974786
int_rfo,NV,2018,5.923974786
int_rfo,NV,2019,5.923974786
int_rfo,NV,2020,5.923974786
int_rfo,NV,2021,5.923974786
int_rfo,NV,2022,5.923974786
int_rfo,NV,2023,5.923974786
int_rfo,NV,2024,5.923974786
int_rfo,NV,2025,6.729198956
int_rfo,NV,2026,7.007648568
int_rfo,NV,2027,7.913016897
int_rfo,NV,2028,8.767091877
int_rfo,NV,2029,9.682230368
int_rfo,NV,2030,10.61446664
int_rfo,NV,2031,10.70728318
int_rfo,NV,2032,10.56235911
int_rfo,NV,2033,10.70402646
int_rfo,NV,2034,10.80254226
int_rfo,NV,2035,10.88640281
int_rfo,NV,2036,10.93281108
int_rfo,NV,2037,10.97433427
int_rfo,NV,2038,11.1330994
int_rfo,NV,2039,11.09890383
int_rfo,NV,2040,11.19334873
int_rfo,NV,2041,11.3382728
int_rfo,NV,2042,11.3749109
int_rfo,NV,2043,11.48889612
int_rfo,NV,2044,11.40259303
int_rfo,NV,2045,11.45877146
int_rfo,NV,2046,11.67208666
int_rfo,NV,2047,12.04905207
int_rfo,NV,2048,12.05637969
int_rfo,NV,2049,12.10197378
int_rfo,NV,2050,12.33727184
int_rfo,MT,2010,5.742005522
int_rfo,MT,2011,5.742005522
int_rfo,MT,2012,5.742005522
int_rfo,MT,2013,5.742005522
int_rfo,MT,2014,5.742005522
int_rfo,MT,2015,5.742005522
int_rfo,MT,2016,5.742005522
int_rfo,MT,2017,5.742005522
int_rfo,MT,2018,5.742005522
int_rfo,MT,2019,5.742005522
int_rfo,MT,2020,5.742005522
int_rfo,MT,2021,5.742005522
int_rfo,MT,2022,5.742005522
int_rfo,MT,2023,5.742005522
int_rfo,MT,2024,5.742005522
int_rfo,MT,2025,6.613992465
int_rfo,MT,2026,6.953098498
int_rfo,MT,2027,7.816536549
int_rfo,MT,2028,8.641708133
int_rfo,MT,2029,9.518580157
int_rfo,MT,2030,10.43371865
int_rfo,MT,2031,10.46262204
int_rfo,MT,2032,10.31566253
int_rfo,MT,2033,10.56317329
int_rfo,MT,2034,10.6120241
int_rfo,MT,2035,10.73740784
int_rfo,MT,2036,10.84650798
int_rfo,MT,2037,10.89535879
int_rfo,MT,2038,11.02807016
int_rfo,MT,2039,11.02807016
int_rfo,MT,2040,11.10134637
int_rfo,MT,2041,11.18602111
int_rfo,MT,2042,11.27883765
int_rfo,MT,2043,11.33542317
int_rfo,MT,2044,11.11925834
int_rfo,MT,2045,11.17543677
int_rfo,MT,2046,11.38956615
int_rfo,MT,2047,11.77263791
int_rfo,MT,2048,11.78322225
int_rfo,MT,2049,11.8345156
int_rfo,MT,2050,12.08039801
int_rfo,WY,2010,5.923974786
int_rfo,WY,2011,5.923974786
int_rfo,WY,2012,5.923974786
int_rfo,WY,2013,5.923974786
int_rfo,WY,2014,5.923974786
int_rfo,WY,2015,5.923974786
int_rfo,WY,2016,5.923974786
int_rfo,WY,2017,5.923974786
int_rfo,WY,2018,5.923974786
int_rfo,WY,2019,5.923974786
int_rfo,WY,2020,5.923974786
int_rfo,WY,2021,5.923974786
int_rfo,WY,2022,5.923974786
int_rfo,WY,2023,5.923974786
int_rfo,WY,2024,5.923974786
int_rfo,WY,2025,6.729198956
int_rfo,WY,2026,7.007648568
int_rfo,WY,2027,7.913016897
int_rfo,WY,2028,8.767091877
int_rfo,WY,2029,9.682230368
int_rfo,WY,2030,10.61446664
int_rfo,WY,2031,10.70728318
int_rfo,WY,2032,10.56235911
int_rfo,WY,2033,10.70402646
int_rfo,WY,2034,10.80254226
int_rfo,WY,2035,10.88640281
int_rfo,WY,2036,10.93281108
int_rfo,WY,2037,10.97433427
int_rfo,WY,2038,11.1330994
int_rfo,WY,2039,11.09890383
int_rfo,WY,2040,11.19334873
int_rfo,WY,2041,11.3382728
int_rfo,WY,2042,11.3749109
int_rfo,WY,2043,11.48889612
int_rfo,WY,2044,11.40259303
int_rfo,WY,2045,11.45877146
int_rfo,WY,2046,11.67208666
int_rfo,WY,2047,12.04905207
int_rfo,WY,2048,12.05637969
int_rfo,WY,2049,12.10197378
int_rfo,WY,2050,12.33727184
int_rfo,UT,2010,5.923974786
int_rfo,UT,2011,5.923974786
int_rfo,UT,2012,5.923974786
int_rfo,UT,2013,5.923974786
int_rfo,UT,2014,5.923974786
int_rfo,UT,2015,5.923974786
int_rfo,UT,2016,5.923974786
int_rfo,UT,2017,5.923974786
int_rfo,UT,2018,5.923974786
int_rfo,UT,2019,5.923974786
int_rfo,UT,2020,5.923974786
int_rfo,UT,2021,5.923974786
int_rfo,UT,2022,5.923974786
int_rfo,UT,2023,5.923974786
int_rfo,UT,2024,5.923974786
int_rfo,UT,2025,6.729198956
int_rfo,UT,2026,7.007648568
int_rfo,UT,2027,7.913016897
int_rfo,UT,2028,8.767091877
int_rfo,UT,2029,9.682230368
int_rfo,UT,2030,10.61446664
int_rfo,UT,2031,10.70728318
int_rfo,UT,2032,10.56235911
int_rfo,UT,2033,10.70402646
int_rfo,UT,2034,10.80254226
int_rfo,UT,2035,10.88640281
int_rfo,UT,2036,10.93281108
int_rfo,UT,2037,10.97433427
int_rfo,UT,2038,11.1330994
int_rfo,UT,2039,11.09890383
int_rfo,UT,2040,11.19334873
int_rfo,UT,2041,11.3382728
int_rfo,UT,2042,11.3749109
int_rfo,UT,2043,11.48889612
int_rfo,UT,2044,11.40259303
int_rfo,UT,2045,11.45877146
int_rfo,UT,2046,11.67208666
int_rfo,UT,2047,12.04905207
int_rfo,UT,2048,12.05637969
int_rfo,UT,2049,12.10197378
int_rfo,UT,2050,12.33727184
int_rfo,AZ,2010,5.923974786
int_rfo,AZ,2011,5.923974786
int_rfo,AZ,2012,5.923974786
int_rfo,AZ,2013,5.923974786
int_rfo,AZ,2014,5.923974786
int_rfo,AZ,2015,5.923974786
int_rfo,AZ,2016,5.923974786
int_rfo,AZ,2017,5.923974786
int_rfo,AZ,2018,5.923974786
int_rfo,AZ,2019,5.923974786
int_rfo,AZ,2020,5.923974786
int_rfo,AZ,2021,5.923974786
int_rfo,AZ,2022,5.923974786
int_rfo,AZ,2023,5.923974786
int_rfo,AZ,2024,5.923974786
int_rfo,AZ,2025,6.729198956
int_rfo,AZ,2026,7.007648568
int_rfo,AZ,2027,7.913016897
int_rfo,AZ,2028,8.767091877
int_rfo,AZ,2029,9.682230368
int_rfo,AZ,2030,10.61446664
int_rfo,AZ,2031,10.70728318
int_rfo,AZ,2032,10.56235911
int_rfo,AZ,2033,10.70402646
int_rfo,AZ,2034,10.80254226
int_rfo,AZ,2035,10.88640281
int_rfo,AZ,2036,10.93281108
int_rfo,AZ,2037,10.97433427
int_rfo,AZ,2038,11.1330994
int_rfo,AZ,2039,11.09890383
int_rfo,AZ,2040,11.19334873
int_rfo,AZ,2041,11.3382728
int_rfo,AZ,2042,11.3749109
int_rfo,AZ,2043,11.48889612
int_rfo,AZ,2044,11.40259303
int_rfo,AZ,2045,11.45877146
int_rfo,AZ,2046,11.67208666
int_rfo,AZ,2047,12.04905207
int_rfo,AZ,2048,12.05637969
int_rfo,AZ,2049,12.10197378
int_rfo,AZ,2050,12.33727184
int_rfo,NM,2010,6.470289668
int_rfo,NM,2011,6.470289668
int_rfo,NM,2012,6.470289668
int_rfo,NM,2013,6.470289668
int_rfo,NM,2014,6.470289668
int_rfo,NM,2015,6.470289668
int_rfo,NM,2016,6.470289668
int_rfo,NM,2017,6.470289668
int_rfo,NM,2018,6.470289668
int_rfo,NM,2019,6.470289668
int_rfo,NM,2020,6.470289668
int_rfo,NM,2021,6.470289668
int_rfo,NM,2022,6.470289668
int_rfo,NM,2023,6.470289668
int_rfo,NM,2024,6.470289668
int_rfo,NM,2025,7.275513838
int_rfo,NM,2026,7.668762852
int_rfo,NM,2027,8.651071205
int_rfo,NM,2028,9.632565378
int_rfo,NM,2029,10.66575999
int_rfo,NM,2030,11.73762816
int_rfo,NM,2031,11.81497528
int_rfo,NM,2032,11.73681398
int_rfo,NM,2033,11.91796906
int_rfo,NM,2034,12.01648486
int_rfo,NM,2035,12.11866447
int_rfo,NM,2036,12.16425856
int_rfo,NM,2037,12.2118881
int_rfo,NM,2038,12.34500655
int_rfo,NM,2039,12.34459946
int_rfo,NM,2040,12.41746859
int_rfo,NM,2041,12.50255041
int_rfo,NM,2042,12.61979236
int_rfo,NM,2043,12.66945735
int_rfo,NM,2044,12.56239266
int_rfo,NM,2045,12.61857109
int_rfo,NM,2046,12.83270047
int_rfo,NM,2047,13.21577223
int_rfo,NM,2048,13.22635657
int_rfo,NM,2049,13.27764992
int_rfo,NM,2050,13.52353232
int_rfo,SD,2010,5.742005522
int_rfo,SD,2011,5.742005522
int_rfo,SD,2012,5.742005522
int_rfo,SD,2013,5.742005522
int_rfo,SD,2014,5.742005522
int_rfo,SD,2015,5.742005522
int_rfo,SD,2016,5.742005522
int_rfo,SD,2017,5.742005522
int_rfo,SD,2018,5.742005522
int_rfo,SD,2019,5.742005522
int_rfo,SD,2020,5.742005522
int_rfo,SD,2021,5.742005522
int_rfo,SD,2022,5.742005522
int_rfo,SD,2023,5.742005522
int_rfo,SD,2024,5.742005522
int_rfo,SD,2025,6.613992465
int_rfo,SD,2026,6.953098498
int_rfo,SD,2027,7.816536549
int_rfo,SD,2028,8.641708133
int_rfo,SD,2029,9.518580157
int_rfo,SD,2030,10.43371865
int_rfo,SD,2031,10.46262204
int_rfo,SD,2032,10.31566253
int_rfo,SD,2033,10.56317329
int_rfo,SD,2034,10.6120241
int_rfo,SD,2035,10.73740784
int_rfo,SD,2036,10.84650798
int_rfo,SD,2037,10.89535879
int_rfo,SD,2038,11.02807016
int_rfo,SD,2039,11.02807016
int_rfo,SD,2040,11.10134637
int_rfo,SD,2041,11.18602111
int_rfo,SD,2042,11.27883765
int_rfo,SD,2043,11.33542317
int_rfo,SD,2044,11.11925834
int_rfo,SD,2045,11.17543677
int_rfo,SD,2046,11.38956615
int_rfo,SD,2047,11.77263791
int_rfo,SD,2048,11.78322225
int_rfo,SD,2049,11.8345156
int_rfo,SD,2050,12.08039801
int_rfo,CO,2010,5.923974786
int_rfo,CO,2011,5.923974786
int_rfo,CO,2012,5.923974786
int_rfo,CO,2013,5.923974786
int_rfo,CO,2014,5.923974786
int_rfo,CO,2015,5.923974786
int_rfo,CO,2016,5.923974786
int_rfo,CO,2017,5.923974786
int_rfo,CO,2018,5.923974786
int_rfo,CO,2019,5.923974786
int_rfo,CO,2020,5.923974786
int_rfo,CO,2021,5.923974786
int_rfo,CO,2022,5.923974786
int_rfo,CO,2023,5.923974786
int_rfo,CO,2024,5.923974786
int_rfo,CO,2025,6.729198956
int_rfo,CO,2026,7.007648568
int_rfo,CO,2027,7.913016897
int_rfo,CO,2028,8.767091877
int_rfo,CO,2029,9.682230368
int_rfo,CO,2030,10.61446664
int_rfo,CO,2031,10.70728318
int_rfo,CO,2032,10.56235911
int_rfo,CO,2033,10.70402646
int_rfo,CO,2034,10.80254226
int_rfo,CO,2035,10.88640281
int_rfo,CO,2036,10.93281108
int_rfo,CO,2037,10.97433427
int_rfo,CO,2038,11.1330994
int_rfo,CO,2039,11.09890383
int_rfo,CO,2040,11.19334873
int_rfo,CO,2041,11.3382728
int_rfo,CO,2042,11.3749109
int_rfo,CO,2043,11.48889612
int_rfo,CO,2044,11.40259303
int_rfo,CO,2045,11.45877146
int_rfo,CO,2046,11.67208666
int_rfo,CO,2047,12.04905207
int_rfo,CO,2048,12.05637969
int_rfo,CO,2049,12.10197378
int_rfo,CO,2050,12.33727184
int_rfo,ND,2010,5.560036258
int_rfo,ND,2011,5.560036258
int_rfo,ND,2012,5.560036258
int_rfo,ND,2013,5.560036258
int_rfo,ND,2014,5.560036258
int_rfo,ND,2015,5.560036258
int_rfo,ND,2016,5.560036258
int_rfo,ND,2017,5.560036258
int_rfo,ND,2018,5.560036258
int_rfo,ND,2019,5.560036258
int_rfo,ND,2020,5.560036258
int_rfo,ND,2021,5.560036258
int_rfo,ND,2022,5.560036258
int_rfo,ND,2023,5.560036258
int_rfo,ND,2024,5.560036258
int_rfo,ND,2025,6.498785973
int_rfo,ND,2026,6.898548428
int_rfo,ND,2027,7.720056201
int_rfo,ND,2028,8.51632439
int_rfo,ND,2029,9.354929946
int_rfo,ND,2030,10.25297065
int_rfo,ND,2031,10.21796091
int_rfo,ND,2032,10.06896594
int_rfo,ND,2033,10.42232013
int_rfo,ND,2034,10.42150595
int_rfo,ND,2035,10.58841288
int_rfo,ND,2036,10.76020489
int_rfo,ND,2037,10.81638332
int_rfo,ND,2038,10.92304092
int_rfo,ND,2039,10.95723649
int_rfo,ND,2040,11.00934402
int_rfo,ND,2041,11.03376942
int_rfo,ND,2042,11.18276439
int_rfo,ND,2043,11.18195021
int_rfo,ND,2044,10.83592364
int_rfo,ND,2045,10.89210207
int_rfo,ND,2046,11.10704563
int_rfo,ND,2047,11.49622375
int_rfo,ND,2048,11.51006481
int_rfo,ND,2049,11.56705742
int_rfo,ND,2050,11.82352417
int_rfo,NE,2010,5.560036258
int_rfo,NE,2011,5.560036258
int_rfo,NE,2012,5.560036258
int_rfo,NE,2013,5.560036258
int_rfo,NE,2014,5.560036258
int_rfo,NE,2015,5.560036258
int_rfo,NE,2016,5.560036258
int_rfo,NE,2017,5.560036258
int_rfo,NE,2018,5.560036258
int_rfo,NE,2019,5.560036258
int_rfo,NE,2020,5.560036258
int_rfo,NE,2021,5.560036258
int_rfo,NE,2022,5.560036258
int_rfo,NE,2023,5.560036258
int_rfo,NE,2024,5.560036258
int_rfo,NE,2025,6.498785973
int_rfo,NE,2026,6.898548428
int_rfo,NE,2027,7.720056201
int_rfo,NE,2028,8.51632439
int_rfo,NE,2029,9.354929946
int_rfo,NE,2030,10.25297065
int_rfo,NE,2031,10.21796091
int_rfo,NE,2032,10.06896594
int_rfo,NE,2033,10.42232013
int_rfo,NE,2034,10.42150595
int_rfo,NE,2035,10.58841288
int_rfo,NE,2036,10.76020489
int_rfo,NE,2037,10.81638332
int_rfo,NE,2038,10.92304092
int_rfo,NE,2039,10.95723649
int_rfo,NE,2040,11.00934402
int_rfo,NE,2041,11.03376942
int_rfo,NE,2042,11.18276439
int_rfo,NE,2043,11.18195021
int_rfo,NE,2044,10.83592364
int_rfo,NE,2045,10.89210207
int_rfo,NE,2046,11.10704563
int_rfo,NE,2047,11.49622375
int_rfo,NE,2048,11.51006481
int_rfo,NE,2049,11.56705742
int_rfo,NE,2050,11.82352417
int_rfo,MN,2010,5.560036258
int_rfo,MN,2011,5.560036258
int_rfo,MN,2012,5.560036258
int_rfo,MN,2013,5.560036258
int_rfo,MN,2014,5.560036258
int_rfo,MN,2015,5.560036258
int_rfo,MN,2016,5.560036258
int_rfo,MN,2017,5.560036258
int_rfo,MN,2018,5.560036258
int_rfo,MN,2019,5.560036258
int_rfo,MN,2020,5.560036258
int_rfo,MN,2021,5.560036258
int_rfo,MN,2022,5.560036258
int_rfo,MN,2023,5.560036258
int_rfo,MN,2024,5.560036258
int_rfo,MN,2025,6.498785973
int_rfo,MN,2026,6.898548428
int_rfo,MN,2027,7.720056201
int_rfo,MN,2028,8.51632439
int_rfo,MN,2029,9.354929946
int_rfo,MN,2030,10.25297065
int_rfo,MN,2031,10.21796091
int_rfo,MN,2032,10.06896594
int_rfo,MN,2033,10.42232013
int_rfo,MN,2034,10.42150595
int_rfo,MN,2035,10.58841288
int_rfo,MN,2036,10.76020489
int_rfo,MN,2037,10.81638332
int_rfo,MN,2038,10.92304092
int_rfo,MN,2039,10.95723649
int_rfo,MN,2040,11.00934402
int_rfo,MN,2041,11.03376942
int_rfo,MN,2042,11.18276439
int_rfo,MN,2043,11.18195021
int_rfo,MN,2044,10.83592364
int_rfo,MN,2045,10.89210207
int_rfo,MN,2046,11.10704563
int_rfo,MN,2047,11.49622375
int_rfo,MN,2048,11.51006481
int_rfo,MN,2049,11.56705742
int_rfo,MN,2050,11.82352417
int_rfo,IA,2010,5.560036258
int_rfo,IA,2011,5.560036258
int_rfo,IA,2012,5.560036258
int_rfo,IA,2013,5.560036258
int_rfo,IA,2014,5.560036258
int_rfo,IA,2015,5.560036258
int_rfo,IA,2016,5.560036258
int_rfo,IA,2017,5.560036258
int_rfo,IA,2018,5.560036258
int_rfo,IA,2019,5.560036258
int_rfo,IA,2020,5.560036258
int_rfo,IA,2021,5.560036258
int_rfo,IA,2022,5.560036258
int_rfo,IA,2023,5.560036258
int_rfo,IA,2024,5.560036258
int_rfo,IA,2025,6.498785973
int_rfo,IA,2026,6.898548428
int_rfo,IA,2027,7.720056201
int_rfo,IA,2028,8.51632439
int_rfo,IA,2029,9.354929946
int_rfo,IA,2030,10.25297065
int_rfo,IA,2031,10.21796091
int_rfo,IA,2032,10.06896594
int_rfo,IA,2033,10.42232013
int_rfo,IA,2034,10.42150595
int_rfo,IA,2035,10.58841288
int_rfo,IA,2036,10.76020489
int_rfo,IA,2037,10.81638332
int_rfo,IA,2038,10.92304092
int_rfo,IA,2039,10.95723649
int_rfo,IA,2040,11.00934402
int_rfo,IA,2041,11.03376942
int_rfo,IA,2042,11.18276439
int_rfo,IA,2043,11.18195021
int_rfo,IA,2044,10.83592364
int_rfo,IA,2045,10.89210207
int_rfo,IA,2046,11.10704563
int_rfo,IA,2047,11.49622375
int_rfo,IA,2048,11.51006481
int_rfo,IA,2049,11.56705742
int_rfo,IA,2050,11.82352417
int_rfo,WI,2010,5.540495934
int_rfo,WI,2011,5.540495934
int_rfo,WI,2012,5.540495934
int_rfo,WI,2013,5.540495934
int_rfo,WI,2014,5.540495934
int_rfo,WI,2015,5.540495934
int_rfo,WI,2016,5.540495934
int_rfo,WI,2017,5.540495934
int_rfo,WI,2018,5.540495934
int_rfo,WI,2019,5.540495934
int_rfo,WI,2020,5.540495934
int_rfo,WI,2021,5.540495934
int_rfo,WI,2022,5.540495934
int_rfo,WI,2023,5.540495934
int_rfo,WI,2024,5.540495934
int_rfo,WI,2025,6.498785973
int_rfo,WI,2026,6.899362608
int_rfo,WI,2027,7.771349551
int_rfo,WI,2028,8.549705776
int_rfo,WI,2029,9.392382233
int_rfo,WI,2030,10.28228114
int_rfo,WI,2031,10.21796091
int_rfo,WI,2032,10.06896594
int_rfo,WI,2033,10.42232013
int_rfo,WI,2034,10.42150595
int_rfo,WI,2035,10.58841288
int_rfo,WI,2036,10.78218775
int_rfo,WI,2037,10.91489912
int_rfo,WI,2038,10.92304092
int_rfo,WI,2039,10.95723649
int_rfo,WI,2040,11.00934402
int_rfo,WI,2041,11.03702614
int_rfo,WI,2042,11.18439275
int_rfo,WI,2043,11.18276439
int_rfo,WI,2044,10.83592364
int_rfo,WI,2045,10.89210207
int_rfo,WI,2046,11.10704563
int_rfo,WI,2047,11.49622375
int_rfo,WI,2048,11.51006481
int_rfo,WI,2049,11.56705742
int_rfo,WI,2050,11.82352417
int_rfo,TX,2010,6.470289668
int_rfo,TX,2011,6.470289668
int_rfo,TX,2012,6.470289668
int_rfo,TX,2013,6.470289668
int_rfo,TX,2014,6.470289668
int_rfo,TX,2015,6.470289668
int_rfo,TX,2016,6.470289668
int_rfo,TX,2017,6.470289668
int_rfo,TX,2018,6.470289668
int_rfo,TX,2019,6.470289668
int_rfo,TX,2020,6.470289668
int_rfo,TX,2021,6.470289668
int_rfo,TX,2022,6.470289668
int_rfo,TX,2023,6.470289668
int_rfo,TX,2024,6.470289668
int_rfo,TX,2025,7.275513838
int_rfo,TX,2026,7.668762852
int_rfo,TX,2027,8.651071205
int_rfo,TX,2028,9.632565378
int_rfo,TX,2029,10.66575999
int_rfo,TX,2030,11.73762816
int_rfo,TX,2031,11.81497528
int_rfo,TX,2032,11.73681398
int_rfo,TX,2033,11.91796906
int_rfo,TX,2034,12.01648486
int_rfo,TX,2035,12.11866447
int_rfo,TX,2036,12.16425856
int_rfo,TX,2037,12.2118881
int_rfo,TX,2038,12.34500655
int_rfo,TX,2039,12.34459946
int_rfo,TX,2040,12.41746859
int_rfo,TX,2041,12.50255041
int_rfo,TX,2042,12.61979236
int_rfo,TX,2043,12.66945735
int_rfo,TX,2044,12.56239266
int_rfo,TX,2045,12.61857109
int_rfo,TX,2046,12.83270047
int_rfo,TX,2047,13.21577223
int_rfo,TX,2048,13.22635657
int_rfo,TX,2049,13.27764992
int_rfo,TX,2050,13.52353232
int_rfo,OK,2010,7.01660455
int_rfo,OK,2011,7.01660455
int_rfo,OK,2012,7.01660455
int_rfo,OK,2013,7.01660455
int_rfo,OK,2014,7.01660455
int_rfo,OK,2015,7.01660455
int_rfo,OK,2016,7.01660455
int_rfo,OK,2017,7.01660455
int_rfo,OK,2018,7.01660455
int_rfo,OK,2019,7.01660455
int_rfo,OK,2020,7.01660455
int_rfo,OK,2021,7.01660455
int_rfo,OK,2022,7.01660455
int_rfo,OK,2023,7.01660455
int_rfo,OK,2024,7.01660455
int_rfo,OK,2025,7.82182872
int_rfo,OK,2026,8.329877135
int_rfo,OK,2027,9.389125513
int_rfo,OK,2028,10.49803888
int_rfo,OK,2029,11.64928961
int_rfo,OK,2030,12.86078968
int_rfo,OK,2031,12.92266737
int_rfo,OK,2032,12.91126885
int_rfo,OK,2033,13.13191167
int_rfo,OK,2034,13.23042747
int_rfo,OK,2035,13.35092613
int_rfo,OK,2036,13.39570604
int_rfo,OK,2037,13.44944193
int_rfo,OK,2038,13.55691371
int_rfo,OK,2039,13.5902951
int_rfo,OK,2040,13.64158845
int_rfo,OK,2041,13.66682803
int_rfo,OK,2042,13.86467381
int_rfo,OK,2043,13.85001857
int_rfo,OK,2044,13.72219228
int_rfo,OK,2045,13.77837071
int_rfo,OK,2046,13.99331427
int_rfo,OK,2047,14.38249239
int_rfo,OK,2048,14.39633345
int_rfo,OK,2049,14.45332606
int_rfo,OK,2050,14.70979281
int_rfo,KS,2010,5.560036258
int_rfo,KS,2011,5.560036258
int_rfo,KS,2012,5.560036258
int_rfo,KS,2013,5.560036258
int_rfo,KS,2014,5.560036258
int_rfo,KS,2015,5.560036258
int_rfo,KS,2016,5.560036258
int_rfo,KS,2017,5.560036258
int_rfo,KS,2018,5.560036258
int_rfo,KS,2019,5.560036258
int_rfo,KS,2020,5.560036258
int_rfo,KS,2021,5.560036258
int_rfo,KS,2022,5.560036258
int_rfo,KS,2023,5.560036258
int_rfo,KS,2024,5.560036258
int_rfo,KS,2025,6.498785973
int_rfo,KS,2026,6.898548428
int_rfo,KS,2027,7.720056201
int_rfo,KS,2028,8.51632439
int_rfo,KS,2029,9.354929946
int_rfo,KS,2030,10.25297065
int_rfo,KS,2031,10.21796091
int_rfo,KS,2032,10.06896594
int_rfo,KS,2033,10.42232013
int_rfo,KS,2034,10.42150595
int_rfo,KS,2035,10.58841288
int_rfo,KS,2036,10.76020489
int_rfo,KS,2037,10.81638332
int_rfo,KS,2038,10.92304092
int_rfo,KS,2039,10.95723649
int_rfo,KS,2040,11.00934402
int_rfo,KS,2041,11.03376942
int_rfo,KS,2042,11.18276439
int_rfo,KS,2043,11.18195021
int_rfo,KS,2044,10.83592364
int_rfo,KS,2045,10.89210207
int_rfo,KS,2046,11.10704563
int_rfo,KS,2047,11.49622375
int_rfo,KS,2048,11.51006481
int_rfo,KS,2049,11.56705742
int_rfo,KS,2050,11.82352417
int_rfo,MO,2010,5.560036258
int_rfo,MO,2011,5.560036258
int_rfo,MO,2012,5.560036258
int_rfo,MO,2013,5.560036258
int_rfo,MO,2014,5.560036258
int_rfo,MO,2015,5.560036258
int_rfo,MO,2016,5.560036258
int_rfo,MO,2017,5.560036258
int_rfo,MO,2018,5.560036258
int_rfo,MO,2019,5.560036258
int_rfo,MO,2020,5.560036258
int_rfo,MO,2021,5.560036258
int_rfo,MO,2022,5.560036258
int_rfo,MO,2023,5.560036258
int_rfo,MO,2024,5.560036258
int_rfo,MO,2025,6.498785973
int_rfo,MO,2026,6.898548428
int_rfo,MO,2027,7.720056201
int_rfo,MO,2028,8.51632439
int_rfo,MO,2029,9.354929946
int_rfo,MO,2030,10.25297065
int_rfo,MO,2031,10.21796091
int_rfo,MO,2032,10.06896594
int_rfo,MO,2033,10.42232013
int_rfo,MO,2034,10.42150595
int_rfo,MO,2035,10.58841288
int_rfo,MO,2036,10.76020489
int_rfo,MO,2037,10.81638332
int_rfo,MO,2038,10.92304092
int_rfo,MO,2039,10.95723649
int_rfo,MO,2040,11.00934402
int_rfo,MO,2041,11.03376942
int_rfo,MO,2042,11.18276439
int_rfo,MO,2043,11.18195021
int_rfo,MO,2044,10.83592364
int_rfo,MO,2045,10.89210207
int_rfo,MO,2046,11.10704563
int_rfo,MO,2047,11.49622375
int_rfo,MO,2048,11.51006481
int_rfo,MO,2049,11.56705742
int_rfo,MO,2050,11.82352417
int_rfo,AR,2010,7.01660455
int_rfo,AR,2011,7.01660455
int_rfo,AR,2012,7.01660455
int_rfo,AR,2013,7.01660455
int_rfo,AR,2014,7.01660455
int_rfo,AR,2015,7.01660455
int_rfo,AR,2016,7.01660455
int_rfo,AR,2017,7.01660455
int_rfo,AR,2018,7.01660455
int_rfo,AR,2019,7.01660455
int_rfo,AR,2020,7.01660455
int_rfo,AR,2021,7.01660455
int_rfo,AR,2022,7.01660455
int_rfo,AR,2023,7.01660455
int_rfo,AR,2024,7.01660455
int_rfo,AR,2025,7.82182872
int_rfo,AR,2026,8.329877135
int_rfo,AR,2027,9.389125513
int_rfo,AR,2028,10.49803888
int_rfo,AR,2029,11.64928961
int_rfo,AR,2030,12.86078968
int_rfo,AR,2031,12.92266737
int_rfo,AR,2032,12.91126885
int_rfo,AR,2033,13.13191167
int_rfo,AR,2034,13.23042747
int_rfo,AR,2035,13.35092613
int_rfo,AR,2036,13.39570604
int_rfo,AR,2037,13.44944193
int_rfo,AR,2038,13.55691371
int_rfo,AR,2039,13.5902951
int_rfo,AR,2040,13.64158845
int_rfo,AR,2041,13.66682803
int_rfo,AR,2042,13.86467381
int_rfo,AR,2043,13.85001857
int_rfo,AR,2044,13.72219228
int_rfo,AR,2045,13.77837071
int_rfo,AR,2046,13.99331427
int_rfo,AR,2047,14.38249239
int_rfo,AR,2048,14.39633345
int_rfo,AR,2049,14.45332606
int_rfo,AR,2050,14.70979281
int_rfo,LA,2010,7.01660455
int_rfo,LA,2011,7.01660455
int_rfo,LA,2012,7.01660455
int_rfo,LA,2013,7.01660455
int_rfo,LA,2014,7.01660455
int_rfo,LA,2015,7.01660455
int_rfo,LA,2016,7.01660455
int_rfo,LA,2017,7.01660455
int_rfo,LA,2018,7.01660455
int_rfo,LA,2019,7.01660455
int_rfo,LA,2020,7.01660455
int_rfo,LA,2021,7.01660455
int_rfo,LA,2022,7.01660455
int_rfo,LA,2023,7.01660455
int_rfo,LA,2024,7.01660455
int_rfo,LA,2025,7.82182872
int_rfo,LA,2026,8.329877135
int_rfo,LA,2027,9.389125513
int_rfo,LA,2028,10.49803888
int_rfo,LA,2029,11.64928961
int_rfo,LA,2030,12.86078968
int_rfo,LA,2031,12.92266737
int_rfo,LA,2032,12.91126885
int_rfo,LA,2033,13.13191167
int_rfo,LA,2034,13.23042747
int_rfo,LA,2035,13.35092613
int_rfo,LA,2036,13.39570604
int_rfo,LA,2037,13.44944193
int_rfo,LA,2038,13.55691371
int_rfo,LA,2039,13.5902951
int_rfo,LA,2040,13.64158845
int_rfo,LA,2041,13.66682803
int_rfo,LA,2042,13.86467381
int_rfo,LA,2043,13.85001857
int_rfo,LA,2044,13.72219228
int_rfo,LA,2045,13.77837071
int_rfo,LA,2046,13.99331427
int_rfo,LA,2047,14.38249239
int_rfo,LA,2048,14.39633345
int_rfo,LA,2049,14.45332606
int_rfo,LA,2050,14.70979281
int_rfo,MI,2010,5.540495934
int_rfo,MI,2011,5.540495934
int_rfo,MI,2012,5.540495934
int_rfo,MI,2013,5.540495934
int_rfo,MI,2014,5.540495934
int_rfo,MI,2015,5.540495934
int_rfo,MI,2016,5.540495934
int_rfo,MI,2017,5.540495934
int_rfo,MI,2018,5.540495934
int_rfo,MI,2019,5.540495934
int_rfo,MI,2020,5.540495934
int_rfo,MI,2021,5.540495934
int_rfo,MI,2022,5.540495934
int_rfo,MI,2023,5.540495934
int_rfo,MI,2024,5.540495934
int_rfo,MI,2025,6.498785973
int_rfo,MI,2026,6.899362608
int_rfo,MI,2027,7.771349551
int_rfo,MI,2028,8.549705776
int_rfo,MI,2029,9.392382233
int_rfo,MI,2030,10.28228114
int_rfo,MI,2031,10.21796091
int_rfo,MI,2032,10.06896594
int_rfo,MI,2033,10.42232013
int_rfo,MI,2034,10.42150595
int_rfo,MI,2035,10.58841288
int_rfo,MI,2036,10.78218775
int_rfo,MI,2037,10.91489912
int_rfo,MI,2038,10.92304092
int_rfo,MI,2039,10.95723649
int_rfo,MI,2040,11.00934402
int_rfo,MI,2041,11.03702614
int_rfo,MI,2042,11.18439275
int_rfo,MI,2043,11.18276439
int_rfo,MI,2044,10.83592364
int_rfo,MI,2045,10.89210207
int_rfo,MI,2046,11.10704563
int_rfo,MI,2047,11.49622375
int_rfo,MI,2048,11.51006481
int_rfo,MI,2049,11.56705742
int_rfo,MI,2050,11.82352417
int_rfo,IL,2010,5.540495934
int_rfo,IL,2011,5.540495934
int_rfo,IL,2012,5.540495934
int_rfo,IL,2013,5.540495934
int_rfo,IL,2014,5.540495934
int_rfo,IL,2015,5.540495934
int_rfo,IL,2016,5.540495934
int_rfo,IL,2017,5.540495934
int_rfo,IL,2018,5.540495934
int_rfo,IL,2019,5.540495934
int_rfo,IL,2020,5.540495934
int_rfo,IL,2021,5.540495934
int_rfo,IL,2022,5.540495934
int_rfo,IL,2023,5.540495934
int_rfo,IL,2024,5.540495934
int_rfo,IL,2025,6.498785973
int_rfo,IL,2026,6.899362608
int_rfo,IL,2027,7.771349551
int_rfo,IL,2028,8.549705776
int_rfo,IL,2029,9.392382233
int_rfo,IL,2030,10.28228114
int_rfo,IL,2031,10.21796091
int_rfo,IL,2032,10.06896594
int_rfo,IL,2033,10.42232013
int_rfo,IL,2034,10.42150595
int_rfo,IL,2035,10.58841288
int_rfo,IL,2036,10.78218775
int_rfo,IL,2037,10.91489912
int_rfo,IL,2038,10.92304092
int_rfo,IL,2039,10.95723649
int_rfo,IL,2040,11.00934402
int_rfo,IL,2041,11.03702614
int_rfo,IL,2042,11.18439275
int_rfo,IL,2043,11.18276439
int_rfo,IL,2044,10.83592364
int_rfo,IL,2045,10.89210207
int_rfo,IL,2046,11.10704563
int_rfo,IL,2047,11.49622375
int_rfo,IL,2048,11.51006481
int_rfo,IL,2049,11.56705742
int_rfo,IL,2050,11.82352417
int_rfo,MS,2010,6.633125698
int_rfo,MS,2011,6.633125698
int_rfo,MS,2012,6.633125698
int_rfo,MS,2013,6.633125698
int_rfo,MS,2014,6.633125698
int_rfo,MS,2015,6.633125698
int_rfo,MS,2016,6.633125698
int_rfo,MS,2017,6.633125698
int_rfo,MS,2018,6.633125698
int_rfo,MS,2019,6.633125698
int_rfo,MS,2020,6.633125698
int_rfo,MS,2021,6.633125698
int_rfo,MS,2022,6.633125698
int_rfo,MS,2023,6.633125698
int_rfo,MS,2024,6.633125698
int_rfo,MS,2025,7.419623725
int_rfo,MS,2026,7.905689276
int_rfo,MS,2027,8.917715205
int_rfo,MS,2028,9.979406123
int_rfo,MS,2029,11.08262023
int_rfo,MS,2030,12.24689785
int_rfo,MS,2031,12.30877554
int_rfo,MS,2032,12.29249193
int_rfo,MS,2033,12.49278025
int_rfo,MS,2034,12.59129605
int_rfo,MS,2035,12.71179471
int_rfo,MS,2036,12.75657462
int_rfo,MS,2037,12.81031051
int_rfo,MS,2038,12.91778229
int_rfo,MS,2039,12.95116368
int_rfo,MS,2040,13.00245703
int_rfo,MS,2041,13.02769661
int_rfo,MS,2042,13.22554239
int_rfo,MS,2043,13.21088715
int_rfo,MS,2044,13.08306086
int_rfo,MS,2045,13.13923929
int_rfo,MS,2046,13.35418285
int_rfo,MS,2047,13.74336097
int_rfo,MS,2048,13.75720203
int_rfo,MS,2049,13.81500882
int_rfo,MS,2050,14.07066139
int_rfo,AL,2010,6.633125698
int_rfo,AL,2011,6.633125698
int_rfo,AL,2012,6.633125698
int_rfo,AL,2013,6.633125698
int_rfo,AL,2014,6.633125698
int_rfo,AL,2015,6.633125698
int_rfo,AL,2016,6.633125698
int_rfo,AL,2017,6.633125698
int_rfo,AL,2018,6.633125698
int_rfo,AL,2019,6.633125698
int_rfo,AL,2020,6.633125698
int_rfo,AL,2021,6.633125698
int_rfo,AL,2022,6.633125698
int_rfo,AL,2023,6.633125698
int_rfo,AL,2024,6.633125698
int_rfo,AL,2025,7.419623725
int_rfo,AL,2026,7.905689276
int_rfo,AL,2027,8.917715205
int_rfo,AL,2028,9.979406123
int_rfo,AL,2029,11.08262023
int_rfo,AL,2030,12.24689785
int_rfo,AL,2031,12.30877554
int_rfo,AL,2032,12.29249193
int_rfo,AL,2033,12.49278025
int_rfo,AL,2034,12.59129605
int_rfo,AL,2035,12.71179471
int_rfo,AL,2036,12.75657462
int_rfo,AL,2037,12.81031051
int_rfo,AL,2038,12.91778229
int_rfo,AL,2039,12.95116368
int_rfo,AL,2040,13.00245703
int_rfo,AL,2041,13.02769661
int_rfo,AL,2042,13.22554239
int_rfo,AL,2043,13.21088715
int_rfo,AL,2044,13.08306086
int_rfo,AL,2045,13.13923929
int_rfo,AL,2046,13.35418285
int_rfo,AL,2047,13.74336097
int_rfo,AL,2048,13.75720203
int_rfo,AL,2049,13.81500882
int_rfo,AL,2050,14.07066139
int_rfo,FL,2010,6.307453637
int_rfo,FL,2011,6.307453637
int_rfo,FL,2012,6.307453637
int_rfo,FL,2013,6.307453637
int_rfo,FL,2014,6.307453637
int_rfo,FL,2015,6.307453637
int_rfo,FL,2016,6.307453637
int_rfo,FL,2017,6.307453637
int_rfo,FL,2018,6.307453637
int_rfo,FL,2019,6.307453637
int_rfo,FL,2020,6.307453637
int_rfo,FL,2021,6.307453637
int_rfo,FL,2022,6.307453637
int_rfo,FL,2023,6.307453637
int_rfo,FL,2024,6.307453637
int_rfo,FL,2025,7.093137484
int_rfo,FL,2026,7.517325343
int_rfo,FL,2027,8.466659401
int_rfo,FL,2028,9.465658447
int_rfo,FL,2029,10.50699486
int_rfo,FL,2030,11.60858061
int_rfo,FL,2031,11.6704583
int_rfo,FL,2032,11.6541747
int_rfo,FL,2033,11.85446301
int_rfo,FL,2034,11.95297881
int_rfo,FL,2035,12.07347747
int_rfo,FL,2036,12.11825738
int_rfo,FL,2037,12.17199327
int_rfo,FL,2038,12.27946505
int_rfo,FL,2039,12.31284644
int_rfo,FL,2040,12.36495397
int_rfo,FL,2041,12.38937937
int_rfo,FL,2042,12.58722515
int_rfo,FL,2043,12.57338409
int_rfo,FL,2044,12.44474362
int_rfo,FL,2045,12.50092205
int_rfo,FL,2046,12.71586561
int_rfo,FL,2047,13.10504373
int_rfo,FL,2048,13.11888479
int_rfo,FL,2049,13.17669158
int_rfo,FL,2050,13.43234415
int_rfo,TN,2010,6.633125698
int_rfo,TN,2011,6.633125698
int_rfo,TN,2012,6.633125698
int_rfo,TN,2013,6.633125698
int_rfo,TN,2014,6.633125698
int_rfo,TN,2015,6.633125698
int_rfo,TN,2016,6.633125698
int_rfo,TN,2017,6.633125698
int_rfo,TN,2018,6.633125698
int_rfo,TN,2019,6.633125698
int_rfo,TN,2020,6.633125698
int_rfo,TN,2021,6.633125698
int_rfo,TN,2022,6.633125698
int_rfo,TN,2023,6.633125698
int_rfo,TN,2024,6.633125698
int_rfo,TN,2025,7.419623725
int_rfo,TN,2026,7.905689276
int_rfo,TN,2027,8.917715205
int_rfo,TN,2028,9.979406123
int_rfo,TN,2029,11.08262023
int_rfo,TN,2030,12.24689785
int_rfo,TN,2031,12.30877554
int_rfo,TN,2032,12.29249193
int_rfo,TN,2033,12.49278025
int_rfo,TN,2034,12.59129605
int_rfo,TN,2035,12.71179471
int_rfo,TN,2036,12.75657462
int_rfo,TN,2037,12.81031051
int_rfo,TN,2038,12.91778229
int_rfo,TN,2039,12.95116368
int_rfo,TN,2040,13.00245703
int_rfo,TN,2041,13.02769661
int_rfo,TN,2042,13.22554239
int_rfo,TN,2043,13.21088715
int_rfo,TN,2044,13.08306086
int_rfo,TN,2045,13.13923929
int_rfo,TN,2046,13.35418285
int_rfo,TN,2047,13.74336097
int_rfo,TN,2048,13.75720203
int_rfo,TN,2049,13.81500882
int_rfo,TN,2050,14.07066139
int_rfo,KY,2010,6.633125698
int_rfo,KY,2011,6.633125698
int_rfo,KY,2012,6.633125698
int_rfo,KY,2013,6.633125698
int_rfo,KY,2014,6.633125698
int_rfo,KY,2015,6.633125698
int_rfo,KY,2016,6.633125698
int_rfo,KY,2017,6.633125698
int_rfo,KY,2018,6.633125698
int_rfo,KY,2019,6.633125698
int_rfo,KY,2020,6.633125698
int_rfo,KY,2021,6.633125698
int_rfo,KY,2022,6.633125698
int_rfo,KY,2023,6.633125698
int_rfo,KY,2024,6.633125698
int_rfo,KY,2025,7.419623725
int_rfo,KY,2026,7.905689276
int_rfo,KY,2027,8.917715205
int_rfo,KY,2028,9.979406123
int_rfo,KY,2029,11.08262023
int_rfo,KY,2030,12.24689785
int_rfo,KY,2031,12.30877554
int_rfo,KY,2032,12.29249193
int_rfo,KY,2033,12.49278025
int_rfo,KY,2034,12.59129605
int_rfo,KY,2035,12.71179471
int_rfo,KY,2036,12.75657462
int_rfo,KY,2037,12.81031051
int_rfo,KY,2038,12.91778229
int_rfo,KY,2039,12.95116368
int_rfo,KY,2040,13.00245703
int_rfo,KY,2041,13.02769661
int_rfo,KY,2042,13.22554239
int_rfo,KY,2043,13.21088715
int_rfo,KY,2044,13.08306086
int_rfo,KY,2045,13.13923929
int_rfo,KY,2046,13.35418285
int_rfo,KY,2047,13.74336097
int_rfo,KY,2048,13.75720203
int_rfo,KY,2049,13.81500882
int_rfo,KY,2050,14.07066139
int_rfo,GA,2010,6.307453637
int_rfo,GA,2011,6.307453637
int_rfo,GA,2012,6.307453637
int_rfo,GA,2013,6.307453637
int_rfo,GA,2014,6.307453637
int_rfo,GA,2015,6.307453637
int_rfo,GA,2016,6.307453637
int_rfo,GA,2017,6.307453637
int_rfo,GA,2018,6.307453637
int_rfo,GA,2019,6.307453637
int_rfo,GA,2020,6.307453637
int_rfo,GA,2021,6.307453637
int_rfo,GA,2022,6.307453637
int_rfo,GA,2023,6.307453637
int_rfo,GA,2024,6.307453637
int_rfo,GA,2025,7.093137484
int_rfo,GA,2026,7.517325343
int_rfo,GA,2027,8.466659401
int_rfo,GA,2028,9.465658447
int_rfo,GA,2029,10.50699486
int_rfo,GA,2030,11.60858061
int_rfo,GA,2031,11.6704583
int_rfo,GA,2032,11.6541747
int_rfo,GA,2033,11.85446301
int_rfo,GA,2034,11.95297881
int_rfo,GA,2035,12.07347747
int_rfo,GA,2036,12.11825738
int_rfo,GA,2037,12.17199327
int_rfo,GA,2038,12.27946505
int_rfo,GA,2039,12.31284644
int_rfo,GA,2040,12.36495397
int_rfo,GA,2041,12.38937937
int_rfo,GA,2042,12.58722515
int_rfo,GA,2043,12.57338409
int_rfo,GA,2044,12.44474362
int_rfo,GA,2045,12.50092205
int_rfo,GA,2046,12.71586561
int_rfo,GA,2047,13.10504373
int_rfo,GA,2048,13.11888479
int_rfo,GA,2049,13.17669158
int_rfo,GA,2050,13.43234415
int_rfo,SC,2010,6.307453637
int_rfo,SC,2011,6.307453637
int_rfo,SC,2012,6.307453637
int_rfo,SC,2013,6.307453637
int_rfo,SC,2014,6.307453637
int_rfo,SC,2015,6.307453637
int_rfo,SC,2016,6.307453637
int_rfo,SC,2017,6.307453637
int_rfo,SC,2018,6.307453637
int_rfo,SC,2019,6.307453637
int_rfo,SC,2020,6.307453637
int_rfo,SC,2021,6.307453637
int_rfo,SC,2022,6.307453637
int_rfo,SC,2023,6.307453637
int_rfo,SC,2024,6.307453637
int_rfo,SC,2025,7.093137484
int_rfo,SC,2026,7.517325343
int_rfo,SC,2027,8.466659401
int_rfo,SC,2028,9.465658447
int_rfo,SC,2029,10.50699486
int_rfo,SC,2030,11.60858061
int_rfo,SC,2031,11.6704583
int_rfo,SC,2032,11.6541747
int_rfo,SC,2033,11.85446301
int_rfo,SC,2034,11.95297881
int_rfo,SC,2035,12.07347747
int_rfo,SC,2036,12.11825738
int_rfo,SC,2037,12.17199327
int_rfo,SC,2038,12.27946505
int_rfo,SC,2039,12.31284644
int_rfo,SC,2040,12.36495397
int_rfo,SC,2041,12.38937937
int_rfo,SC,2042,12.58722515
int_rfo,SC,2043,12.57338409
int_rfo,SC,2044,12.44474362
int_rfo,SC,2045,12.50092205
int_rfo,SC,2046,12.71586561
int_rfo,SC,2047,13.10504373
int_rfo,SC,2048,13.11888479
int_rfo,SC,2049,13.17669158
int_rfo,SC,2050,13.43234415
int_rfo,NC,2010,6.307453637
int_rfo,NC,2011,6.307453637
int_rfo,NC,2012,6.307453637
int_rfo,NC,2013,6.307453637
int_rfo,NC,2014,6.307453637
int_rfo,NC,2015,6.307453637
int_rfo,NC,2016,6.307453637
int_rfo,NC,2017,6.307453637
int_rfo,NC,2018,6.307453637
int_rfo,NC,2019,6.307453637
int_rfo,NC,2020,6.307453637
int_rfo,NC,2021,6.307453637
int_rfo,NC,2022,6.307453637
int_rfo,NC,2023,6.307453637
int_rfo,NC,2024,6.307453637
int_rfo,NC,2025,7.093137484
int_rfo,NC,2026,7.517325343
int_rfo,NC,2027,8.466659401
int_rfo,NC,2028,9.465658447
int_rfo,NC,2029,10.50699486
int_rfo,NC,2030,11.60858061
int_rfo,NC,2031,11.6704583
int_rfo,NC,2032,11.6541747
int_rfo,NC,2033,11.85446301
int_rfo,NC,2034,11.95297881
int_rfo,NC,2035,12.07347747
int_rfo,NC,2036,12.11825738
int_rfo,NC,2037,12.17199327
int_rfo,NC,2038,12.27946505
int_rfo,NC,2039,12.31284644
int_rfo,NC,2040,12.36495397
int_rfo,NC,2041,12.38937937
int_rfo,NC,2042,12.58722515
int_rfo,NC,2043,12.57338409
int_rfo,NC,2044,12.44474362
int_rfo,NC,2045,12.50092205
int_rfo,NC,2046,12.71586561
int_rfo,NC,2047,13.10504373
int_rfo,NC,2048,13.11888479
int_rfo,NC,2049,13.17669158
int_rfo,NC,2050,13.43234415
int_rfo,VA,2010,6.307453637
int_rfo,VA,2011,6.307453637
int_rfo,VA,2012,6.307453637
int_rfo,VA,2013,6.307453637
int_rfo,VA,2014,6.307453637
int_rfo,VA,2015,6.307453637
int_rfo,VA,2016,6.307453637
int_rfo,VA,2017,6.307453637
int_rfo,VA,2018,6.307453637
int_rfo,VA,2019,6.307453637
int_rfo,VA,2020,6.307453637
int_rfo,VA,2021,6.307453637
int_rfo,VA,2022,6.307453637
int_rfo,VA,2023,6.307453637
int_rfo,VA,2024,6.307453637
int_rfo,VA,2025,7.093137484
int_rfo,VA,2026,7.517325343
int_rfo,VA,2027,8.466659401
int_rfo,VA,2028,9.465658447
int_rfo,VA,2029,10.50699486
int_rfo,VA,2030,11.60858061
int_rfo,VA,2031,11.6704583
int_rfo,VA,2032,11.6541747
int_rfo,VA,2033,11.85446301
int_rfo,VA,2034,11.95297881
int_rfo,VA,2035,12.07347747
int_rfo,VA,2036,12.11825738
int_rfo,VA,2037,12.17199327
int_rfo,VA,2038,12.27946505
int_rfo,VA,2039,12.31284644
int_rfo,VA,2040,12.36495397
int_rfo,VA,2041,12.38937937
int_rfo,VA,2042,12.58722515
int_rfo,VA,2043,12.57338409
int_rfo,VA,2044,12.44474362
int_rfo,VA,2045,12.50092205
int_rfo,VA,2046,12.71586561
int_rfo,VA,2047,13.10504373
int_rfo,VA,2048,13.11888479
int_rfo,VA,2049,13.17669158
int_rfo,VA,2050,13.43234415
int_rfo,IN,2010,5.540495934
int_rfo,IN,2011,5.540495934
int_rfo,IN,2012,5.540495934
int_rfo,IN,2013,5.540495934
int_rfo,IN,2014,5.540495934
int_rfo,IN,2015,5.540495934
int_rfo,IN,2016,5.540495934
int_rfo,IN,2017,5.540495934
int_rfo,IN,2018,5.540495934
int_rfo,IN,2019,5.540495934
int_rfo,IN,2020,5.540495934
int_rfo,IN,2021,5.540495934
int_rfo,IN,2022,5.540495934
int_rfo,IN,2023,5.540495934
int_rfo,IN,2024,5.540495934
int_rfo,IN,2025,6.498785973
int_rfo,IN,2026,6.899362608
int_rfo,IN,2027,7.771349551
int_rfo,IN,2028,8.549705776
int_rfo,IN,2029,9.392382233
int_rfo,IN,2030,10.28228114
int_rfo,IN,2031,10.21796091
int_rfo,IN,2032,10.06896594
int_rfo,IN,2033,10.42232013
int_rfo,IN,2034,10.42150595
int_rfo,IN,2035,10.58841288
int_rfo,IN,2036,10.78218775
int_rfo,IN,2037,10.91489912
int_rfo,IN,2038,10.92304092
int_rfo,IN,2039,10.95723649
int_rfo,IN,2040,11.00934402
int_rfo,IN,2041,11.03702614
int_rfo,IN,2042,11.18439275
int_rfo,IN,2043,11.18276439
int_rfo,IN,2044,10.83592364
int_rfo,IN,2045,10.89210207
int_rfo,IN,2046,11.10704563
int_rfo,IN,2047,11.49622375
int_rfo,IN,2048,11.51006481
int_rfo,IN,2049,11.56705742
int_rfo,IN,2050,11.82352417
int_rfo,OH,2010,5.540495934
int_rfo,OH,2011,5.540495934
int_rfo,OH,2012,5.540495934
int_rfo,OH,2013,5.540495934
int_rfo,OH,2014,5.540495934
int_rfo,OH,2015,5.540495934
int_rfo,OH,2016,5.540495934
int_rfo,OH,2017,5.540495934
int_rfo,OH,2018,5.540495934
int_rfo,OH,2019,5.540495934
int_rfo,OH,2020,5.540495934
int_rfo,OH,2021,5.540495934
int_rfo,OH,2022,5.540495934
int_rfo,OH,2023,5.540495934
int_rfo,OH,2024,5.540495934
int_rfo,OH,2025,6.498785973
int_rfo,OH,2026,6.899362608
int_rfo,OH,2027,7.771349551
int_rfo,OH,2028,8.549705776
int_rfo,OH,2029,9.392382233
int_rfo,OH,2030,10.28228114
int_rfo,OH,2031,10.21796091
int_rfo,OH,2032,10.06896594
int_rfo,OH,2033,10.42232013
int_rfo,OH,2034,10.42150595
int_rfo,OH,2035,10.58841288
int_rfo,OH,2036,10.78218775
int_rfo,OH,2037,10.91489912
int_rfo,OH,2038,10.92304092
int_rfo,OH,2039,10.95723649
int_rfo,OH,2040,11.00934402
int_rfo,OH,2041,11.03702614
int_rfo,OH,2042,11.18439275
int_rfo,OH,2043,11.18276439
int_rfo,OH,2044,10.83592364
int_rfo,OH,2045,10.89210207
int_rfo,OH,2046,11.10704563
int_rfo,OH,2047,11.49622375
int_rfo,OH,2048,11.51006481
int_rfo,OH,2049,11.56705742
int_rfo,OH,2050,11.82352417
int_rfo,PA,2010,5.233550017
int_rfo,PA,2011,5.233550017
int_rfo,PA,2012,5.233550017
int_rfo,PA,2013,5.233550017
int_rfo,PA,2014,5.233550017
int_rfo,PA,2015,5.233550017
int_rfo,PA,2016,5.233550017
int_rfo,PA,2017,5.233550017
int_rfo,PA,2018,5.233550017
int_rfo,PA,2019,5.233550017
int_rfo,PA,2020,5.233550017
int_rfo,PA,2021,5.233550017
int_rfo,PA,2022,5.233550017
int_rfo,PA,2023,5.233550017
int_rfo,PA,2024,5.233550017
int_rfo,PA,2025,6.00050772
int_rfo,PA,2026,6.252089387
int_rfo,PA,2027,7.028817252
int_rfo,PA,2028,7.855210107
int_rfo,PA,2029,8.723940329
int_rfo,PA,2030,9.653734062
int_rfo,PA,2031,9.715611754
int_rfo,PA,2032,9.699328151
int_rfo,PA,2033,9.898802288
int_rfo,PA,2034,9.997318086
int_rfo,PA,2035,10.11781675
int_rfo,PA,2036,10.16259666
int_rfo,PA,2037,10.21633255
int_rfo,PA,2038,10.32461851
int_rfo,PA,2039,10.35799989
int_rfo,PA,2040,10.40929324
int_rfo,PA,2041,10.43371865
int_rfo,PA,2042,10.63156442
int_rfo,PA,2043,10.61772336
int_rfo,PA,2044,10.4890829
int_rfo,PA,2045,10.54526133
int_rfo,PA,2046,10.76020489
int_rfo,PA,2047,11.149383
int_rfo,PA,2048,11.16403824
int_rfo,PA,2049,11.22103085
int_rfo,PA,2050,11.47668342
int_rfo,WV,2010,6.307453637
int_rfo,WV,2011,6.307453637
int_rfo,WV,2012,6.307453637
int_rfo,WV,2013,6.307453637
int_rfo,WV,2014,6.307453637
int_rfo,WV,2015,6.307453637
int_rfo,WV,2016,6.307453637
int_rfo,WV,2017,6.307453637
int_rfo,WV,2018,6.307453637
int_rfo,WV,2019,6.307453637
int_rfo,WV,2020,6.307453637
int_rfo,WV,2021,6.307453637
int_rfo,WV,2022,6.307453637
int_rfo,WV,2023,6.307453637
int_rfo,WV,2024,6.307453637
int_rfo,WV,2025,7.093137484
int_rfo,WV,2026,7.517325343
int_rfo,WV,2027,8.466659401
int_rfo,WV,2028,9.465658447
int_rfo,WV,2029,10.50699486
int_rfo,WV,2030,11.60858061
int_rfo,WV,2031,11.6704583
int_rfo,WV,2032,11.6541747
int_rfo,WV,2033,11.85446301
int_rfo,WV,2034,11.95297881
int_rfo,WV,2035,12.07347747
int_rfo,WV,2036,12.11825738
int_rfo,WV,2037,12.17199327
int_rfo,WV,2038,12.27946505
int_rfo,WV,2039,12.31284644
int_rfo,WV,2040,12.36495397
int_rfo,WV,2041,12.38937937
int_rfo,WV,2042,12.58722515
int_rfo,WV,2043,12.57338409
int_rfo,WV,2044,12.44474362
int_rfo,WV,2045,12.50092205
int_rfo,WV,2046,12.71586561
int_rfo,WV,2047,13.10504373
int_rfo,WV,2048,13.11888479
int_rfo,WV,2049,13.17669158
int_rfo,WV,2050,13.43234415
int_rfo,MD,2010,6.307453637
int_rfo,MD,2011,6.307453637
int_rfo,MD,2012,6.307453637
int_rfo,MD,2013,6.307453637
int_rfo,MD,2014,6.307453637
int_rfo,MD,2015,6.307453637
int_rfo,MD,2016,6.307453637
int_rfo,MD,2017,6.307453637
int_rfo,MD,2018,6.307453637
int_rfo,MD,2019,6.307453637
int_rfo,MD,2020,6.307453637
int_rfo,MD,2021,6.307453637
int_rfo,MD,2022,6.307453637
int_rfo,MD,2023,6.307453637
int_rfo,MD,2024,6.307453637
int_rfo,MD,2025,7.093137484
int_rfo,MD,2026,7.517325343
int_rfo,MD,2027,8.466659401
int_rfo,MD,2028,9.465658447
int_rfo,MD,2029,10.50699486
int_rfo,MD,2030,11.60858061
int_rfo,MD,2031,11.6704583
int_rfo,MD,2032,11.6541747
int_rfo,MD,2033,11.85446301
int_rfo,MD,2034,11.95297881
int_rfo,MD,2035,12.07347747
int_rfo,MD,2036,12.11825738
int_rfo,MD,2037,12.17199327
int_rfo,MD,2038,12.27946505
int_rfo,MD,2039,12.31284644
int_rfo,MD,2040,12.36495397
int_rfo,MD,2041,12.38937937
int_rfo,MD,2042,12.58722515
int_rfo,MD,2043,12.57338409
int_rfo,MD,2044,12.44474362
int_rfo,MD,2045,12.50092205
int_rfo,MD,2046,12.71586561
int_rfo,MD,2047,13.10504373
int_rfo,MD,2048,13.11888479
int_rfo,MD,2049,13.17669158
int_rfo,MD,2050,13.43234415
int_rfo,DE,2010,6.307453637
int_rfo,DE,2011,6.307453637
int_rfo,DE,2012,6.307453637
int_rfo,DE,2013,6.307453637
int_rfo,DE,2014,6.307453637
int_rfo,DE,2015,6.307453637
int_rfo,DE,2016,6.307453637
int_rfo,DE,2017,6.307453637
int_rfo,DE,2018,6.307453637
int_rfo,DE,2019,6.307453637
int_rfo,DE,2020,6.307453637
int_rfo,DE,2021,6.307453637
int_rfo,DE,2022,6.307453637
int_rfo,DE,2023,6.307453637
int_rfo,DE,2024,6.307453637
int_rfo,DE,2025,7.093137484
int_rfo,DE,2026,7.517325343
int_rfo,DE,2027,8.466659401
int_rfo,DE,2028,9.465658447
int_rfo,DE,2029,10.50699486
int_rfo,DE,2030,11.60858061
int_rfo,DE,2031,11.6704583
int_rfo,DE,2032,11.6541747
int_rfo,DE,2033,11.85446301
int_rfo,DE,2034,11.95297881
int_rfo,DE,2035,12.07347747
int_rfo,DE,2036,12.11825738
int_rfo,DE,2037,12.17199327
int_rfo,DE,2038,12.27946505
int_rfo,DE,2039,12.31284644
int_rfo,DE,2040,12.36495397
int_rfo,DE,2041,12.38937937
int_rfo,DE,2042,12.58722515
int_rfo,DE,2043,12.57338409
int_rfo,DE,2044,12.44474362
int_rfo,DE,2045,12.50092205
int_rfo,DE,2046,12.71586561
int_rfo,DE,2047,13.10504373
int_rfo,DE,2048,13.11888479
int_rfo,DE,2049,13.17669158
int_rfo,DE,2050,13.43234415
int_rfo,NJ,2010,5.233550017
int_rfo,NJ,2011,5.233550017
int_rfo,NJ,2012,5.233550017
int_rfo,NJ,2013,5.233550017
int_rfo,NJ,2014,5.233550017
int_rfo,NJ,2015,5.233550017
int_rfo,NJ,2016,5.233550017
int_rfo,NJ,2017,5.233550017
int_rfo,NJ,2018,5.233550017
int_rfo,NJ,2019,5.233550017
int_rfo,NJ,2020,5.233550017
int_rfo,NJ,2021,5.233550017
int_rfo,NJ,2022,5.233550017
int_rfo,NJ,2023,5.233550017
int_rfo,NJ,2024,5.233550017
int_rfo,NJ,2025,6.00050772
int_rfo,NJ,2026,6.252089387
int_rfo,NJ,2027,7.028817252
int_rfo,NJ,2028,7.855210107
int_rfo,NJ,2029,8.723940329
int_rfo,NJ,2030,9.653734062
int_rfo,NJ,2031,9.715611754
int_rfo,NJ,2032,9.699328151
int_rfo,NJ,2033,9.898802288
int_rfo,NJ,2034,9.997318086
int_rfo,NJ,2035,10.11781675
int_rfo,NJ,2036,10.16259666
int_rfo,NJ,2037,10.21633255
int_rfo,NJ,2038,10.32461851
int_rfo,NJ,2039,10.35799989
int_rfo,NJ,2040,10.40929324
int_rfo,NJ,2041,10.43371865
int_rfo,NJ,2042,10.63156442
int_rfo,NJ,2043,10.61772336
int_rfo,NJ,2044,10.4890829
int_rfo,NJ,2045,10.54526133
int_rfo,NJ,2046,10.76020489
int_rfo,NJ,2047,11.149383
int_rfo,NJ,2048,11.16403824
int_rfo,NJ,2049,11.22103085
int_rfo,NJ,2050,11.47668342
int_rfo,NY,2010,5.233550017
int_rfo,NY,2011,5.233550017
int_rfo,NY,2012,5.233550017
int_rfo,NY,2013,5.233550017
int_rfo,NY,2014,5.233550017
int_rfo,NY,2015,5.233550017
int_rfo,NY,2016,5.233550017
int_rfo,NY,2017,5.233550017
int_rfo,NY,2018,5.233550017
int_rfo,NY,2019,5.233550017
int_rfo,NY,2020,5.233550017
int_rfo,NY,2021,5.233550017
int_rfo,NY,2022,5.233550017
int_rfo,NY,2023,5.233550017
int_rfo,NY,2024,5.233550017
int_rfo,NY,2025,6.00050772
int_rfo,NY,2026,6.252089387
int_rfo,NY,2027,7.028817252
int_rfo,NY,2028,7.855210107
int_rfo,NY,2029,8.723940329
int_rfo,NY,2030,9.653734062
int_rfo,NY,2031,9.715611754
int_rfo,NY,2032,9.699328151
int_rfo,NY,2033,9.898802288
int_rfo,NY,2034,9.997318086
int_rfo,NY,2035,10.11781675
int_rfo,NY,2036,10.16259666
int_rfo,NY,2037,10.21633255
int_rfo,NY,2038,10.32461851
int_rfo,NY,2039,10.35799989
int_rfo,NY,2040,10.40929324
int_rfo,NY,2041,10.43371865
int_rfo,NY,2042,10.63156442
int_rfo,NY,2043,10.61772336
int_rfo,NY,2044,10.4890829
int_rfo,NY,2045,10.54526133
int_rfo,NY,2046,10.76020489
int_rfo,NY,2047,11.149383
int_rfo,NY,2048,11.16403824
int_rfo,NY,2049,11.22103085
int_rfo,NY,2050,11.47668342
int_rfo,VT,2010,5.540495934
int_rfo,VT,2011,5.540495934
int_rfo,VT,2012,5.540495934
int_rfo,VT,2013,5.540495934
int_rfo,VT,2014,5.540495934
int_rfo,VT,2015,5.540495934
int_rfo,VT,2016,5.540495934
int_rfo,VT,2017,5.540495934
int_rfo,VT,2018,5.540495934
int_rfo,VT,2019,5.540495934
int_rfo,VT,2020,5.540495934
int_rfo,VT,2021,5.540495934
int_rfo,VT,2022,5.540495934
int_rfo,VT,2023,5.540495934
int_rfo,VT,2024,5.540495934
int_rfo,VT,2025,6.326179781
int_rfo,VT,2026,6.628240617
int_rfo,VT,2027,7.454633472
int_rfo,VT,2028,8.330691315
int_rfo,VT,2029,9.249900707
int_rfo,VT,2030,10.22854525
int_rfo,VT,2031,10.29042294
int_rfo,VT,2032,10.27413934
int_rfo,VT,2033,10.47442766
int_rfo,VT,2034,10.57294345
int_rfo,VT,2035,10.69262794
int_rfo,VT,2036,10.73740784
int_rfo,VT,2037,10.79195791
int_rfo,VT,2038,10.89942969
int_rfo,VT,2039,10.93281108
int_rfo,VT,2040,10.98410443
int_rfo,VT,2041,11.00934402
int_rfo,VT,2042,11.20637561
int_rfo,VT,2043,11.19253455
int_rfo,VT,2044,11.06470827
int_rfo,VT,2045,11.1208867
int_rfo,VT,2046,11.33583026
int_rfo,VT,2047,11.72500837
int_rfo,VT,2048,11.73884943
int_rfo,VT,2049,11.79584204
int_rfo,VT,2050,12.05149461
int_rfo,NH,2010,5.540495934
int_rfo,NH,2011,5.540495934
int_rfo,NH,2012,5.540495934
int_rfo,NH,2013,5.540495934
int_rfo,NH,2014,5.540495934
int_rfo,NH,2015,5.540495934
int_rfo,NH,2016,5.540495934
int_rfo,NH,2017,5.540495934
int_rfo,NH,2018,5.540495934
int_rfo,NH,2019,5.540495934
int_rfo,NH,2020,5.540495934
int_rfo,NH,2021,5.540495934
int_rfo,NH,2022,5.540495934
int_rfo,NH,2023,5.540495934
int_rfo,NH,2024,5.540495934
int_rfo,NH,2025,6.326179781
int_rfo,NH,2026,6.628240617
int_rfo,NH,2027,7.454633472
int_rfo,NH,2028,8.330691315
int_rfo,NH,2029,9.249900707
int_rfo,NH,2030,10.22854525
int_rfo,NH,2031,10.29042294
int_rfo,NH,2032,10.27413934
int_rfo,NH,2033,10.47442766
int_rfo,NH,2034,10.57294345
int_rfo,NH,2035,10.69262794
int_rfo,NH,2036,10.73740784
int_rfo,NH,2037,10.79195791
int_rfo,NH,2038,10.89942969
int_rfo,NH,2039,10.93281108
int_rfo,NH,2040,10.98410443
int_rfo,NH,2041,11.00934402
int_rfo,NH,2042,11.20637561
int_rfo,NH,2043,11.19253455
int_rfo,NH,2044,11.06470827
int_rfo,NH,2045,11.1208867
int_rfo,NH,2046,11.33583026
int_rfo,NH,2047,11.72500837
int_rfo,NH,2048,11.73884943
int_rfo,NH,2049,11.79584204
int_rfo,NH,2050,12.05149461
int_rfo,MA,2010,5.540495934
int_rfo,MA,2011,5.540495934
int_rfo,MA,2012,5.540495934
int_rfo,MA,2013,5.540495934
int_rfo,MA,2014,5.540495934
int_rfo,MA,2015,5.540495934
int_rfo,MA,2016,5.540495934
int_rfo,MA,2017,5.540495934
int_rfo,MA,2018,5.540495934
int_rfo,MA,2019,5.540495934
int_rfo,MA,2020,5.540495934
int_rfo,MA,2021,5.540495934
int_rfo,MA,2022,5.540495934
int_rfo,MA,2023,5.540495934
int_rfo,MA,2024,5.540495934
int_rfo,MA,2025,6.326179781
int_rfo,MA,2026,6.628240617
int_rfo,MA,2027,7.454633472
int_rfo,MA,2028,8.330691315
int_rfo,MA,2029,9.249900707
int_rfo,MA,2030,10.22854525
int_rfo,MA,2031,10.29042294
int_rfo,MA,2032,10.27413934
int_rfo,MA,2033,10.47442766
int_rfo,MA,2034,10.57294345
int_rfo,MA,2035,10.69262794
int_rfo,MA,2036,10.73740784
int_rfo,MA,2037,10.79195791
int_rfo,MA,2038,10.89942969
int_rfo,MA,2039,10.93281108
int_rfo,MA,2040,10.98410443
int_rfo,MA,2041,11.00934402
int_rfo,MA,2042,11.20637561
int_rfo,MA,2043,11.19253455
int_rfo,MA,2044,11.06470827
int_rfo,MA,2045,11.1208867
int_rfo,MA,2046,11.33583026
int_rfo,MA,2047,11.72500837
int_rfo,MA,2048,11.73884943
int_rfo,MA,2049,11.79584204
int_rfo,MA,2050,12.05149461
int_rfo,CT,2010,5.540495934
int_rfo,CT,2011,5.540495934
int_rfo,CT,2012,5.540495934
int_rfo,CT,2013,5.540495934
int_rfo,CT,2014,5.540495934
int_rfo,CT,2015,5.540495934
int_rfo,CT,2016,5.540495934
int_rfo,CT,2017,5.540495934
int_rfo,CT,2018,5.540495934
int_rfo,CT,2019,5.540495934
int_rfo,CT,2020,5.540495934
int_rfo,CT,2021,5.540495934
int_rfo,CT,2022,5.540495934
int_rfo,CT,2023,5.540495934
int_rfo,CT,2024,5.540495934
int_rfo,CT,2025,6.326179781
int_rfo,CT,2026,6.628240617
int_rfo,CT,2027,7.454633472
int_rfo,CT,2028,8.330691315
int_rfo,CT,2029,9.249900707
int_rfo,CT,2030,10.22854525
int_rfo,CT,2031,10.29042294
int_rfo,CT,2032,10.27413934
int_rfo,CT,2033,10.47442766
int_rfo,CT,2034,10.57294345
int_rfo,CT,2035,10.69262794
int_rfo,CT,2036,10.73740784
int_rfo,CT,2037,10.79195791
int_rfo,CT,2038,10.89942969
int_rfo,CT,2039,10.93281108
int_rfo,CT,2040,10.98410443
int_rfo,CT,2041,11.00934402
int_rfo,CT,2042,11.20637561
int_rfo,CT,2043,11.19253455
int_rfo,CT,2044,11.06470827
int_rfo,CT,2045,11.1208867
int_rfo,CT,2046,11.33583026
int_rfo,CT,2047,11.72500837
int_rfo,CT,2048,11.73884943
int_rfo,CT,2049,11.79584204
int_rfo,CT,2050,12.05149461
int_rfo,RI,2010,5.540495934
int_rfo,RI,2011,5.540495934
int_rfo,RI,2012,5.540495934
int_rfo,RI,2013,5.540495934
int_rfo,RI,2014,5.540495934
int_rfo,RI,2015,5.540495934
int_rfo,RI,2016,5.540495934
int_rfo,RI,2017,5.540495934
int_rfo,RI,2018,5.540495934
int_rfo,RI,2019,5.540495934
int_rfo,RI,2020,5.540495934
int_rfo,RI,2021,5.540495934
int_rfo,RI,2022,5.540495934
int_rfo,RI,2023,5.540495934
int_rfo,RI,2024,5.540495934
int_rfo,RI,2025,6.326179781
int_rfo,RI,2026,6.628240617
int_rfo,RI,2027,7.454633472
int_rfo,RI,2028,8.330691315
int_rfo,RI,2029,9.249900707
int_rfo,RI,2030,10.22854525
int_rfo,RI,2031,10.29042294
int_rfo,RI,2032,10.27413934
int_rfo,RI,2033,10.47442766
int_rfo,RI,2034,10.57294345
int_rfo,RI,2035,10.69262794
int_rfo,RI,2036,10.73740784
int_rfo,RI,2037,10.79195791
int_rfo,RI,2038,10.89942969
int_rfo,RI,2039,10.93281108
int_rfo,RI,2040,10.98410443
int_rfo,RI,2041,11.00934402
int_rfo,RI,2042,11.20637561
int_rfo,RI,2043,11.19253455
int_rfo,RI,2044,11.06470827
int_rfo,RI,2045,11.1208867
int_rfo,RI,2046,11.33583026
int_rfo,RI,2047,11.72500837
int_rfo,RI,2048,11.73884943
int_rfo,RI,2049,11.79584204
int_rfo,RI,2050,12.05149461
int_rfo,ME,2010,5.540495934
int_rfo,ME,2011,5.540495934
int_rfo,ME,2012,5.540495934
int_rfo,ME,2013,5.540495934
int_rfo,ME,2014,5.540495934
int_rfo,ME,2015,5.540495934
int_rfo,ME,2016,5.540495934
int_rfo,ME,2017,5.540495934
int_rfo,ME,2018,5.540495934
int_rfo,ME,2019,5.540495934
int_rfo,ME,2020,5.540495934
int_rfo,ME,2021,5.540495934
int_rfo,ME,2022,5.540495934
int_rfo,ME,2023,5.540495934
int_rfo,ME,2024,5.540495934
int_rfo,ME,2025,6.326179781
int_rfo,ME,2026,6.628240617
int_rfo,ME,2027,7.454633472
int_rfo,ME,2028,8.330691315
int_rfo,ME,2029,9.249900707
int_rfo,ME,2030,10.22854525
int_rfo,ME,2031,10.29042294
int_rfo,ME,2032,10.27413934
int_rfo,ME,2033,10.47442766
int_rfo,ME,2034,10.57294345
int_rfo,ME,2035,10.69262794
int_rfo,ME,2036,10.73740784
int_rfo,ME,2037,10.79195791
int_rfo,ME,2038,10.89942969
int_rfo,ME,2039,10.93281108
int_rfo,ME,2040,10.98410443
int_rfo,ME,2041,11.00934402
int_rfo,ME,2042,11.20637561
int_rfo,ME,2043,11.19253455
int_rfo,ME,2044,11.06470827
int_rfo,ME,2045,11.1208867
int_rfo,ME,2046,11.33583026
int_rfo,ME,2047,11.72500837
int_rfo,ME,2048,11.73884943
int_rfo,ME,2049,11.79584204
int_rfo,ME,2050,12.05149461
int_rfo,voluntary,2010,5.949146522
int_rfo,voluntary,2011,5.949146522
int_rfo,voluntary,2012,5.949146522
int_rfo,voluntary,2013,5.949146522
int_rfo,voluntary,2014,5.949146522
int_rfo,voluntary,2015,5.949146522
int_rfo,voluntary,2016,5.949146522
int_rfo,voluntary,2017,5.949146522
int_rfo,voluntary,2018,5.949146522
int_rfo,voluntary,2019,5.949146522
int_rfo,voluntary,2020,5.949146522
int_rfo,voluntary,2021,5.949146522
int_rfo,voluntary,2022,5.949146522
int_rfo,voluntary,2023,5.949146522
int_rfo,voluntary,2024,5.949146522
int_rfo,voluntary,2025,6.775301907
int_rfo,voluntary,2026,7.144532606
int_rfo,voluntary,2027,8.043641925
int_rfo,voluntary,2028,8.943480614
int_rfo,voluntary,2029,9.892170112
int_rfo,voluntary,2030,10.88981219
int_rfo,voluntary,2031,10.931505
int_rfo,voluntary,2032,10.85851714
int_rfo,voluntary,2033,11.08823468
int_rfo,voluntary,2034,11.16227419
int_rfo,voluntary,2035,11.29106731
int_rfo,voluntary,2036,11.3706195
int_rfo,voluntary,2037,11.43339618
int_rfo,voluntary,2038,11.5387477
int_rfo,voluntary,2039,11.56229107
int_rfo,voluntary,2040,11.62447408
int_rfo,voluntary,2041,11.67678516
int_rfo,voluntary,2042,11.82907077
int_rfo,voluntary,2043,11.84822097
int_rfo,voluntary,2044,11.68017757
int_rfo,voluntary,2045,11.71778252
int_rfo,voluntary,2046,11.92543238
int_rfo,voluntary,2047,12.30911478
int_rfo,voluntary,2048,12.32690801
int_rfo,voluntary,2049,12.38174643
int_rfo,voluntary,2050,12.63091948
int_ng_feed,id,2010,2.674581799
int_ng_feed,id,2011,2.674581799
int_ng_feed,id,2012,2.674581799
int_ng_feed,id,2013,2.674581799
int_ng_feed,id,2014,2.674581799
int_ng_feed,id,2015,2.674581799
int_ng_feed,id,2016,2.674581799
int_ng_feed,id,2017,2.674581799
int_ng_feed,id,2018,2.674581799
int_ng_feed,id,2019,2.674581799
int_ng_feed,id,2020,2.674581799
int_ng_feed,id,2021,2.674581799
int_ng_feed,id,2022,2.674581799
int_ng_feed,id,2023,2.674581799
int_ng_feed,id,2024,2.674581799
int_ng_feed,id,2025,3.274632571
int_ng_feed,id,2026,3.220082501
int_ng_feed,id,2027,3.137850306
int_ng_feed,id,2028,3.222525042
int_ng_feed,id,2029,3.357678947
int_ng_feed,id,2030,3.514001536
int_ng_feed,id,2031,3.648341261
int_ng_feed,id,2032,4.029377572
int_ng_feed,id,2033,4.313526445
int_ng_feed,id,2034,4.477990836
int_ng_feed,id,2035,4.541496888
int_ng_feed,id,2036,4.508929682
int_ng_feed,id,2037,4.438096009
int_ng_feed,id,2038,4.377846677
int_ng_feed,id,2039,4.334695129
int_ng_feed,id,2040,4.381917578
int_ng_feed,id,2041,4.495902799
int_ng_feed,id,2042,4.582205895
int_ng_feed,id,2043,4.657110469
int_ng_feed,id,2044,4.682350054
int_ng_feed,id,2045,4.722244882
int_ng_feed,id,2046,4.786565114
int_ng_feed,id,2047,4.782494213
int_ng_feed,id,2048,4.722244882
int_ng_feed,id,2049,4.670951532
int_ng_feed,id,2050,4.642455227
int_ng_feed,WA,2010,3.702891331
int_ng_feed,WA,2011,3.702891331
int_ng_feed,WA,2012,3.702891331
int_ng_feed,WA,2013,3.702891331
int_ng_feed,WA,2014,3.702891331
int_ng_feed,WA,2015,3.702891331
int_ng_feed,WA,2016,3.702891331
int_ng_feed,WA,2017,3.702891331
int_ng_feed,WA,2018,3.702891331
int_ng_feed,WA,2019,3.702891331
int_ng_feed,WA,2020,3.702891331
int_ng_feed,WA,2021,3.702891331
int_ng_feed,WA,2022,3.702891331
int_ng_feed,WA,2023,3.702891331
int_ng_feed,WA,2024,3.702891331
int_ng_feed,WA,2025,4.196284503
int_ng_feed,WA,2026,4.039147734
int_ng_feed,WA,2027,3.943888656
int_ng_feed,WA,2028,4.047289536
int_ng_feed,WA,2029,4.226409169
int_ng_feed,WA,2030,4.461707233
int_ng_feed,WA,2031,4.641641047
int_ng_feed,WA,2032,5.083740869
int_ng_feed,WA,2033,5.348349418
int_ng_feed,WA,2034,5.512813809
int_ng_feed,WA,2035,5.564921339
int_ng_feed,WA,2036,5.474547342
int_ng_feed,WA,2037,5.3573054
int_ng_feed,WA,2038,5.30194115
int_ng_feed,WA,2039,5.254718701
int_ng_feed,WA,2040,5.313339672
int_ng_feed,WA,2041,5.446051037
int_ng_feed,WA,2042,5.540495934
int_ng_feed,WA,2043,5.62435649
int_ng_feed,WA,2044,5.665065498
int_ng_feed,WA,2045,5.698446884
int_ng_feed,WA,2046,5.761952936
int_ng_feed,WA,2047,5.779050719
int_ng_feed,WA,2048,5.753811134
int_ng_feed,WA,2049,5.734270811
int_ng_feed,WA,2050,5.723686469
int_ng_feed,OR,2010,3.702891331
int_ng_feed,OR,2011,3.702891331
int_ng_feed,OR,2012,3.702891331
int_ng_feed,OR,2013,3.702891331
int_ng_feed,OR,2014,3.702891331
int_ng_feed,OR,2015,3.702891331
int_ng_feed,OR,2016,3.702891331
int_ng_feed,OR,2017,3.702891331
int_ng_feed,OR,2018,3.702891331
int_ng_feed,OR,2019,3.702891331
int_ng_feed,OR,2020,3.702891331
int_ng_feed,OR,2021,3.702891331
int_ng_feed,OR,2022,3.702891331
int_ng_feed,OR,2023,3.702891331
int_ng_feed,OR,2024,3.702891331
int_ng_feed,OR,2025,4.196284503
int_ng_feed,OR,2026,4.039147734
int_ng_feed,OR,2027,3.943888656
int_ng_feed,OR,2028,4.047289536
int_ng_feed,OR,2029,4.226409169
int_ng_feed,OR,2030,4.461707233
int_ng_feed,OR,2031,4.641641047
int_ng_feed,OR,2032,5.083740869
int_ng_feed,OR,2033,5.348349418
int_ng_feed,OR,2034,5.512813809
int_ng_feed,OR,2035,5.564921339
int_ng_feed,OR,2036,5.474547342
int_ng_feed,OR,2037,5.3573054
int_ng_feed,OR,2038,5.30194115
int_ng_feed,OR,2039,5.254718701
int_ng_feed,OR,2040,5.313339672
int_ng_feed,OR,2041,5.446051037
int_ng_feed,OR,2042,5.540495934
int_ng_feed,OR,2043,5.62435649
int_ng_feed,OR,2044,5.665065498
int_ng_feed,OR,2045,5.698446884
int_ng_feed,OR,2046,5.761952936
int_ng_feed,OR,2047,5.779050719
int_ng_feed,OR,2048,5.753811134
int_ng_feed,OR,2049,5.734270811
int_ng_feed,OR,2050,5.723686469
int_ng_feed,CA,2010,3.702891331
int_ng_feed,CA,2011,3.702891331
int_ng_feed,CA,2012,3.702891331
int_ng_feed,CA,2013,3.702891331
int_ng_feed,CA,2014,3.702891331
int_ng_feed,CA,2015,3.702891331
int_ng_feed,CA,2016,3.702891331
int_ng_feed,CA,2017,3.702891331
int_ng_feed,CA,2018,3.702891331
int_ng_feed,CA,2019,3.702891331
int_ng_feed,CA,2020,3.702891331
int_ng_feed,CA,2021,3.702891331
int_ng_feed,CA,2022,3.702891331
int_ng_feed,CA,2023,3.702891331
int_ng_feed,CA,2024,3.702891331
int_ng_feed,CA,2025,4.196284503
int_ng_feed,CA,2026,4.039147734
int_ng_feed,CA,2027,3.943888656
int_ng_feed,CA,2028,4.047289536
int_ng_feed,CA,2029,4.226409169
int_ng_feed,CA,2030,4.461707233
int_ng_feed,CA,2031,4.641641047
int_ng_feed,CA,2032,5.083740869
int_ng_feed,CA,2033,5.348349418
int_ng_feed,CA,2034,5.512813809
int_ng_feed,CA,2035,5.564921339
int_ng_feed,CA,2036,5.474547342
int_ng_feed,CA,2037,5.3573054
int_ng_feed,CA,2038,5.30194115
int_ng_feed,CA,2039,5.254718701
int_ng_feed,CA,2040,5.313339672
int_ng_feed,CA,2041,5.446051037
int_ng_feed,CA,2042,5.540495934
int_ng_feed,CA,2043,5.62435649
int_ng_feed,CA,2044,5.665065498
int_ng_feed,CA,2045,5.698446884
int_ng_feed,CA,2046,5.761952936
int_ng_feed,CA,2047,5.779050719
int_ng_feed,CA,2048,5.753811134
int_ng_feed,CA,2049,5.734270811
int_ng_feed,CA,2050,5.723686469
int_ng_feed,NV,2010,2.674581799
int_ng_feed,NV,2011,2.674581799
int_ng_feed,NV,2012,2.674581799
int_ng_feed,NV,2013,2.674581799
int_ng_feed,NV,2014,2.674581799
int_ng_feed,NV,2015,2.674581799
int_ng_feed,NV,2016,2.674581799
int_ng_feed,NV,2017,2.674581799
int_ng_feed,NV,2018,2.674581799
int_ng_feed,NV,2019,2.674581799
int_ng_feed,NV,2020,2.674581799
int_ng_feed,NV,2021,2.674581799
int_ng_feed,NV,2022,2.674581799
int_ng_feed,NV,2023,2.674581799
int_ng_feed,NV,2024,2.674581799
int_ng_feed,NV,2025,3.274632571
int_ng_feed,NV,2026,3.220082501
int_ng_feed,NV,2027,3.137850306
int_ng_feed,NV,2028,3.222525042
int_ng_feed,NV,2029,3.357678947
int_ng_feed,NV,2030,3.514001536
int_ng_feed,NV,2031,3.648341261
int_ng_feed,NV,2032,4.029377572
int_ng_feed,NV,2033,4.313526445
int_ng_feed,NV,2034,4.477990836
int_ng_feed,NV,2035,4.541496888
int_ng_feed,NV,2036,4.508929682
int_ng_feed,NV,2037,4.438096009
int_ng_feed,NV,2038,4.377846677
int_ng_feed,NV,2039,4.334695129
int_ng_feed,NV,2040,4.381917578
int_ng_feed,NV,2041,4.495902799
int_ng_feed,NV,2042,4.582205895
int_ng_feed,NV,2043,4.657110469
int_ng_feed,NV,2044,4.682350054
int_ng_feed,NV,2045,4.722244882
int_ng_feed,NV,2046,4.786565114
int_ng_feed,NV,2047,4.782494213
int_ng_feed,NV,2048,4.722244882
int_ng_feed,NV,2049,4.670951532
int_ng_feed,NV,2050,4.642455227
int_ng_feed,MT,2010,2.57240219
int_ng_feed,MT,2011,2.57240219
int_ng_feed,MT,2012,2.57240219
int_ng_feed,MT,2013,2.57240219
int_ng_feed,MT,2014,2.57240219
int_ng_feed,MT,2015,2.57240219
int_ng_feed,MT,2016,2.57240219
int_ng_feed,MT,2017,2.57240219
int_ng_feed,MT,2018,2.57240219
int_ng_feed,MT,2019,2.57240219
int_ng_feed,MT,2020,2.57240219
int_ng_feed,MT,2021,2.57240219
int_ng_feed,MT,2022,2.57240219
int_ng_feed,MT,2023,2.57240219
int_ng_feed,MT,2024,2.57240219
int_ng_feed,MT,2025,3.178559313
int_ng_feed,MT,2026,3.129301414
int_ng_feed,MT,2027,3.036484877
int_ng_feed,MT,2028,3.112610721
int_ng_feed,MT,2029,3.232295203
int_ng_feed,MT,2030,3.37559091
int_ng_feed,MT,2031,3.500567564
int_ng_feed,MT,2032,3.874683343
int_ng_feed,MT,2033,4.155575496
int_ng_feed,MT,2034,4.313526445
int_ng_feed,MT,2035,4.372554506
int_ng_feed,MT,2036,4.346093651
int_ng_feed,MT,2037,4.275667068
int_ng_feed,MT,2038,4.206054665
int_ng_feed,MT,2039,4.155982586
int_ng_feed,MT,2040,4.190178152
int_ng_feed,MT,2041,4.292764851
int_ng_feed,MT,2042,4.367669425
int_ng_feed,MT,2043,4.432803838
int_ng_feed,MT,2044,4.456007972
int_ng_feed,MT,2045,4.495902799
int_ng_feed,MT,2046,4.565108112
int_ng_feed,MT,2047,4.562665572
int_ng_feed,MT,2048,4.512186402
int_ng_feed,MT,2049,4.463335593
int_ng_feed,MT,2050,4.431175477
int_ng_feed,WY,2010,2.674581799
int_ng_feed,WY,2011,2.674581799
int_ng_feed,WY,2012,2.674581799
int_ng_feed,WY,2013,2.674581799
int_ng_feed,WY,2014,2.674581799
int_ng_feed,WY,2015,2.674581799
int_ng_feed,WY,2016,2.674581799
int_ng_feed,WY,2017,2.674581799
int_ng_feed,WY,2018,2.674581799
int_ng_feed,WY,2019,2.674581799
int_ng_feed,WY,2020,2.674581799
int_ng_feed,WY,2021,2.674581799
int_ng_feed,WY,2022,2.674581799
int_ng_feed,WY,2023,2.674581799
int_ng_feed,WY,2024,2.674581799
int_ng_feed,WY,2025,3.274632571
int_ng_feed,WY,2026,3.220082501
int_ng_feed,WY,2027,3.137850306
int_ng_feed,WY,2028,3.222525042
int_ng_feed,WY,2029,3.357678947
int_ng_feed,WY,2030,3.514001536
int_ng_feed,WY,2031,3.648341261
int_ng_feed,WY,2032,4.029377572
int_ng_feed,WY,2033,4.313526445
int_ng_feed,WY,2034,4.477990836
int_ng_feed,WY,2035,4.541496888
int_ng_feed,WY,2036,4.508929682
int_ng_feed,WY,2037,4.438096009
int_ng_feed,WY,2038,4.377846677
int_ng_feed,WY,2039,4.334695129
int_ng_feed,WY,2040,4.381917578
int_ng_feed,WY,2041,4.495902799
int_ng_feed,WY,2042,4.582205895
int_ng_feed,WY,2043,4.657110469
int_ng_feed,WY,2044,4.682350054
int_ng_feed,WY,2045,4.722244882
int_ng_feed,WY,2046,4.786565114
int_ng_feed,WY,2047,4.782494213
int_ng_feed,WY,2048,4.722244882
int_ng_feed,WY,2049,4.670951532
int_ng_feed,WY,2050,4.642455227
int_ng_feed,UT,2010,2.674581799
int_ng_feed,UT,2011,2.674581799
int_ng_feed,UT,2012,2.674581799
int_ng_feed,UT,2013,2.674581799
int_ng_feed,UT,2014,2.674581799
int_ng_feed,UT,2015,2.674581799
int_ng_feed,UT,2016,2.674581799
int_ng_feed,UT,2017,2.674581799
int_ng_feed,UT,2018,2.674581799
int_ng_feed,UT,2019,2.674581799
int_ng_feed,UT,2020,2.674581799
int_ng_feed,UT,2021,2.674581799
int_ng_feed,UT,2022,2.674581799
int_ng_feed,UT,2023,2.674581799
int_ng_feed,UT,2024,2.674581799
int_ng_feed,UT,2025,3.274632571
int_ng_feed,UT,2026,3.220082501
int_ng_feed,UT,2027,3.137850306
int_ng_feed,UT,2028,3.222525042
int_ng_feed,UT,2029,3.357678947
int_ng_feed,UT,2030,3.514001536
int_ng_feed,UT,2031,3.648341261
int_ng_feed,UT,2032,4.029377572
int_ng_feed,UT,2033,4.313526445
int_ng_feed,UT,2034,4.477990836
int_ng_feed,UT,2035,4.541496888
int_ng_feed,UT,2036,4.508929682
int_ng_feed,UT,2037,4.438096009
int_ng_feed,UT,2038,4.377846677
int_ng_feed,UT,2039,4.334695129
int_ng_feed,UT,2040,4.381917578
int_ng_feed,UT,2041,4.495902799
int_ng_feed,UT,2042,4.582205895
int_ng_feed,UT,2043,4.657110469
int_ng_feed,UT,2044,4.682350054
int_ng_feed,UT,2045,4.722244882
int_ng_feed,UT,2046,4.786565114
int_ng_feed,UT,2047,4.782494213
int_ng_feed,UT,2048,4.722244882
int_ng_feed,UT,2049,4.670951532
int_ng_feed,UT,2050,4.642455227
int_ng_feed,AZ,2010,2.674581799
int_ng_feed,AZ,2011,2.674581799
int_ng_feed,AZ,2012,2.674581799
int_ng_feed,AZ,2013,2.674581799
int_ng_feed,AZ,2014,2.674581799
int_ng_feed,AZ,2015,2.674581799
int_ng_feed,AZ,2016,2.674581799
int_ng_feed,AZ,2017,2.674581799
int_ng_feed,AZ,2018,2.674581799
int_ng_feed,AZ,2019,2.674581799
int_ng_feed,AZ,2020,2.674581799
int_ng_feed,AZ,2021,2.674581799
int_ng_feed,AZ,2022,2.674581799
int_ng_feed,AZ,2023,2.674581799
int_ng_feed,AZ,2024,2.674581799
int_ng_feed,AZ,2025,3.274632571
int_ng_feed,AZ,2026,3.220082501
int_ng_feed,AZ,2027,3.137850306
int_ng_feed,AZ,2028,3.222525042
int_ng_feed,AZ,2029,3.357678947
int_ng_feed,AZ,2030,3.514001536
int_ng_feed,AZ,2031,3.648341261
int_ng_feed,AZ,2032,4.029377572
int_ng_feed,AZ,2033,4.313526445
int_ng_feed,AZ,2034,4.477990836
int_ng_feed,AZ,2035,4.541496888
int_ng_feed,AZ,2036,4.508929682
int_ng_feed,AZ,2037,4.438096009
int_ng_feed,AZ,2038,4.377846677
int_ng_feed,AZ,2039,4.334695129
int_ng_feed,AZ,2040,4.381917578
int_ng_feed,AZ,2041,4.495902799
int_ng_feed,AZ,2042,4.582205895
int_ng_feed,AZ,2043,4.657110469
int_ng_feed,AZ,2044,4.682350054
int_ng_feed,AZ,2045,4.722244882
int_ng_feed,AZ,2046,4.786565114
int_ng_feed,AZ,2047,4.782494213
int_ng_feed,AZ,2048,4.722244882
int_ng_feed,AZ,2049,4.670951532
int_ng_feed,AZ,2050,4.642455227
int_ng_feed,NM,2010,2.405088169
int_ng_feed,NM,2011,2.405088169
int_ng_feed,NM,2012,2.405088169
int_ng_feed,NM,2013,2.405088169
int_ng_feed,NM,2014,2.405088169
int_ng_feed,NM,2015,2.405088169
int_ng_feed,NM,2016,2.405088169
int_ng_feed,NM,2017,2.405088169
int_ng_feed,NM,2018,2.405088169
int_ng_feed,NM,2019,2.405088169
int_ng_feed,NM,2020,2.405088169
int_ng_feed,NM,2021,2.405088169
int_ng_feed,NM,2022,2.405088169
int_ng_feed,NM,2023,2.405088169
int_ng_feed,NM,2024,2.405088169
int_ng_feed,NM,2025,2.985191527
int_ng_feed,NM,2026,2.903366422
int_ng_feed,NM,2027,2.817063326
int_ng_feed,NM,2028,2.903773512
int_ng_feed,NM,2029,3.038113237
int_ng_feed,NM,2030,3.191179106
int_ng_feed,NM,2031,3.315748669
int_ng_feed,NM,2032,3.69393535
int_ng_feed,NM,2033,3.993146556
int_ng_feed,NM,2034,4.169009468
int_ng_feed,NM,2035,4.236586421
int_ng_feed,NM,2036,4.217860277
int_ng_feed,NM,2037,4.159646397
int_ng_feed,NM,2038,4.101432516
int_ng_feed,NM,2039,4.054210067
int_ng_feed,NM,2040,4.087998543
int_ng_feed,NM,2041,4.181222171
int_ng_feed,NM,2042,4.261826006
int_ng_feed,NM,2043,4.352607093
int_ng_feed,NM,2044,4.397387001
int_ng_feed,NM,2045,4.440538549
int_ng_feed,NM,2046,4.506487141
int_ng_feed,NM,2047,4.520328204
int_ng_feed,NM,2048,4.486132638
int_ng_feed,NM,2049,4.4466449
int_ng_feed,NM,2050,4.423033676
int_ng_feed,SD,2010,2.57240219
int_ng_feed,SD,2011,2.57240219
int_ng_feed,SD,2012,2.57240219
int_ng_feed,SD,2013,2.57240219
int_ng_feed,SD,2014,2.57240219
int_ng_feed,SD,2015,2.57240219
int_ng_feed,SD,2016,2.57240219
int_ng_feed,SD,2017,2.57240219
int_ng_feed,SD,2018,2.57240219
int_ng_feed,SD,2019,2.57240219
int_ng_feed,SD,2020,2.57240219
int_ng_feed,SD,2021,2.57240219
int_ng_feed,SD,2022,2.57240219
int_ng_feed,SD,2023,2.57240219
int_ng_feed,SD,2024,2.57240219
int_ng_feed,SD,2025,3.178559313
int_ng_feed,SD,2026,3.129301414
int_ng_feed,SD,2027,3.036484877
int_ng_feed,SD,2028,3.112610721
int_ng_feed,SD,2029,3.232295203
int_ng_feed,SD,2030,3.37559091
int_ng_feed,SD,2031,3.500567564
int_ng_feed,SD,2032,3.874683343
int_ng_feed,SD,2033,4.155575496
int_ng_feed,SD,2034,4.313526445
int_ng_feed,SD,2035,4.372554506
int_ng_feed,SD,2036,4.346093651
int_ng_feed,SD,2037,4.275667068
int_ng_feed,SD,2038,4.206054665
int_ng_feed,SD,2039,4.155982586
int_ng_feed,SD,2040,4.190178152
int_ng_feed,SD,2041,4.292764851
int_ng_feed,SD,2042,4.367669425
int_ng_feed,SD,2043,4.432803838
int_ng_feed,SD,2044,4.456007972
int_ng_feed,SD,2045,4.495902799
int_ng_feed,SD,2046,4.565108112
int_ng_feed,SD,2047,4.562665572
int_ng_feed,SD,2048,4.512186402
int_ng_feed,SD,2049,4.463335593
int_ng_feed,SD,2050,4.431175477
int_ng_feed,CO,2010,2.674581799
int_ng_feed,CO,2011,2.674581799
int_ng_feed,CO,2012,2.674581799
int_ng_feed,CO,2013,2.674581799
int_ng_feed,CO,2014,2.674581799
int_ng_feed,CO,2015,2.674581799
int_ng_feed,CO,2016,2.674581799
int_ng_feed,CO,2017,2.674581799
int_ng_feed,CO,2018,2.674581799
int_ng_feed,CO,2019,2.674581799
int_ng_feed,CO,2020,2.674581799
int_ng_feed,CO,2021,2.674581799
int_ng_feed,CO,2022,2.674581799
int_ng_feed,CO,2023,2.674581799
int_ng_feed,CO,2024,2.674581799
int_ng_feed,CO,2025,3.274632571
int_ng_feed,CO,2026,3.220082501
int_ng_feed,CO,2027,3.137850306
int_ng_feed,CO,2028,3.222525042
int_ng_feed,CO,2029,3.357678947
int_ng_feed,CO,2030,3.514001536
int_ng_feed,CO,2031,3.648341261
int_ng_feed,CO,2032,4.029377572
int_ng_feed,CO,2033,4.313526445
int_ng_feed,CO,2034,4.477990836
int_ng_feed,CO,2035,4.541496888
int_ng_feed,CO,2036,4.508929682
int_ng_feed,CO,2037,4.438096009
int_ng_feed,CO,2038,4.377846677
int_ng_feed,CO,2039,4.334695129
int_ng_feed,CO,2040,4.381917578
int_ng_feed,CO,2041,4.495902799
int_ng_feed,CO,2042,4.582205895
int_ng_feed,CO,2043,4.657110469
int_ng_feed,CO,2044,4.682350054
int_ng_feed,CO,2045,4.722244882
int_ng_feed,CO,2046,4.786565114
int_ng_feed,CO,2047,4.782494213
int_ng_feed,CO,2048,4.722244882
int_ng_feed,CO,2049,4.670951532
int_ng_feed,CO,2050,4.642455227
int_ng_feed,ND,2010,2.470222581
int_ng_feed,ND,2011,2.470222581
int_ng_feed,ND,2012,2.470222581
int_ng_feed,ND,2013,2.470222581
int_ng_feed,ND,2014,2.470222581
int_ng_feed,ND,2015,2.470222581
int_ng_feed,ND,2016,2.470222581
int_ng_feed,ND,2017,2.470222581
int_ng_feed,ND,2018,2.470222581
int_ng_feed,ND,2019,2.470222581
int_ng_feed,ND,2020,2.470222581
int_ng_feed,ND,2021,2.470222581
int_ng_feed,ND,2022,2.470222581
int_ng_feed,ND,2023,2.470222581
int_ng_feed,ND,2024,2.470222581
int_ng_feed,ND,2025,3.082486055
int_ng_feed,ND,2026,3.038520327
int_ng_feed,ND,2027,2.935119448
int_ng_feed,ND,2028,3.002696401
int_ng_feed,ND,2029,3.10691146
int_ng_feed,ND,2030,3.237180284
int_ng_feed,ND,2031,3.352793866
int_ng_feed,ND,2032,3.719989115
int_ng_feed,ND,2033,3.997624546
int_ng_feed,ND,2034,4.149062055
int_ng_feed,ND,2035,4.203612125
int_ng_feed,ND,2036,4.183257621
int_ng_feed,ND,2037,4.113238128
int_ng_feed,ND,2038,4.034262653
int_ng_feed,ND,2039,3.977270042
int_ng_feed,ND,2040,3.998438726
int_ng_feed,ND,2041,4.089626903
int_ng_feed,ND,2042,4.153132955
int_ng_feed,ND,2043,4.208497206
int_ng_feed,ND,2044,4.22966589
int_ng_feed,ND,2045,4.269560717
int_ng_feed,ND,2046,4.343651111
int_ng_feed,ND,2047,4.342836931
int_ng_feed,ND,2048,4.302127923
int_ng_feed,ND,2049,4.255719654
int_ng_feed,ND,2050,4.219895728
int_ng_feed,NE,2010,2.470222581
int_ng_feed,NE,2011,2.470222581
int_ng_feed,NE,2012,2.470222581
int_ng_feed,NE,2013,2.470222581
int_ng_feed,NE,2014,2.470222581
int_ng_feed,NE,2015,2.470222581
int_ng_feed,NE,2016,2.470222581
int_ng_feed,NE,2017,2.470222581
int_ng_feed,NE,2018,2.470222581
int_ng_feed,NE,2019,2.470222581
int_ng_feed,NE,2020,2.470222581
int_ng_feed,NE,2021,2.470222581
int_ng_feed,NE,2022,2.470222581
int_ng_feed,NE,2023,2.470222581
int_ng_feed,NE,2024,2.470222581
int_ng_feed,NE,2025,3.082486055
int_ng_feed,NE,2026,3.038520327
int_ng_feed,NE,2027,2.935119448
int_ng_feed,NE,2028,3.002696401
int_ng_feed,NE,2029,3.10691146
int_ng_feed,NE,2030,3.237180284
int_ng_feed,NE,2031,3.352793866
int_ng_feed,NE,2032,3.719989115
int_ng_feed,NE,2033,3.997624546
int_ng_feed,NE,2034,4.149062055
int_ng_feed,NE,2035,4.203612125
int_ng_feed,NE,2036,4.183257621
int_ng_feed,NE,2037,4.113238128
int_ng_feed,NE,2038,4.034262653
int_ng_feed,NE,2039,3.977270042
int_ng_feed,NE,2040,3.998438726
int_ng_feed,NE,2041,4.089626903
int_ng_feed,NE,2042,4.153132955
int_ng_feed,NE,2043,4.208497206
int_ng_feed,NE,2044,4.22966589
int_ng_feed,NE,2045,4.269560717
int_ng_feed,NE,2046,4.343651111
int_ng_feed,NE,2047,4.342836931
int_ng_feed,NE,2048,4.302127923
int_ng_feed,NE,2049,4.255719654
int_ng_feed,NE,2050,4.219895728
int_ng_feed,MN,2010,2.470222581
int_ng_feed,MN,2011,2.470222581
int_ng_feed,MN,2012,2.470222581
int_ng_feed,MN,2013,2.470222581
int_ng_feed,MN,2014,2.470222581
int_ng_feed,MN,2015,2.470222581
int_ng_feed,MN,2016,2.470222581
int_ng_feed,MN,2017,2.470222581
int_ng_feed,MN,2018,2.470222581
int_ng_feed,MN,2019,2.470222581
int_ng_feed,MN,2020,2.470222581
int_ng_feed,MN,2021,2.470222581
int_ng_feed,MN,2022,2.470222581
int_ng_feed,MN,2023,2.470222581
int_ng_feed,MN,2024,2.470222581
int_ng_feed,MN,2025,3.082486055
int_ng_feed,MN,2026,3.038520327
int_ng_feed,MN,2027,2.935119448
int_ng_feed,MN,2028,3.002696401
int_ng_feed,MN,2029,3.10691146
int_ng_feed,MN,2030,3.237180284
int_ng_feed,MN,2031,3.352793866
int_ng_feed,MN,2032,3.719989115
int_ng_feed,MN,2033,3.997624546
int_ng_feed,MN,2034,4.149062055
int_ng_feed,MN,2035,4.203612125
int_ng_feed,MN,2036,4.183257621
int_ng_feed,MN,2037,4.113238128
int_ng_feed,MN,2038,4.034262653
int_ng_feed,MN,2039,3.977270042
int_ng_feed,MN,2040,3.998438726
int_ng_feed,MN,2041,4.089626903
int_ng_feed,MN,2042,4.153132955
int_ng_feed,MN,2043,4.208497206
int_ng_feed,MN,2044,4.22966589
int_ng_feed,MN,2045,4.269560717
int_ng_feed,MN,2046,4.343651111
int_ng_feed,MN,2047,4.342836931
int_ng_feed,MN,2048,4.302127923
int_ng_feed,MN,2049,4.255719654
int_ng_feed,MN,2050,4.219895728
int_ng_feed,IA,2010,2.470222581
int_ng_feed,IA,2011,2.470222581
int_ng_feed,IA,2012,2.470222581
int_ng_feed,IA,2013,2.470222581
int_ng_feed,IA,2014,2.470222581
int_ng_feed,IA,2015,2.470222581
int_ng_feed,IA,2016,2.470222581
int_ng_feed,IA,2017,2.470222581
int_ng_feed,IA,2018,2.470222581
int_ng_feed,IA,2019,2.470222581
int_ng_feed,IA,2020,2.470222581
int_ng_feed,IA,2021,2.470222581
int_ng_feed,IA,2022,2.470222581
int_ng_feed,IA,2023,2.470222581
int_ng_feed,IA,2024,2.470222581
int_ng_feed,IA,2025,3.082486055
int_ng_feed,IA,2026,3.038520327
int_ng_feed,IA,2027,2.935119448
int_ng_feed,IA,2028,3.002696401
int_ng_feed,IA,2029,3.10691146
int_ng_feed,IA,2030,3.237180284
int_ng_feed,IA,2031,3.352793866
int_ng_feed,IA,2032,3.719989115
int_ng_feed,IA,2033,3.997624546
int_ng_feed,IA,2034,4.149062055
int_ng_feed,IA,2035,4.203612125
int_ng_feed,IA,2036,4.183257621
int_ng_feed,IA,2037,4.113238128
int_ng_feed,IA,2038,4.034262653
int_ng_feed,IA,2039,3.977270042
int_ng_feed,IA,2040,3.998438726
int_ng_feed,IA,2041,4.089626903
int_ng_feed,IA,2042,4.153132955
int_ng_feed,IA,2043,4.208497206
int_ng_feed,IA,2044,4.22966589
int_ng_feed,IA,2045,4.269560717
int_ng_feed,IA,2046,4.343651111
int_ng_feed,IA,2047,4.342836931
int_ng_feed,IA,2048,4.302127923
int_ng_feed,IA,2049,4.255719654
int_ng_feed,IA,2050,4.219895728
int_ng_feed,WI,2010,3.057246471
int_ng_feed,WI,2011,3.057246471
int_ng_feed,WI,2012,3.057246471
int_ng_feed,WI,2013,3.057246471
int_ng_feed,WI,2014,3.057246471
int_ng_feed,WI,2015,3.057246471
int_ng_feed,WI,2016,3.057246471
int_ng_feed,WI,2017,3.057246471
int_ng_feed,WI,2018,3.057246471
int_ng_feed,WI,2019,3.057246471
int_ng_feed,WI,2020,3.057246471
int_ng_feed,WI,2021,3.057246471
int_ng_feed,WI,2022,3.057246471
int_ng_feed,WI,2023,3.057246471
int_ng_feed,WI,2024,3.057246471
int_ng_feed,WI,2025,3.666253224
int_ng_feed,WI,2026,3.566109066
int_ng_feed,WI,2027,3.462708186
int_ng_feed,WI,2028,3.494461212
int_ng_feed,WI,2029,3.579135948
int_ng_feed,WI,2030,3.671138305
int_ng_feed,WI,2031,3.771282464
int_ng_feed,WI,2032,4.098582885
int_ng_feed,WI,2033,4.350978732
int_ng_feed,WI,2034,4.481247557
int_ng_feed,WI,2035,4.531726726
int_ng_feed,WI,2036,4.516257303
int_ng_feed,WI,2037,4.44460945
int_ng_feed,WI,2038,4.350164552
int_ng_feed,WI,2039,4.2866585
int_ng_feed,WI,2040,4.279330879
int_ng_feed,WI,2041,4.33795185
int_ng_feed,WI,2042,4.376218317
int_ng_feed,WI,2043,4.407157163
int_ng_feed,WI,2044,4.416927325
int_ng_feed,WI,2045,4.440538549
int_ng_feed,WI,2046,4.485318457
int_ng_feed,WI,2047,4.464149773
int_ng_feed,WI,2048,4.421812406
int_ng_feed,WI,2049,4.376218317
int_ng_feed,WI,2050,4.328995868
int_ng_feed,TX,2010,2.405088169
int_ng_feed,TX,2011,2.405088169
int_ng_feed,TX,2012,2.405088169
int_ng_feed,TX,2013,2.405088169
int_ng_feed,TX,2014,2.405088169
int_ng_feed,TX,2015,2.405088169
int_ng_feed,TX,2016,2.405088169
int_ng_feed,TX,2017,2.405088169
int_ng_feed,TX,2018,2.405088169
int_ng_feed,TX,2019,2.405088169
int_ng_feed,TX,2020,2.405088169
int_ng_feed,TX,2021,2.405088169
int_ng_feed,TX,2022,2.405088169
int_ng_feed,TX,2023,2.405088169
int_ng_feed,TX,2024,2.405088169
int_ng_feed,TX,2025,2.985191527
int_ng_feed,TX,2026,2.903366422
int_ng_feed,TX,2027,2.817063326
int_ng_feed,TX,2028,2.903773512
int_ng_feed,TX,2029,3.038113237
int_ng_feed,TX,2030,3.191179106
int_ng_feed,TX,2031,3.315748669
int_ng_feed,TX,2032,3.69393535
int_ng_feed,TX,2033,3.993146556
int_ng_feed,TX,2034,4.169009468
int_ng_feed,TX,2035,4.236586421
int_ng_feed,TX,2036,4.217860277
int_ng_feed,TX,2037,4.159646397
int_ng_feed,TX,2038,4.101432516
int_ng_feed,TX,2039,4.054210067
int_ng_feed,TX,2040,4.087998543
int_ng_feed,TX,2041,4.181222171
int_ng_feed,TX,2042,4.261826006
int_ng_feed,TX,2043,4.352607093
int_ng_feed,TX,2044,4.397387001
int_ng_feed,TX,2045,4.440538549
int_ng_feed,TX,2046,4.506487141
int_ng_feed,TX,2047,4.520328204
int_ng_feed,TX,2048,4.486132638
int_ng_feed,TX,2049,4.4466449
int_ng_feed,TX,2050,4.423033676
int_ng_feed,OK,2010,2.135594539
int_ng_feed,OK,2011,2.135594539
int_ng_feed,OK,2012,2.135594539
int_ng_feed,OK,2013,2.135594539
int_ng_feed,OK,2014,2.135594539
int_ng_feed,OK,2015,2.135594539
int_ng_feed,OK,2016,2.135594539
int_ng_feed,OK,2017,2.135594539
int_ng_feed,OK,2018,2.135594539
int_ng_feed,OK,2019,2.135594539
int_ng_feed,OK,2020,2.135594539
int_ng_feed,OK,2021,2.135594539
int_ng_feed,OK,2022,2.135594539
int_ng_feed,OK,2023,2.135594539
int_ng_feed,OK,2024,2.135594539
int_ng_feed,OK,2025,2.695750483
int_ng_feed,OK,2026,2.586650343
int_ng_feed,OK,2027,2.496276346
int_ng_feed,OK,2028,2.585021983
int_ng_feed,OK,2029,2.718547528
int_ng_feed,OK,2030,2.868356675
int_ng_feed,OK,2031,2.983156077
int_ng_feed,OK,2032,3.358493127
int_ng_feed,OK,2033,3.672766666
int_ng_feed,OK,2034,3.860028101
int_ng_feed,OK,2035,3.931675954
int_ng_feed,OK,2036,3.926790873
int_ng_feed,OK,2037,3.881196785
int_ng_feed,OK,2038,3.825018354
int_ng_feed,OK,2039,3.773725005
int_ng_feed,OK,2040,3.794079508
int_ng_feed,OK,2041,3.866541542
int_ng_feed,OK,2042,3.941446116
int_ng_feed,OK,2043,4.048103716
int_ng_feed,OK,2044,4.112423948
int_ng_feed,OK,2045,4.158832216
int_ng_feed,OK,2046,4.226409169
int_ng_feed,OK,2047,4.258162195
int_ng_feed,OK,2048,4.250020393
int_ng_feed,OK,2049,4.222338268
int_ng_feed,OK,2050,4.203612125
int_ng_feed,KS,2010,2.470222581
int_ng_feed,KS,2011,2.470222581
int_ng_feed,KS,2012,2.470222581
int_ng_feed,KS,2013,2.470222581
int_ng_feed,KS,2014,2.470222581
int_ng_feed,KS,2015,2.470222581
int_ng_feed,KS,2016,2.470222581
int_ng_feed,KS,2017,2.470222581
int_ng_feed,KS,2018,2.470222581
int_ng_feed,KS,2019,2.470222581
int_ng_feed,KS,2020,2.470222581
int_ng_feed,KS,2021,2.470222581
int_ng_feed,KS,2022,2.470222581
int_ng_feed,KS,2023,2.470222581
int_ng_feed,KS,2024,2.470222581
int_ng_feed,KS,2025,3.082486055
int_ng_feed,KS,2026,3.038520327
int_ng_feed,KS,2027,2.935119448
int_ng_feed,KS,2028,3.002696401
int_ng_feed,KS,2029,3.10691146
int_ng_feed,KS,2030,3.237180284
int_ng_feed,KS,2031,3.352793866
int_ng_feed,KS,2032,3.719989115
int_ng_feed,KS,2033,3.997624546
int_ng_feed,KS,2034,4.149062055
int_ng_feed,KS,2035,4.203612125
int_ng_feed,KS,2036,4.183257621
int_ng_feed,KS,2037,4.113238128
int_ng_feed,KS,2038,4.034262653
int_ng_feed,KS,2039,3.977270042
int_ng_feed,KS,2040,3.998438726
int_ng_feed,KS,2041,4.089626903
int_ng_feed,KS,2042,4.153132955
int_ng_feed,KS,2043,4.208497206
int_ng_feed,KS,2044,4.22966589
int_ng_feed,KS,2045,4.269560717
int_ng_feed,KS,2046,4.343651111
int_ng_feed,KS,2047,4.342836931
int_ng_feed,KS,2048,4.302127923
int_ng_feed,KS,2049,4.255719654
int_ng_feed,KS,2050,4.219895728
int_ng_feed,MO,2010,2.470222581
int_ng_feed,MO,2011,2.470222581
int_ng_feed,MO,2012,2.470222581
int_ng_feed,MO,2013,2.470222581
int_ng_feed,MO,2014,2.470222581
int_ng_feed,MO,2015,2.470222581
int_ng_feed,MO,2016,2.470222581
int_ng_feed,MO,2017,2.470222581
int_ng_feed,MO,2018,2.470222581
int_ng_feed,MO,2019,2.470222581
int_ng_feed,MO,2020,2.470222581
int_ng_feed,MO,2021,2.470222581
int_ng_feed,MO,2022,2.470222581
int_ng_feed,MO,2023,2.470222581
int_ng_feed,MO,2024,2.470222581
int_ng_feed,MO,2025,3.082486055
int_ng_feed,MO,2026,3.038520327
int_ng_feed,MO,2027,2.935119448
int_ng_feed,MO,2028,3.002696401
int_ng_feed,MO,2029,3.10691146
int_ng_feed,MO,2030,3.237180284
int_ng_feed,MO,2031,3.352793866
int_ng_feed,MO,2032,3.719989115
int_ng_feed,MO,2033,3.997624546
int_ng_feed,MO,2034,4.149062055
int_ng_feed,MO,2035,4.203612125
int_ng_feed,MO,2036,4.183257621
int_ng_feed,MO,2037,4.113238128
int_ng_feed,MO,2038,4.034262653
int_ng_feed,MO,2039,3.977270042
int_ng_feed,MO,2040,3.998438726
int_ng_feed,MO,2041,4.089626903
int_ng_feed,MO,2042,4.153132955
int_ng_feed,MO,2043,4.208497206
int_ng_feed,MO,2044,4.22966589
int_ng_feed,MO,2045,4.269560717
int_ng_feed,MO,2046,4.343651111
int_ng_feed,MO,2047,4.342836931
int_ng_feed,MO,2048,4.302127923
int_ng_feed,MO,2049,4.255719654
int_ng_feed,MO,2050,4.219895728
int_ng_feed,AR,2010,2.135594539
int_ng_feed,AR,2011,2.135594539
int_ng_feed,AR,2012,2.135594539
int_ng_feed,AR,2013,2.135594539
int_ng_feed,AR,2014,2.135594539
int_ng_feed,AR,2015,2.135594539
int_ng_feed,AR,2016,2.135594539
int_ng_feed,AR,2017,2.135594539
int_ng_feed,AR,2018,2.135594539
int_ng_feed,AR,2019,2.135594539
int_ng_feed,AR,2020,2.135594539
int_ng_feed,AR,2021,2.135594539
int_ng_feed,AR,2022,2.135594539
int_ng_feed,AR,2023,2.135594539
int_ng_feed,AR,2024,2.135594539
int_ng_feed,AR,2025,2.695750483
int_ng_feed,AR,2026,2.586650343
int_ng_feed,AR,2027,2.496276346
int_ng_feed,AR,2028,2.585021983
int_ng_feed,AR,2029,2.718547528
int_ng_feed,AR,2030,2.868356675
int_ng_feed,AR,2031,2.983156077
int_ng_feed,AR,2032,3.358493127
int_ng_feed,AR,2033,3.672766666
int_ng_feed,AR,2034,3.860028101
int_ng_feed,AR,2035,3.931675954
int_ng_feed,AR,2036,3.926790873
int_ng_feed,AR,2037,3.881196785
int_ng_feed,AR,2038,3.825018354
int_ng_feed,AR,2039,3.773725005
int_ng_feed,AR,2040,3.794079508
int_ng_feed,AR,2041,3.866541542
int_ng_feed,AR,2042,3.941446116
int_ng_feed,AR,2043,4.048103716
int_ng_feed,AR,2044,4.112423948
int_ng_feed,AR,2045,4.158832216
int_ng_feed,AR,2046,4.226409169
int_ng_feed,AR,2047,4.258162195
int_ng_feed,AR,2048,4.250020393
int_ng_feed,AR,2049,4.222338268
int_ng_feed,AR,2050,4.203612125
int_ng_feed,LA,2010,2.135594539
int_ng_feed,LA,2011,2.135594539
int_ng_feed,LA,2012,2.135594539
int_ng_feed,LA,2013,2.135594539
int_ng_feed,LA,2014,2.135594539
int_ng_feed,LA,2015,2.135594539
int_ng_feed,LA,2016,2.135594539
int_ng_feed,LA,2017,2.135594539
int_ng_feed,LA,2018,2.135594539
int_ng_feed,LA,2019,2.135594539
int_ng_feed,LA,2020,2.135594539
int_ng_feed,LA,2021,2.135594539
int_ng_feed,LA,2022,2.135594539
int_ng_feed,LA,2023,2.135594539
int_ng_feed,LA,2024,2.135594539
int_ng_feed,LA,2025,2.695750483
int_ng_feed,LA,2026,2.586650343
int_ng_feed,LA,2027,2.496276346
int_ng_feed,LA,2028,2.585021983
int_ng_feed,LA,2029,2.718547528
int_ng_feed,LA,2030,2.868356675
int_ng_feed,LA,2031,2.983156077
int_ng_feed,LA,2032,3.358493127
int_ng_feed,LA,2033,3.672766666
int_ng_feed,LA,2034,3.860028101
int_ng_feed,LA,2035,3.931675954
int_ng_feed,LA,2036,3.926790873
int_ng_feed,LA,2037,3.881196785
int_ng_feed,LA,2038,3.825018354
int_ng_feed,LA,2039,3.773725005
int_ng_feed,LA,2040,3.794079508
int_ng_feed,LA,2041,3.866541542
int_ng_feed,LA,2042,3.941446116
int_ng_feed,LA,2043,4.048103716
int_ng_feed,LA,2044,4.112423948
int_ng_feed,LA,2045,4.158832216
int_ng_feed,LA,2046,4.226409169
int_ng_feed,LA,2047,4.258162195
int_ng_feed,LA,2048,4.250020393
int_ng_feed,LA,2049,4.222338268
int_ng_feed,LA,2050,4.203612125
int_ng_feed,MI,2010,3.057246471
int_ng_feed,MI,2011,3.057246471
int_ng_feed,MI,2012,3.057246471
int_ng_feed,MI,2013,3.057246471
int_ng_feed,MI,2014,3.057246471
int_ng_feed,MI,2015,3.057246471
int_ng_feed,MI,2016,3.057246471
int_ng_feed,MI,2017,3.057246471
int_ng_feed,MI,2018,3.057246471
int_ng_feed,MI,2019,3.057246471
int_ng_feed,MI,2020,3.057246471
int_ng_feed,MI,2021,3.057246471
int_ng_feed,MI,2022,3.057246471
int_ng_feed,MI,2023,3.057246471
int_ng_feed,MI,2024,3.057246471
int_ng_feed,MI,2025,3.666253224
int_ng_feed,MI,2026,3.566109066
int_ng_feed,MI,2027,3.462708186
int_ng_feed,MI,2028,3.494461212
int_ng_feed,MI,2029,3.579135948
int_ng_feed,MI,2030,3.671138305
int_ng_feed,MI,2031,3.771282464
int_ng_feed,MI,2032,4.098582885
int_ng_feed,MI,2033,4.350978732
int_ng_feed,MI,2034,4.481247557
int_ng_feed,MI,2035,4.531726726
int_ng_feed,MI,2036,4.516257303
int_ng_feed,MI,2037,4.44460945
int_ng_feed,MI,2038,4.350164552
int_ng_feed,MI,2039,4.2866585
int_ng_feed,MI,2040,4.279330879
int_ng_feed,MI,2041,4.33795185
int_ng_feed,MI,2042,4.376218317
int_ng_feed,MI,2043,4.407157163
int_ng_feed,MI,2044,4.416927325
int_ng_feed,MI,2045,4.440538549
int_ng_feed,MI,2046,4.485318457
int_ng_feed,MI,2047,4.464149773
int_ng_feed,MI,2048,4.421812406
int_ng_feed,MI,2049,4.376218317
int_ng_feed,MI,2050,4.328995868
int_ng_feed,IL,2010,3.057246471
int_ng_feed,IL,2011,3.057246471
int_ng_feed,IL,2012,3.057246471
int_ng_feed,IL,2013,3.057246471
int_ng_feed,IL,2014,3.057246471
int_ng_feed,IL,2015,3.057246471
int_ng_feed,IL,2016,3.057246471
int_ng_feed,IL,2017,3.057246471
int_ng_feed,IL,2018,3.057246471
int_ng_feed,IL,2019,3.057246471
int_ng_feed,IL,2020,3.057246471
int_ng_feed,IL,2021,3.057246471
int_ng_feed,IL,2022,3.057246471
int_ng_feed,IL,2023,3.057246471
int_ng_feed,IL,2024,3.057246471
int_ng_feed,IL,2025,3.666253224
int_ng_feed,IL,2026,3.566109066
int_ng_feed,IL,2027,3.462708186
int_ng_feed,IL,2028,3.494461212
int_ng_feed,IL,2029,3.579135948
int_ng_feed,IL,2030,3.671138305
int_ng_feed,IL,2031,3.771282464
int_ng_feed,IL,2032,4.098582885
int_ng_feed,IL,2033,4.350978732
int_ng_feed,IL,2034,4.481247557
int_ng_feed,IL,2035,4.531726726
int_ng_feed,IL,2036,4.516257303
int_ng_feed,IL,2037,4.44460945
int_ng_feed,IL,2038,4.350164552
int_ng_feed,IL,2039,4.2866585
int_ng_feed,IL,2040,4.279330879
int_ng_feed,IL,2041,4.33795185
int_ng_feed,IL,2042,4.376218317
int_ng_feed,IL,2043,4.407157163
int_ng_feed,IL,2044,4.416927325
int_ng_feed,IL,2045,4.440538549
int_ng_feed,IL,2046,4.485318457
int_ng_feed,IL,2047,4.464149773
int_ng_feed,IL,2048,4.421812406
int_ng_feed,IL,2049,4.376218317
int_ng_feed,IL,2050,4.328995868
int_ng_feed,MS,2010,2.620031729
int_ng_feed,MS,2011,2.620031729
int_ng_feed,MS,2012,2.620031729
int_ng_feed,MS,2013,2.620031729
int_ng_feed,MS,2014,2.620031729
int_ng_feed,MS,2015,2.620031729
int_ng_feed,MS,2016,2.620031729
int_ng_feed,MS,2017,2.620031729
int_ng_feed,MS,2018,2.620031729
int_ng_feed,MS,2019,2.620031729
int_ng_feed,MS,2020,2.620031729
int_ng_feed,MS,2021,2.620031729
int_ng_feed,MS,2022,2.620031729
int_ng_feed,MS,2023,2.620031729
int_ng_feed,MS,2024,2.620031729
int_ng_feed,MS,2025,3.195657097
int_ng_feed,MS,2026,3.076786794
int_ng_feed,MS,2027,2.973385915
int_ng_feed,MS,2028,3.036077787
int_ng_feed,MS,2029,3.145177927
int_ng_feed,MS,2030,3.26893331
int_ng_feed,MS,2031,3.371520009
int_ng_feed,MS,2032,3.69393535
int_ng_feed,MS,2033,3.973199142
int_ng_feed,MS,2034,4.132778452
int_ng_feed,MS,2035,4.197098684
int_ng_feed,MS,2036,4.190585242
int_ng_feed,MS,2037,4.133592632
int_ng_feed,MS,2038,4.055431337
int_ng_feed,MS,2039,3.982155123
int_ng_feed,MS,2040,3.969128241
int_ng_feed,MS,2041,4.006580528
int_ng_feed,MS,2042,4.047289536
int_ng_feed,MS,2043,4.130335911
int_ng_feed,MS,2044,4.17674418
int_ng_feed,MS,2045,4.212568106
int_ng_feed,MS,2046,4.264675636
int_ng_feed,MS,2047,4.245135313
int_ng_feed,MS,2048,4.166974018
int_ng_feed,MS,2049,4.048917896
int_ng_feed,MS,2050,3.939817756
int_ng_feed,AL,2010,2.620031729
int_ng_feed,AL,2011,2.620031729
int_ng_feed,AL,2012,2.620031729
int_ng_feed,AL,2013,2.620031729
int_ng_feed,AL,2014,2.620031729
int_ng_feed,AL,2015,2.620031729
int_ng_feed,AL,2016,2.620031729
int_ng_feed,AL,2017,2.620031729
int_ng_feed,AL,2018,2.620031729
int_ng_feed,AL,2019,2.620031729
int_ng_feed,AL,2020,2.620031729
int_ng_feed,AL,2021,2.620031729
int_ng_feed,AL,2022,2.620031729
int_ng_feed,AL,2023,2.620031729
int_ng_feed,AL,2024,2.620031729
int_ng_feed,AL,2025,3.195657097
int_ng_feed,AL,2026,3.076786794
int_ng_feed,AL,2027,2.973385915
int_ng_feed,AL,2028,3.036077787
int_ng_feed,AL,2029,3.145177927
int_ng_feed,AL,2030,3.26893331
int_ng_feed,AL,2031,3.371520009
int_ng_feed,AL,2032,3.69393535
int_ng_feed,AL,2033,3.973199142
int_ng_feed,AL,2034,4.132778452
int_ng_feed,AL,2035,4.197098684
int_ng_feed,AL,2036,4.190585242
int_ng_feed,AL,2037,4.133592632
int_ng_feed,AL,2038,4.055431337
int_ng_feed,AL,2039,3.982155123
int_ng_feed,AL,2040,3.969128241
int_ng_feed,AL,2041,4.006580528
int_ng_feed,AL,2042,4.047289536
int_ng_feed,AL,2043,4.130335911
int_ng_feed,AL,2044,4.17674418
int_ng_feed,AL,2045,4.212568106
int_ng_feed,AL,2046,4.264675636
int_ng_feed,AL,2047,4.245135313
int_ng_feed,AL,2048,4.166974018
int_ng_feed,AL,2049,4.048917896
int_ng_feed,AL,2050,3.939817756
int_ng_feed,FL,2010,3.143549567
int_ng_feed,FL,2011,3.143549567
int_ng_feed,FL,2012,3.143549567
int_ng_feed,FL,2013,3.143549567
int_ng_feed,FL,2014,3.143549567
int_ng_feed,FL,2015,3.143549567
int_ng_feed,FL,2016,3.143549567
int_ng_feed,FL,2017,3.143549567
int_ng_feed,FL,2018,3.143549567
int_ng_feed,FL,2019,3.143549567
int_ng_feed,FL,2020,3.143549567
int_ng_feed,FL,2021,3.143549567
int_ng_feed,FL,2022,3.143549567
int_ng_feed,FL,2023,3.143549567
int_ng_feed,FL,2024,3.143549567
int_ng_feed,FL,2025,3.633686018
int_ng_feed,FL,2026,3.518072437
int_ng_feed,FL,2027,3.42688426
int_ng_feed,FL,2028,3.413857377
int_ng_feed,FL,2029,3.522143338
int_ng_feed,FL,2030,3.594605371
int_ng_feed,FL,2031,3.678465927
int_ng_feed,FL,2032,3.995996186
int_ng_feed,FL,2033,4.253277114
int_ng_feed,FL,2034,4.39005938
int_ng_feed,FL,2035,4.440538549
int_ng_feed,FL,2036,4.437281828
int_ng_feed,FL,2037,4.372961596
int_ng_feed,FL,2038,4.28421596
int_ng_feed,FL,2039,4.213382287
int_ng_feed,FL,2040,4.187328522
int_ng_feed,FL,2041,4.215824827
int_ng_feed,FL,2042,4.247577853
int_ng_feed,FL,2043,4.304570464
int_ng_feed,FL,2044,4.331438409
int_ng_feed,FL,2045,4.348536192
int_ng_feed,FL,2046,4.383545938
int_ng_feed,FL,2047,4.355863813
int_ng_feed,FL,2048,4.296428662
int_ng_feed,FL,2049,4.209311386
int_ng_feed,FL,2050,4.12463665
int_ng_feed,TN,2010,2.620031729
int_ng_feed,TN,2011,2.620031729
int_ng_feed,TN,2012,2.620031729
int_ng_feed,TN,2013,2.620031729
int_ng_feed,TN,2014,2.620031729
int_ng_feed,TN,2015,2.620031729
int_ng_feed,TN,2016,2.620031729
int_ng_feed,TN,2017,2.620031729
int_ng_feed,TN,2018,2.620031729
int_ng_feed,TN,2019,2.620031729
int_ng_feed,TN,2020,2.620031729
int_ng_feed,TN,2021,2.620031729
int_ng_feed,TN,2022,2.620031729
int_ng_feed,TN,2023,2.620031729
int_ng_feed,TN,2024,2.620031729
int_ng_feed,TN,2025,3.195657097
int_ng_feed,TN,2026,3.076786794
int_ng_feed,TN,2027,2.973385915
int_ng_feed,TN,2028,3.036077787
int_ng_feed,TN,2029,3.145177927
int_ng_feed,TN,2030,3.26893331
int_ng_feed,TN,2031,3.371520009
int_ng_feed,TN,2032,3.69393535
int_ng_feed,TN,2033,3.973199142
int_ng_feed,TN,2034,4.132778452
int_ng_feed,TN,2035,4.197098684
int_ng_feed,TN,2036,4.190585242
int_ng_feed,TN,2037,4.133592632
int_ng_feed,TN,2038,4.055431337
int_ng_feed,TN,2039,3.982155123
int_ng_feed,TN,2040,3.969128241
int_ng_feed,TN,2041,4.006580528
int_ng_feed,TN,2042,4.047289536
int_ng_feed,TN,2043,4.130335911
int_ng_feed,TN,2044,4.17674418
int_ng_feed,TN,2045,4.212568106
int_ng_feed,TN,2046,4.264675636
int_ng_feed,TN,2047,4.245135313
int_ng_feed,TN,2048,4.166974018
int_ng_feed,TN,2049,4.048917896
int_ng_feed,TN,2050,3.939817756
int_ng_feed,KY,2010,2.620031729
int_ng_feed,KY,2011,2.620031729
int_ng_feed,KY,2012,2.620031729
int_ng_feed,KY,2013,2.620031729
int_ng_feed,KY,2014,2.620031729
int_ng_feed,KY,2015,2.620031729
int_ng_feed,KY,2016,2.620031729
int_ng_feed,KY,2017,2.620031729
int_ng_feed,KY,2018,2.620031729
int_ng_feed,KY,2019,2.620031729
int_ng_feed,KY,2020,2.620031729
int_ng_feed,KY,2021,2.620031729
int_ng_feed,KY,2022,2.620031729
int_ng_feed,KY,2023,2.620031729
int_ng_feed,KY,2024,2.620031729
int_ng_feed,KY,2025,3.195657097
int_ng_feed,KY,2026,3.076786794
int_ng_feed,KY,2027,2.973385915
int_ng_feed,KY,2028,3.036077787
int_ng_feed,KY,2029,3.145177927
int_ng_feed,KY,2030,3.26893331
int_ng_feed,KY,2031,3.371520009
int_ng_feed,KY,2032,3.69393535
int_ng_feed,KY,2033,3.973199142
int_ng_feed,KY,2034,4.132778452
int_ng_feed,KY,2035,4.197098684
int_ng_feed,KY,2036,4.190585242
int_ng_feed,KY,2037,4.133592632
int_ng_feed,KY,2038,4.055431337
int_ng_feed,KY,2039,3.982155123
int_ng_feed,KY,2040,3.969128241
int_ng_feed,KY,2041,4.006580528
int_ng_feed,KY,2042,4.047289536
int_ng_feed,KY,2043,4.130335911
int_ng_feed,KY,2044,4.17674418
int_ng_feed,KY,2045,4.212568106
int_ng_feed,KY,2046,4.264675636
int_ng_feed,KY,2047,4.245135313
int_ng_feed,KY,2048,4.166974018
int_ng_feed,KY,2049,4.048917896
int_ng_feed,KY,2050,3.939817756
int_ng_feed,GA,2010,3.143549567
int_ng_feed,GA,2011,3.143549567
int_ng_feed,GA,2012,3.143549567
int_ng_feed,GA,2013,3.143549567
int_ng_feed,GA,2014,3.143549567
int_ng_feed,GA,2015,3.143549567
int_ng_feed,GA,2016,3.143549567
int_ng_feed,GA,2017,3.143549567
int_ng_feed,GA,2018,3.143549567
int_ng_feed,GA,2019,3.143549567
int_ng_feed,GA,2020,3.143549567
int_ng_feed,GA,2021,3.143549567
int_ng_feed,GA,2022,3.143549567
int_ng_feed,GA,2023,3.143549567
int_ng_feed,GA,2024,3.143549567
int_ng_feed,GA,2025,3.633686018
int_ng_feed,GA,2026,3.518072437
int_ng_feed,GA,2027,3.42688426
int_ng_feed,GA,2028,3.413857377
int_ng_feed,GA,2029,3.522143338
int_ng_feed,GA,2030,3.594605371
int_ng_feed,GA,2031,3.678465927
int_ng_feed,GA,2032,3.995996186
int_ng_feed,GA,2033,4.253277114
int_ng_feed,GA,2034,4.39005938
int_ng_feed,GA,2035,4.440538549
int_ng_feed,GA,2036,4.437281828
int_ng_feed,GA,2037,4.372961596
int_ng_feed,GA,2038,4.28421596
int_ng_feed,GA,2039,4.213382287
int_ng_feed,GA,2040,4.187328522
int_ng_feed,GA,2041,4.215824827
int_ng_feed,GA,2042,4.247577853
int_ng_feed,GA,2043,4.304570464
int_ng_feed,GA,2044,4.331438409
int_ng_feed,GA,2045,4.348536192
int_ng_feed,GA,2046,4.383545938
int_ng_feed,GA,2047,4.355863813
int_ng_feed,GA,2048,4.296428662
int_ng_feed,GA,2049,4.209311386
int_ng_feed,GA,2050,4.12463665
int_ng_feed,SC,2010,3.143549567
int_ng_feed,SC,2011,3.143549567
int_ng_feed,SC,2012,3.143549567
int_ng_feed,SC,2013,3.143549567
int_ng_feed,SC,2014,3.143549567
int_ng_feed,SC,2015,3.143549567
int_ng_feed,SC,2016,3.143549567
int_ng_feed,SC,2017,3.143549567
int_ng_feed,SC,2018,3.143549567
int_ng_feed,SC,2019,3.143549567
int_ng_feed,SC,2020,3.143549567
int_ng_feed,SC,2021,3.143549567
int_ng_feed,SC,2022,3.143549567
int_ng_feed,SC,2023,3.143549567
int_ng_feed,SC,2024,3.143549567
int_ng_feed,SC,2025,3.633686018
int_ng_feed,SC,2026,3.518072437
int_ng_feed,SC,2027,3.42688426
int_ng_feed,SC,2028,3.413857377
int_ng_feed,SC,2029,3.522143338
int_ng_feed,SC,2030,3.594605371
int_ng_feed,SC,2031,3.678465927
int_ng_feed,SC,2032,3.995996186
int_ng_feed,SC,2033,4.253277114
int_ng_feed,SC,2034,4.39005938
int_ng_feed,SC,2035,4.440538549
int_ng_feed,SC,2036,4.437281828
int_ng_feed,SC,2037,4.372961596
int_ng_feed,SC,2038,4.28421596
int_ng_feed,SC,2039,4.213382287
int_ng_feed,SC,2040,4.187328522
int_ng_feed,SC,2041,4.215824827
int_ng_feed,SC,2042,4.247577853
int_ng_feed,SC,2043,4.304570464
int_ng_feed,SC,2044,4.331438409
int_ng_feed,SC,2045,4.348536192
int_ng_feed,SC,2046,4.383545938
int_ng_feed,SC,2047,4.355863813
int_ng_feed,SC,2048,4.296428662
int_ng_feed,SC,2049,4.209311386
int_ng_feed,SC,2050,4.12463665
int_ng_feed,NC,2010,3.143549567
int_ng_feed,NC,2011,3.143549567
int_ng_feed,NC,2012,3.143549567
int_ng_feed,NC,2013,3.143549567
int_ng_feed,NC,2014,3.143549567
int_ng_feed,NC,2015,3.143549567
int_ng_feed,NC,2016,3.143549567
int_ng_feed,NC,2017,3.143549567
int_ng_feed,NC,2018,3.143549567
int_ng_feed,NC,2019,3.143549567
int_ng_feed,NC,2020,3.143549567
int_ng_feed,NC,2021,3.143549567
int_ng_feed,NC,2022,3.143549567
int_ng_feed,NC,2023,3.143549567
int_ng_feed,NC,2024,3.143549567
int_ng_feed,NC,2025,3.633686018
int_ng_feed,NC,2026,3.518072437
int_ng_feed,NC,2027,3.42688426
int_ng_feed,NC,2028,3.413857377
int_ng_feed,NC,2029,3.522143338
int_ng_feed,NC,2030,3.594605371
int_ng_feed,NC,2031,3.678465927
int_ng_feed,NC,2032,3.995996186
int_ng_feed,NC,2033,4.253277114
int_ng_feed,NC,2034,4.39005938
int_ng_feed,NC,2035,4.440538549
int_ng_feed,NC,2036,4.437281828
int_ng_feed,NC,2037,4.372961596
int_ng_feed,NC,2038,4.28421596
int_ng_feed,NC,2039,4.213382287
int_ng_feed,NC,2040,4.187328522
int_ng_feed,NC,2041,4.215824827
int_ng_feed,NC,2042,4.247577853
int_ng_feed,NC,2043,4.304570464
int_ng_feed,NC,2044,4.331438409
int_ng_feed,NC,2045,4.348536192
int_ng_feed,NC,2046,4.383545938
int_ng_feed,NC,2047,4.355863813
int_ng_feed,NC,2048,4.296428662
int_ng_feed,NC,2049,4.209311386
int_ng_feed,NC,2050,4.12463665
int_ng_feed,VA,2010,3.143549567
int_ng_feed,VA,2011,3.143549567
int_ng_feed,VA,2012,3.143549567
int_ng_feed,VA,2013,3.143549567
int_ng_feed,VA,2014,3.143549567
int_ng_feed,VA,2015,3.143549567
int_ng_feed,VA,2016,3.143549567
int_ng_feed,VA,2017,3.143549567
int_ng_feed,VA,2018,3.143549567
int_ng_feed,VA,2019,3.143549567
int_ng_feed,VA,2020,3.143549567
int_ng_feed,VA,2021,3.143549567
int_ng_feed,VA,2022,3.143549567
int_ng_feed,VA,2023,3.143549567
int_ng_feed,VA,2024,3.143549567
int_ng_feed,VA,2025,3.633686018
int_ng_feed,VA,2026,3.518072437
int_ng_feed,VA,2027,3.42688426
int_ng_feed,VA,2028,3.413857377
int_ng_feed,VA,2029,3.522143338
int_ng_feed,VA,2030,3.594605371
int_ng_feed,VA,2031,3.678465927
int_ng_feed,VA,2032,3.995996186
int_ng_feed,VA,2033,4.253277114
int_ng_feed,VA,2034,4.39005938
int_ng_feed,VA,2035,4.440538549
int_ng_feed,VA,2036,4.437281828
int_ng_feed,VA,2037,4.372961596
int_ng_feed,VA,2038,4.28421596
int_ng_feed,VA,2039,4.213382287
int_ng_feed,VA,2040,4.187328522
int_ng_feed,VA,2041,4.215824827
int_ng_feed,VA,2042,4.247577853
int_ng_feed,VA,2043,4.304570464
int_ng_feed,VA,2044,4.331438409
int_ng_feed,VA,2045,4.348536192
int_ng_feed,VA,2046,4.383545938
int_ng_feed,VA,2047,4.355863813
int_ng_feed,VA,2048,4.296428662
int_ng_feed,VA,2049,4.209311386
int_ng_feed,VA,2050,4.12463665
int_ng_feed,IN,2010,3.057246471
int_ng_feed,IN,2011,3.057246471
int_ng_feed,IN,2012,3.057246471
int_ng_feed,IN,2013,3.057246471
int_ng_feed,IN,2014,3.057246471
int_ng_feed,IN,2015,3.057246471
int_ng_feed,IN,2016,3.057246471
int_ng_feed,IN,2017,3.057246471
int_ng_feed,IN,2018,3.057246471
int_ng_feed,IN,2019,3.057246471
int_ng_feed,IN,2020,3.057246471
int_ng_feed,IN,2021,3.057246471
int_ng_feed,IN,2022,3.057246471
int_ng_feed,IN,2023,3.057246471
int_ng_feed,IN,2024,3.057246471
int_ng_feed,IN,2025,3.666253224
int_ng_feed,IN,2026,3.566109066
int_ng_feed,IN,2027,3.462708186
int_ng_feed,IN,2028,3.494461212
int_ng_feed,IN,2029,3.579135948
int_ng_feed,IN,2030,3.671138305
int_ng_feed,IN,2031,3.771282464
int_ng_feed,IN,2032,4.098582885
int_ng_feed,IN,2033,4.350978732
int_ng_feed,IN,2034,4.481247557
int_ng_feed,IN,2035,4.531726726
int_ng_feed,IN,2036,4.516257303
int_ng_feed,IN,2037,4.44460945
int_ng_feed,IN,2038,4.350164552
int_ng_feed,IN,2039,4.2866585
int_ng_feed,IN,2040,4.279330879
int_ng_feed,IN,2041,4.33795185
int_ng_feed,IN,2042,4.376218317
int_ng_feed,IN,2043,4.407157163
int_ng_feed,IN,2044,4.416927325
int_ng_feed,IN,2045,4.440538549
int_ng_feed,IN,2046,4.485318457
int_ng_feed,IN,2047,4.464149773
int_ng_feed,IN,2048,4.421812406
int_ng_feed,IN,2049,4.376218317
int_ng_feed,IN,2050,4.328995868
int_ng_feed,OH,2010,3.057246471
int_ng_feed,OH,2011,3.057246471
int_ng_feed,OH,2012,3.057246471
int_ng_feed,OH,2013,3.057246471
int_ng_feed,OH,2014,3.057246471
int_ng_feed,OH,2015,3.057246471
int_ng_feed,OH,2016,3.057246471
int_ng_feed,OH,2017,3.057246471
int_ng_feed,OH,2018,3.057246471
int_ng_feed,OH,2019,3.057246471
int_ng_feed,OH,2020,3.057246471
int_ng_feed,OH,2021,3.057246471
int_ng_feed,OH,2022,3.057246471
int_ng_feed,OH,2023,3.057246471
int_ng_feed,OH,2024,3.057246471
int_ng_feed,OH,2025,3.666253224
int_ng_feed,OH,2026,3.566109066
int_ng_feed,OH,2027,3.462708186
int_ng_feed,OH,2028,3.494461212
int_ng_feed,OH,2029,3.579135948
int_ng_feed,OH,2030,3.671138305
int_ng_feed,OH,2031,3.771282464
int_ng_feed,OH,2032,4.098582885
int_ng_feed,OH,2033,4.350978732
int_ng_feed,OH,2034,4.481247557
int_ng_feed,OH,2035,4.531726726
int_ng_feed,OH,2036,4.516257303
int_ng_feed,OH,2037,4.44460945
int_ng_feed,OH,2038,4.350164552
int_ng_feed,OH,2039,4.2866585
int_ng_feed,OH,2040,4.279330879
int_ng_feed,OH,2041,4.33795185
int_ng_feed,OH,2042,4.376218317
int_ng_feed,OH,2043,4.407157163
int_ng_feed,OH,2044,4.416927325
int_ng_feed,OH,2045,4.440538549
int_ng_feed,OH,2046,4.485318457
int_ng_feed,OH,2047,4.464149773
int_ng_feed,OH,2048,4.421812406
int_ng_feed,OH,2049,4.376218317
int_ng_feed,OH,2050,4.328995868
int_ng_feed,PA,2010,3.553082183
int_ng_feed,PA,2011,3.553082183
int_ng_feed,PA,2012,3.553082183
int_ng_feed,PA,2013,3.553082183
int_ng_feed,PA,2014,3.553082183
int_ng_feed,PA,2015,3.553082183
int_ng_feed,PA,2016,3.553082183
int_ng_feed,PA,2017,3.553082183
int_ng_feed,PA,2018,3.553082183
int_ng_feed,PA,2019,3.553082183
int_ng_feed,PA,2020,3.553082183
int_ng_feed,PA,2021,3.553082183
int_ng_feed,PA,2022,3.553082183
int_ng_feed,PA,2023,3.553082183
int_ng_feed,PA,2024,3.553082183
int_ng_feed,PA,2025,4.118937389
int_ng_feed,PA,2026,4.149876235
int_ng_feed,PA,2027,3.978084223
int_ng_feed,PA,2028,3.890966946
int_ng_feed,PA,2029,3.918649072
int_ng_feed,PA,2030,3.975641682
int_ng_feed,PA,2031,4.057873878
int_ng_feed,PA,2032,4.306198824
int_ng_feed,PA,2033,4.532540906
int_ng_feed,PA,2034,4.635941785
int_ng_feed,PA,2035,4.667694811
int_ng_feed,PA,2036,4.65873883
int_ng_feed,PA,2037,4.599303679
int_ng_feed,PA,2038,4.488575178
int_ng_feed,PA,2039,4.39005938
int_ng_feed,PA,2040,4.349350372
int_ng_feed,PA,2041,4.372147416
int_ng_feed,PA,2042,4.408785523
int_ng_feed,PA,2043,4.430768387
int_ng_feed,PA,2044,4.436467648
int_ng_feed,PA,2045,4.429140027
int_ng_feed,PA,2046,4.440538549
int_ng_feed,PA,2047,4.414484784
int_ng_feed,PA,2048,4.373775777
int_ng_feed,PA,2049,4.325739148
int_ng_feed,PA,2050,4.263861456
int_ng_feed,WV,2010,3.143549567
int_ng_feed,WV,2011,3.143549567
int_ng_feed,WV,2012,3.143549567
int_ng_feed,WV,2013,3.143549567
int_ng_feed,WV,2014,3.143549567
int_ng_feed,WV,2015,3.143549567
int_ng_feed,WV,2016,3.143549567
int_ng_feed,WV,2017,3.143549567
int_ng_feed,WV,2018,3.143549567
int_ng_feed,WV,2019,3.143549567
int_ng_feed,WV,2020,3.143549567
int_ng_feed,WV,2021,3.143549567
int_ng_feed,WV,2022,3.143549567
int_ng_feed,WV,2023,3.143549567
int_ng_feed,WV,2024,3.143549567
int_ng_feed,WV,2025,3.633686018
int_ng_feed,WV,2026,3.518072437
int_ng_feed,WV,2027,3.42688426
int_ng_feed,WV,2028,3.413857377
int_ng_feed,WV,2029,3.522143338
int_ng_feed,WV,2030,3.594605371
int_ng_feed,WV,2031,3.678465927
int_ng_feed,WV,2032,3.995996186
int_ng_feed,WV,2033,4.253277114
int_ng_feed,WV,2034,4.39005938
int_ng_feed,WV,2035,4.440538549
int_ng_feed,WV,2036,4.437281828
int_ng_feed,WV,2037,4.372961596
int_ng_feed,WV,2038,4.28421596
int_ng_feed,WV,2039,4.213382287
int_ng_feed,WV,2040,4.187328522
int_ng_feed,WV,2041,4.215824827
int_ng_feed,WV,2042,4.247577853
int_ng_feed,WV,2043,4.304570464
int_ng_feed,WV,2044,4.331438409
int_ng_feed,WV,2045,4.348536192
int_ng_feed,WV,2046,4.383545938
int_ng_feed,WV,2047,4.355863813
int_ng_feed,WV,2048,4.296428662
int_ng_feed,WV,2049,4.209311386
int_ng_feed,WV,2050,4.12463665
int_ng_feed,MD,2010,3.143549567
int_ng_feed,MD,2011,3.143549567
int_ng_feed,MD,2012,3.143549567
int_ng_feed,MD,2013,3.143549567
int_ng_feed,MD,2014,3.143549567
int_ng_feed,MD,2015,3.143549567
int_ng_feed,MD,2016,3.143549567
int_ng_feed,MD,2017,3.143549567
int_ng_feed,MD,2018,3.143549567
int_ng_feed,MD,2019,3.143549567
int_ng_feed,MD,2020,3.143549567
int_ng_feed,MD,2021,3.143549567
int_ng_feed,MD,2022,3.143549567
int_ng_feed,MD,2023,3.143549567
int_ng_feed,MD,2024,3.143549567
int_ng_feed,MD,2025,3.633686018
int_ng_feed,MD,2026,3.518072437
int_ng_feed,MD,2027,3.42688426
int_ng_feed,MD,2028,3.413857377
int_ng_feed,MD,2029,3.522143338
int_ng_feed,MD,2030,3.594605371
int_ng_feed,MD,2031,3.678465927
int_ng_feed,MD,2032,3.995996186
int_ng_feed,MD,2033,4.253277114
int_ng_feed,MD,2034,4.39005938
int_ng_feed,MD,2035,4.440538549
int_ng_feed,MD,2036,4.437281828
int_ng_feed,MD,2037,4.372961596
int_ng_feed,MD,2038,4.28421596
int_ng_feed,MD,2039,4.213382287
int_ng_feed,MD,2040,4.187328522
int_ng_feed,MD,2041,4.215824827
int_ng_feed,MD,2042,4.247577853
int_ng_feed,MD,2043,4.304570464
int_ng_feed,MD,2044,4.331438409
int_ng_feed,MD,2045,4.348536192
int_ng_feed,MD,2046,4.383545938
int_ng_feed,MD,2047,4.355863813
int_ng_feed,MD,2048,4.296428662
int_ng_feed,MD,2049,4.209311386
int_ng_feed,MD,2050,4.12463665
int_ng_feed,DE,2010,3.143549567
int_ng_feed,DE,2011,3.143549567
int_ng_feed,DE,2012,3.143549567
int_ng_feed,DE,2013,3.143549567
int_ng_feed,DE,2014,3.143549567
int_ng_feed,DE,2015,3.143549567
int_ng_feed,DE,2016,3.143549567
int_ng_feed,DE,2017,3.143549567
int_ng_feed,DE,2018,3.143549567
int_ng_feed,DE,2019,3.143549567
int_ng_feed,DE,2020,3.143549567
int_ng_feed,DE,2021,3.143549567
int_ng_feed,DE,2022,3.143549567
int_ng_feed,DE,2023,3.143549567
int_ng_feed,DE,2024,3.143549567
int_ng_feed,DE,2025,3.633686018
int_ng_feed,DE,2026,3.518072437
int_ng_feed,DE,2027,3.42688426
int_ng_feed,DE,2028,3.413857377
int_ng_feed,DE,2029,3.522143338
int_ng_feed,DE,2030,3.594605371
int_ng_feed,DE,2031,3.678465927
int_ng_feed,DE,2032,3.995996186
int_ng_feed,DE,2033,4.253277114
int_ng_feed,DE,2034,4.39005938
int_ng_feed,DE,2035,4.440538549
int_ng_feed,DE,2036,4.437281828
int_ng_feed,DE,2037,4.372961596
int_ng_feed,DE,2038,4.28421596
int_ng_feed,DE,2039,4.213382287
int_ng_feed,DE,2040,4.187328522
int_ng_feed,DE,2041,4.215824827
int_ng_feed,DE,2042,4.247577853
int_ng_feed,DE,2043,4.304570464
int_ng_feed,DE,2044,4.331438409
int_ng_feed,DE,2045,4.348536192
int_ng_feed,DE,2046,4.383545938
int_ng_feed,DE,2047,4.355863813
int_ng_feed,DE,2048,4.296428662
int_ng_feed,DE,2049,4.209311386
int_ng_feed,DE,2050,4.12463665
int_ng_feed,NJ,2010,3.553082183
int_ng_feed,NJ,2011,3.553082183
int_ng_feed,NJ,2012,3.553082183
int_ng_feed,NJ,2013,3.553082183
int_ng_feed,NJ,2014,3.553082183
int_ng_feed,NJ,2015,3.553082183
int_ng_feed,NJ,2016,3.553082183
int_ng_feed,NJ,2017,3.553082183
int_ng_feed,NJ,2018,3.553082183
int_ng_feed,NJ,2019,3.553082183
int_ng_feed,NJ,2020,3.553082183
int_ng_feed,NJ,2021,3.553082183
int_ng_feed,NJ,2022,3.553082183
int_ng_feed,NJ,2023,3.553082183
int_ng_feed,NJ,2024,3.553082183
int_ng_feed,NJ,2025,4.118937389
int_ng_feed,NJ,2026,4.149876235
int_ng_feed,NJ,2027,3.978084223
int_ng_feed,NJ,2028,3.890966946
int_ng_feed,NJ,2029,3.918649072
int_ng_feed,NJ,2030,3.975641682
int_ng_feed,NJ,2031,4.057873878
int_ng_feed,NJ,2032,4.306198824
int_ng_feed,NJ,2033,4.532540906
int_ng_feed,NJ,2034,4.635941785
int_ng_feed,NJ,2035,4.667694811
int_ng_feed,NJ,2036,4.65873883
int_ng_feed,NJ,2037,4.599303679
int_ng_feed,NJ,2038,4.488575178
int_ng_feed,NJ,2039,4.39005938
int_ng_feed,NJ,2040,4.349350372
int_ng_feed,NJ,2041,4.372147416
int_ng_feed,NJ,2042,4.408785523
int_ng_feed,NJ,2043,4.430768387
int_ng_feed,NJ,2044,4.436467648
int_ng_feed,NJ,2045,4.429140027
int_ng_feed,NJ,2046,4.440538549
int_ng_feed,NJ,2047,4.414484784
int_ng_feed,NJ,2048,4.373775777
int_ng_feed,NJ,2049,4.325739148
int_ng_feed,NJ,2050,4.263861456
int_ng_feed,NY,2010,3.553082183
int_ng_feed,NY,2011,3.553082183
int_ng_feed,NY,2012,3.553082183
int_ng_feed,NY,2013,3.553082183
int_ng_feed,NY,2014,3.553082183
int_ng_feed,NY,2015,3.553082183
int_ng_feed,NY,2016,3.553082183
int_ng_feed,NY,2017,3.553082183
int_ng_feed,NY,2018,3.553082183
int_ng_feed,NY,2019,3.553082183
int_ng_feed,NY,2020,3.553082183
int_ng_feed,NY,2021,3.553082183
int_ng_feed,NY,2022,3.553082183
int_ng_feed,NY,2023,3.553082183
int_ng_feed,NY,2024,3.553082183
int_ng_feed,NY,2025,4.118937389
int_ng_feed,NY,2026,4.149876235
int_ng_feed,NY,2027,3.978084223
int_ng_feed,NY,2028,3.890966946
int_ng_feed,NY,2029,3.918649072
int_ng_feed,NY,2030,3.975641682
int_ng_feed,NY,2031,4.057873878
int_ng_feed,NY,2032,4.306198824
int_ng_feed,NY,2033,4.532540906
int_ng_feed,NY,2034,4.635941785
int_ng_feed,NY,2035,4.667694811
int_ng_feed,NY,2036,4.65873883
int_ng_feed,NY,2037,4.599303679
int_ng_feed,NY,2038,4.488575178
int_ng_feed,NY,2039,4.39005938
int_ng_feed,NY,2040,4.349350372
int_ng_feed,NY,2041,4.372147416
int_ng_feed,NY,2042,4.408785523
int_ng_feed,NY,2043,4.430768387
int_ng_feed,NY,2044,4.436467648
int_ng_feed,NY,2045,4.429140027
int_ng_feed,NY,2046,4.440538549
int_ng_feed,NY,2047,4.414484784
int_ng_feed,NY,2048,4.373775777
int_ng_feed,NY,2049,4.325739148
int_ng_feed,NY,2050,4.263861456
int_ng_feed,VT,2010,5.343464338
int_ng_feed,VT,2011,5.343464338
int_ng_feed,VT,2012,5.343464338
int_ng_feed,VT,2013,5.343464338
int_ng_feed,VT,2014,5.343464338
int_ng_feed,VT,2015,5.343464338
int_ng_feed,VT,2016,5.343464338
int_ng_feed,VT,2017,5.343464338
int_ng_feed,VT,2018,5.343464338
int_ng_feed,VT,2019,5.343464338
int_ng_feed,VT,2020,5.343464338
int_ng_feed,VT,2021,5.343464338
int_ng_feed,VT,2022,5.343464338
int_ng_feed,VT,2023,5.343464338
int_ng_feed,VT,2024,5.343464338
int_ng_feed,VT,2025,5.702517785
int_ng_feed,VT,2026,5.866167995
int_ng_feed,VT,2027,5.423253992
int_ng_feed,VT,2028,5.118750616
int_ng_feed,VT,2029,5.064200545
int_ng_feed,VT,2030,4.908692136
int_ng_feed,VT,2031,5.067457266
int_ng_feed,VT,2032,5.297056069
int_ng_feed,VT,2033,5.612143788
int_ng_feed,VT,2034,5.715544667
int_ng_feed,VT,2035,5.744855153
int_ng_feed,VT,2036,5.7839358
int_ng_feed,VT,2037,5.674835659
int_ng_feed,VT,2038,5.593417644
int_ng_feed,VT,2039,5.46233464
int_ng_feed,VT,2040,5.441165956
int_ng_feed,VT,2041,5.567363879
int_ng_feed,VT,2042,5.62435649
int_ng_feed,VT,2043,5.697632704
int_ng_feed,VT,2044,5.542124295
int_ng_feed,VT,2045,5.504672008
int_ng_feed,VT,2046,5.492459305
int_ng_feed,VT,2047,5.520955611
int_ng_feed,VT,2048,5.405342029
int_ng_feed,VT,2049,5.529911592
int_ng_feed,VT,2050,5.471290621
int_ng_feed,NH,2010,5.343464338
int_ng_feed,NH,2011,5.343464338
int_ng_feed,NH,2012,5.343464338
int_ng_feed,NH,2013,5.343464338
int_ng_feed,NH,2014,5.343464338
int_ng_feed,NH,2015,5.343464338
int_ng_feed,NH,2016,5.343464338
int_ng_feed,NH,2017,5.343464338
int_ng_feed,NH,2018,5.343464338
int_ng_feed,NH,2019,5.343464338
int_ng_feed,NH,2020,5.343464338
int_ng_feed,NH,2021,5.343464338
int_ng_feed,NH,2022,5.343464338
int_ng_feed,NH,2023,5.343464338
int_ng_feed,NH,2024,5.343464338
int_ng_feed,NH,2025,5.702517785
int_ng_feed,NH,2026,5.866167995
int_ng_feed,NH,2027,5.423253992
int_ng_feed,NH,2028,5.118750616
int_ng_feed,NH,2029,5.064200545
int_ng_feed,NH,2030,4.908692136
int_ng_feed,NH,2031,5.067457266
int_ng_feed,NH,2032,5.297056069
int_ng_feed,NH,2033,5.612143788
int_ng_feed,NH,2034,5.715544667
int_ng_feed,NH,2035,5.744855153
int_ng_feed,NH,2036,5.7839358
int_ng_feed,NH,2037,5.674835659
int_ng_feed,NH,2038,5.593417644
int_ng_feed,NH,2039,5.46233464
int_ng_feed,NH,2040,5.441165956
int_ng_feed,NH,2041,5.567363879
int_ng_feed,NH,2042,5.62435649
int_ng_feed,NH,2043,5.697632704
int_ng_feed,NH,2044,5.542124295
int_ng_feed,NH,2045,5.504672008
int_ng_feed,NH,2046,5.492459305
int_ng_feed,NH,2047,5.520955611
int_ng_feed,NH,2048,5.405342029
int_ng_feed,NH,2049,5.529911592
int_ng_feed,NH,2050,5.471290621
int_ng_feed,MA,2010,5.343464338
int_ng_feed,MA,2011,5.343464338
int_ng_feed,MA,2012,5.343464338
int_ng_feed,MA,2013,5.343464338
int_ng_feed,MA,2014,5.343464338
int_ng_feed,MA,2015,5.343464338
int_ng_feed,MA,2016,5.343464338
int_ng_feed,MA,2017,5.343464338
int_ng_feed,MA,2018,5.343464338
int_ng_feed,MA,2019,5.343464338
int_ng_feed,MA,2020,5.343464338
int_ng_feed,MA,2021,5.343464338
int_ng_feed,MA,2022,5.343464338
int_ng_feed,MA,2023,5.343464338
int_ng_feed,MA,2024,5.343464338
int_ng_feed,MA,2025,5.702517785
int_ng_feed,MA,2026,5.866167995
int_ng_feed,MA,2027,5.423253992
int_ng_feed,MA,2028,5.118750616
int_ng_feed,MA,2029,5.064200545
int_ng_feed,MA,2030,4.908692136
int_ng_feed,MA,2031,5.067457266
int_ng_feed,MA,2032,5.297056069
int_ng_feed,MA,2033,5.612143788
int_ng_feed,MA,2034,5.715544667
int_ng_feed,MA,2035,5.744855153
int_ng_feed,MA,2036,5.7839358
int_ng_feed,MA,2037,5.674835659
int_ng_feed,MA,2038,5.593417644
int_ng_feed,MA,2039,5.46233464
int_ng_feed,MA,2040,5.441165956
int_ng_feed,MA,2041,5.567363879
int_ng_feed,MA,2042,5.62435649
int_ng_feed,MA,2043,5.697632704
int_ng_feed,MA,2044,5.542124295
int_ng_feed,MA,2045,5.504672008
int_ng_feed,MA,2046,5.492459305
int_ng_feed,MA,2047,5.520955611
int_ng_feed,MA,2048,5.405342029
int_ng_feed,MA,2049,5.529911592
int_ng_feed,MA,2050,5.471290621
int_ng_feed,CT,2010,5.343464338
int_ng_feed,CT,2011,5.343464338
int_ng_feed,CT,2012,5.343464338
int_ng_feed,CT,2013,5.343464338
int_ng_feed,CT,2014,5.343464338
int_ng_feed,CT,2015,5.343464338
int_ng_feed,CT,2016,5.343464338
int_ng_feed,CT,2017,5.343464338
int_ng_feed,CT,2018,5.343464338
int_ng_feed,CT,2019,5.343464338
int_ng_feed,CT,2020,5.343464338
int_ng_feed,CT,2021,5.343464338
int_ng_feed,CT,2022,5.343464338
int_ng_feed,CT,2023,5.343464338
int_ng_feed,CT,2024,5.343464338
int_ng_feed,CT,2025,5.702517785
int_ng_feed,CT,2026,5.866167995
int_ng_feed,CT,2027,5.423253992
int_ng_feed,CT,2028,5.118750616
int_ng_feed,CT,2029,5.064200545
int_ng_feed,CT,2030,4.908692136
int_ng_feed,CT,2031,5.067457266
int_ng_feed,CT,2032,5.297056069
int_ng_feed,CT,2033,5.612143788
int_ng_feed,CT,2034,5.715544667
int_ng_feed,CT,2035,5.744855153
int_ng_feed,CT,2036,5.7839358
int_ng_feed,CT,2037,5.674835659
int_ng_feed,CT,2038,5.593417644
int_ng_feed,CT,2039,5.46233464
int_ng_feed,CT,2040,5.441165956
int_ng_feed,CT,2041,5.567363879
int_ng_feed,CT,2042,5.62435649
int_ng_feed,CT,2043,5.697632704
int_ng_feed,CT,2044,5.542124295
int_ng_feed,CT,2045,5.504672008
int_ng_feed,CT,2046,5.492459305
int_ng_feed,CT,2047,5.520955611
int_ng_feed,CT,2048,5.405342029
int_ng_feed,CT,2049,5.529911592
int_ng_feed,CT,2050,5.471290621
int_ng_feed,RI,2010,5.343464338
int_ng_feed,RI,2011,5.343464338
int_ng_feed,RI,2012,5.343464338
int_ng_feed,RI,2013,5.343464338
int_ng_feed,RI,2014,5.343464338
int_ng_feed,RI,2015,5.343464338
int_ng_feed,RI,2016,5.343464338
int_ng_feed,RI,2017,5.343464338
int_ng_feed,RI,2018,5.343464338
int_ng_feed,RI,2019,5.343464338
int_ng_feed,RI,2020,5.343464338
int_ng_feed,RI,2021,5.343464338
int_ng_feed,RI,2022,5.343464338
int_ng_feed,RI,2023,5.343464338
int_ng_feed,RI,2024,5.343464338
int_ng_feed,RI,2025,5.702517785
int_ng_feed,RI,2026,5.866167995
int_ng_feed,RI,2027,5.423253992
int_ng_feed,RI,2028,5.118750616
int_ng_feed,RI,2029,5.064200545
int_ng_feed,RI,2030,4.908692136
int_ng_feed,RI,2031,5.067457266
int_ng_feed,RI,2032,5.297056069
int_ng_feed,RI,2033,5.612143788
int_ng_feed,RI,2034,5.715544667
int_ng_feed,RI,2035,5.744855153
int_ng_feed,RI,2036,5.7839358
int_ng_feed,RI,2037,5.674835659
int_ng_feed,RI,2038,5.593417644
int_ng_feed,RI,2039,5.46233464
int_ng_feed,RI,2040,5.441165956
int_ng_feed,RI,2041,5.567363879
int_ng_feed,RI,2042,5.62435649
int_ng_feed,RI,2043,5.697632704
int_ng_feed,RI,2044,5.542124295
int_ng_feed,RI,2045,5.504672008
int_ng_feed,RI,2046,5.492459305
int_ng_feed,RI,2047,5.520955611
int_ng_feed,RI,2048,5.405342029
int_ng_feed,RI,2049,5.529911592
int_ng_feed,RI,2050,5.471290621
int_ng_feed,ME,2010,5.343464338
int_ng_feed,ME,2011,5.343464338
int_ng_feed,ME,2012,5.343464338
int_ng_feed,ME,2013,5.343464338
int_ng_feed,ME,2014,5.343464338
int_ng_feed,ME,2015,5.343464338
int_ng_feed,ME,2016,5.343464338
int_ng_feed,ME,2017,5.343464338
int_ng_feed,ME,2018,5.343464338
int_ng_feed,ME,2019,5.343464338
int_ng_feed,ME,2020,5.343464338
int_ng_feed,ME,2021,5.343464338
int_ng_feed,ME,2022,5.343464338
int_ng_feed,ME,2023,5.343464338
int_ng_feed,ME,2024,5.343464338
int_ng_feed,ME,2025,5.702517785
int_ng_feed,ME,2026,5.866167995
int_ng_feed,ME,2027,5.423253992
int_ng_feed,ME,2028,5.118750616
int_ng_feed,ME,2029,5.064200545
int_ng_feed,ME,2030,4.908692136
int_ng_feed,ME,2031,5.067457266
int_ng_feed,ME,2032,5.297056069
int_ng_feed,ME,2033,5.612143788
int_ng_feed,ME,2034,5.715544667
int_ng_feed,ME,2035,5.744855153
int_ng_feed,ME,2036,5.7839358
int_ng_feed,ME,2037,5.674835659
int_ng_feed,ME,2038,5.593417644
int_ng_feed,ME,2039,5.46233464
int_ng_feed,ME,2040,5.441165956
int_ng_feed,ME,2041,5.567363879
int_ng_feed,ME,2042,5.62435649
int_ng_feed,ME,2043,5.697632704
int_ng_feed,ME,2044,5.542124295
int_ng_feed,ME,2045,5.504672008
int_ng_feed,ME,2046,5.492459305
int_ng_feed,ME,2047,5.520955611
int_ng_feed,ME,2048,5.405342029
int_ng_feed,ME,2049,5.529911592
int_ng_feed,ME,2050,5.471290621
int_ng_feed,voluntary,2010,3.166126104
int_ng_feed,voluntary,2011,3.166126104
int_ng_feed,voluntary,2012,3.166126104
int_ng_feed,voluntary,2013,3.166126104
int_ng_feed,voluntary,2014,3.166126104
int_ng_feed,voluntary,2015,3.166126104
int_ng_feed,voluntary,2016,3.166126104
int_ng_feed,voluntary,2017,3.166126104
int_ng_feed,voluntary,2018,3.166126104
int_ng_feed,voluntary,2019,3.166126104
int_ng_feed,voluntary,2020,3.166126104
int_ng_feed,voluntary,2021,3.166126104
int_ng_feed,voluntary,2022,3.166126104
int_ng_feed,voluntary,2023,3.166126104
int_ng_feed,voluntary,2024,3.166126104
int_ng_feed,voluntary,2025,3.706283749
int_ng_feed,voluntary,2026,3.654651157
int_ng_feed,voluntary,2027,3.511694692
int_ng_feed,voluntary,2028,3.512373176
int_ng_feed,voluntary,2029,3.603289959
int_ng_feed,voluntary,2030,3.691628506
int_ng_feed,voluntary,2031,3.809633742
int_ng_feed,voluntary,2032,4.143702035
int_ng_feed,voluntary,2033,4.420251894
int_ng_feed,voluntary,2034,4.56468406
int_ng_feed,voluntary,2035,4.617130832
int_ng_feed,voluntary,2036,4.604307494
int_ng_feed,voluntary,2037,4.530878622
int_ng_feed,voluntary,2038,4.452937834
int_ng_feed,voluntary,2039,4.383138848
int_ng_feed,voluntary,2040,4.388074815
int_ng_feed,voluntary,2041,4.465879906
int_ng_feed,voluntary,2042,4.523754545
int_ng_feed,voluntary,2043,4.588617564
int_ng_feed,voluntary,2044,4.594096318
int_ng_feed,voluntary,2045,4.615672092
int_ng_feed,voluntary,2046,4.660825166
int_ng_feed,voluntary,2047,4.657229204
int_ng_feed,voluntary,2048,4.601169508
int_ng_feed,voluntary,2049,4.565786596
int_ng_feed,voluntary,2050,4.514272739
int_coal_feed,id,2010,1.722805202
int_coal_feed,id,2011,1.722805202
int_coal_feed,id,2012,1.722805202
int_coal_feed,id,2013,1.722805202
int_coal_feed,id,2014,1.722805202
int_coal_feed,id,2015,1.722805202
int_coal_feed,id,2016,1.722805202
int_coal_feed,id,2017,1.722805202
int_coal_feed,id,2018,1.722805202
int_coal_feed,id,2019,1.722805202
int_coal_feed,id,2020,1.722805202
int_coal_feed,id,2021,1.722805202
int_coal_feed,id,2022,1.722805202
int_coal_feed,id,2023,1.722805202
int_coal_feed,id,2024,1.722805202
int_coal_feed,id,2025,1.71222086
int_coal_feed,id,2026,1.614519241
int_coal_feed,id,2027,1.612890881
int_coal_feed,id,2028,1.518445984
int_coal_feed,id,2029,1.55345573
int_coal_feed,id,2030,1.66092751
int_coal_feed,id,2031,1.703264878
int_coal_feed,id,2032,2.453938978
int_coal_feed,id,2033,2.46615168
int_coal_feed,id,2034,2.419743412
int_coal_feed,id,2035,2.378220224
int_coal_feed,id,2036,2.360308261
int_coal_feed,id,2037,2.35623736
int_coal_feed,id,2038,2.328555235
int_coal_feed,id,2039,3.124009243
int_coal_feed,id,2040,3.122380883
int_coal_feed,id,2041,3.121566703
int_coal_feed,id,2042,3.119938343
int_coal_feed,id,2043,3.126451784
int_coal_feed,id,2044,3.130522684
int_coal_feed,id,2045,3.132965225
int_coal_feed,id,2046,3.145992107
int_coal_feed,id,2047,3.151691368
int_coal_feed,id,2048,3.154133909
int_coal_feed,id,2049,3.153319729
int_coal_feed,id,2050,3.15901899
int_coal_feed,WA,2010,2.62247427
int_coal_feed,WA,2011,2.62247427
int_coal_feed,WA,2012,2.62247427
int_coal_feed,WA,2013,2.62247427
int_coal_feed,WA,2014,2.62247427
int_coal_feed,WA,2015,2.62247427
int_coal_feed,WA,2016,2.62247427
int_coal_feed,WA,2017,2.62247427
int_coal_feed,WA,2018,2.62247427
int_coal_feed,WA,2019,2.62247427
int_coal_feed,WA,2020,2.62247427
int_coal_feed,WA,2021,2.62247427
int_coal_feed,WA,2022,2.62247427
int_coal_feed,WA,2023,2.62247427
int_coal_feed,WA,2024,2.62247427
int_coal_feed,WA,2025,2.614332468
int_coal_feed,WA,2026,3.097955478
int_coal_feed,WA,2027,3.067016633
int_coal_feed,WA,2028,3.045033769
int_coal_feed,WA,2029,3.067016633
int_coal_feed,WA,2030,3.040148688
int_coal_feed,WA,2031,3.034449427
int_coal_feed,WA,2032,2.954659772
int_coal_feed,WA,2033,2.922906746
int_coal_feed,WA,2034,2.897667161
int_coal_feed,WA,2035,2.874055937
int_coal_feed,WA,2036,2.864285775
int_coal_feed,WA,2037,2.842302911
int_coal_feed,WA,2038,2.799151363
int_coal_feed,WA,2039,2.773097598
int_coal_feed,WA,2040,2.752743094
int_coal_feed,WA,2041,2.735645311
int_coal_feed,WA,2042,2.722618428
int_coal_feed,WA,2043,2.719361708
int_coal_feed,WA,2044,2.707963186
int_coal_feed,WA,2045,2.696564663
int_coal_feed,WA,2046,2.693307943
int_coal_feed,WA,2047,2.973385915
int_coal_feed,WA,2048,2.963615753
int_coal_feed,WA,2049,2.951403051
int_coal_feed,WA,2050,2.94407543
int_coal_feed,OR,2010,2.62247427
int_coal_feed,OR,2011,2.62247427
int_coal_feed,OR,2012,2.62247427
int_coal_feed,OR,2013,2.62247427
int_coal_feed,OR,2014,2.62247427
int_coal_feed,OR,2015,2.62247427
int_coal_feed,OR,2016,2.62247427
int_coal_feed,OR,2017,2.62247427
int_coal_feed,OR,2018,2.62247427
int_coal_feed,OR,2019,2.62247427
int_coal_feed,OR,2020,2.62247427
int_coal_feed,OR,2021,2.62247427
int_coal_feed,OR,2022,2.62247427
int_coal_feed,OR,2023,2.62247427
int_coal_feed,OR,2024,2.62247427
int_coal_feed,OR,2025,2.614332468
int_coal_feed,OR,2026,3.097955478
int_coal_feed,OR,2027,3.067016633
int_coal_feed,OR,2028,3.045033769
int_coal_feed,OR,2029,3.067016633
int_coal_feed,OR,2030,3.040148688
int_coal_feed,OR,2031,3.034449427
int_coal_feed,OR,2032,2.954659772
int_coal_feed,OR,2033,2.922906746
int_coal_feed,OR,2034,2.897667161
int_coal_feed,OR,2035,2.874055937
int_coal_feed,OR,2036,2.864285775
int_coal_feed,OR,2037,2.842302911
int_coal_feed,OR,2038,2.799151363
int_coal_feed,OR,2039,2.773097598
int_coal_feed,OR,2040,2.752743094
int_coal_feed,OR,2041,2.735645311
int_coal_feed,OR,2042,2.722618428
int_coal_feed,OR,2043,2.719361708
int_coal_feed,OR,2044,2.707963186
int_coal_feed,OR,2045,2.696564663
int_coal_feed,OR,2046,2.693307943
int_coal_feed,OR,2047,2.973385915
int_coal_feed,OR,2048,2.963615753
int_coal_feed,OR,2049,2.951403051
int_coal_feed,OR,2050,2.94407543
int_coal_feed,CA,2010,2.62247427
int_coal_feed,CA,2011,2.62247427
int_coal_feed,CA,2012,2.62247427
int_coal_feed,CA,2013,2.62247427
int_coal_feed,CA,2014,2.62247427
int_coal_feed,CA,2015,2.62247427
int_coal_feed,CA,2016,2.62247427
int_coal_feed,CA,2017,2.62247427
int_coal_feed,CA,2018,2.62247427
int_coal_feed,CA,2019,2.62247427
int_coal_feed,CA,2020,2.62247427
int_coal_feed,CA,2021,2.62247427
int_coal_feed,CA,2022,2.62247427
int_coal_feed,CA,2023,2.62247427
int_coal_feed,CA,2024,2.62247427
int_coal_feed,CA,2025,2.614332468
int_coal_feed,CA,2026,3.097955478
int_coal_feed,CA,2027,3.067016633
int_coal_feed,CA,2028,3.045033769
int_coal_feed,CA,2029,3.067016633
int_coal_feed,CA,2030,3.040148688
int_coal_feed,CA,2031,3.034449427
int_coal_feed,CA,2032,2.954659772
int_coal_feed,CA,2033,2.922906746
int_coal_feed,CA,2034,2.897667161
int_coal_feed,CA,2035,2.874055937
int_coal_feed,CA,2036,2.864285775
int_coal_feed,CA,2037,2.842302911
int_coal_feed,CA,2038,2.799151363
int_coal_feed,CA,2039,2.773097598
int_coal_feed,CA,2040,2.752743094
int_coal_feed,CA,2041,2.735645311
int_coal_feed,CA,2042,2.722618428
int_coal_feed,CA,2043,2.719361708
int_coal_feed,CA,2044,2.707963186
int_coal_feed,CA,2045,2.696564663
int_coal_feed,CA,2046,2.693307943
int_coal_feed,CA,2047,2.973385915
int_coal_feed,CA,2048,2.963615753
int_coal_feed,CA,2049,2.951403051
int_coal_feed,CA,2050,2.94407543
int_coal_feed,NV,2010,1.722805202
int_coal_feed,NV,2011,1.722805202
int_coal_feed,NV,2012,1.722805202
int_coal_feed,NV,2013,1.722805202
int_coal_feed,NV,2014,1.722805202
int_coal_feed,NV,2015,1.722805202
int_coal_feed,NV,2016,1.722805202
int_coal_feed,NV,2017,1.722805202
int_coal_feed,NV,2018,1.722805202
int_coal_feed,NV,2019,1.722805202
int_coal_feed,NV,2020,1.722805202
int_coal_feed,NV,2021,1.722805202
int_coal_feed,NV,2022,1.722805202
int_coal_feed,NV,2023,1.722805202
int_coal_feed,NV,2024,1.722805202
int_coal_feed,NV,2025,1.71222086
int_coal_feed,NV,2026,1.614519241
int_coal_feed,NV,2027,1.612890881
int_coal_feed,NV,2028,1.518445984
int_coal_feed,NV,2029,1.55345573
int_coal_feed,NV,2030,1.66092751
int_coal_feed,NV,2031,1.703264878
int_coal_feed,NV,2032,2.453938978
int_coal_feed,NV,2033,2.46615168
int_coal_feed,NV,2034,2.419743412
int_coal_feed,NV,2035,2.378220224
int_coal_feed,NV,2036,2.360308261
int_coal_feed,NV,2037,2.35623736
int_coal_feed,NV,2038,2.328555235
int_coal_feed,NV,2039,3.124009243
int_coal_feed,NV,2040,3.122380883
int_coal_feed,NV,2041,3.121566703
int_coal_feed,NV,2042,3.119938343
int_coal_feed,NV,2043,3.126451784
int_coal_feed,NV,2044,3.130522684
int_coal_feed,NV,2045,3.132965225
int_coal_feed,NV,2046,3.145992107
int_coal_feed,NV,2047,3.151691368
int_coal_feed,NV,2048,3.154133909
int_coal_feed,NV,2049,3.153319729
int_coal_feed,NV,2050,3.15901899
int_coal_feed,MT,2010,1.755779498
int_coal_feed,MT,2011,1.755779498
int_coal_feed,MT,2012,1.755779498
int_coal_feed,MT,2013,1.755779498
int_coal_feed,MT,2014,1.755779498
int_coal_feed,MT,2015,1.755779498
int_coal_feed,MT,2016,1.755779498
int_coal_feed,MT,2017,1.755779498
int_coal_feed,MT,2018,1.755779498
int_coal_feed,MT,2019,1.755779498
int_coal_feed,MT,2020,1.755779498
int_coal_feed,MT,2021,1.755779498
int_coal_feed,MT,2022,1.755779498
int_coal_feed,MT,2023,1.755779498
int_coal_feed,MT,2024,1.755779498
int_coal_feed,MT,2025,1.764328389
int_coal_feed,MT,2026,1.734203724
int_coal_feed,MT,2027,1.763514209
int_coal_feed,MT,2028,1.704079058
int_coal_feed,MT,2029,1.722805202
int_coal_feed,MT,2030,1.851038576
int_coal_feed,MT,2031,1.878313611
int_coal_feed,MT,2032,2.270748444
int_coal_feed,MT,2033,2.273598074
int_coal_feed,MT,2034,2.280518606
int_coal_feed,MT,2035,2.272783894
int_coal_feed,MT,2036,2.306572371
int_coal_feed,MT,2037,2.335068676
int_coal_feed,MT,2038,2.381884035
int_coal_feed,MT,2039,3.147620468
int_coal_feed,MT,2040,3.144770837
int_coal_feed,MT,2041,3.143142477
int_coal_feed,MT,2042,3.140699936
int_coal_feed,MT,2043,3.148841738
int_coal_feed,MT,2044,3.152505549
int_coal_feed,MT,2045,3.155762269
int_coal_feed,MT,2046,3.170010422
int_coal_feed,MT,2047,3.176523863
int_coal_feed,MT,2048,3.178152223
int_coal_feed,MT,2049,3.176116773
int_coal_feed,MT,2050,3.183037304
int_coal_feed,WY,2010,1.722805202
int_coal_feed,WY,2011,1.722805202
int_coal_feed,WY,2012,1.722805202
int_coal_feed,WY,2013,1.722805202
int_coal_feed,WY,2014,1.722805202
int_coal_feed,WY,2015,1.722805202
int_coal_feed,WY,2016,1.722805202
int_coal_feed,WY,2017,1.722805202
int_coal_feed,WY,2018,1.722805202
int_coal_feed,WY,2019,1.722805202
int_coal_feed,WY,2020,1.722805202
int_coal_feed,WY,2021,1.722805202
int_coal_feed,WY,2022,1.722805202
int_coal_feed,WY,2023,1.722805202
int_coal_feed,WY,2024,1.722805202
int_coal_feed,WY,2025,1.71222086
int_coal_feed,WY,2026,1.614519241
int_coal_feed,WY,2027,1.612890881
int_coal_feed,WY,2028,1.518445984
int_coal_feed,WY,2029,1.55345573
int_coal_feed,WY,2030,1.66092751
int_coal_feed,WY,2031,1.703264878
int_coal_feed,WY,2032,2.453938978
int_coal_feed,WY,2033,2.46615168
int_coal_feed,WY,2034,2.419743412
int_coal_feed,WY,2035,2.378220224
int_coal_feed,WY,2036,2.360308261
int_coal_feed,WY,2037,2.35623736
int_coal_feed,WY,2038,2.328555235
int_coal_feed,WY,2039,3.124009243
int_coal_feed,WY,2040,3.122380883
int_coal_feed,WY,2041,3.121566703
int_coal_feed,WY,2042,3.119938343
int_coal_feed,WY,2043,3.126451784
int_coal_feed,WY,2044,3.130522684
int_coal_feed,WY,2045,3.132965225
int_coal_feed,WY,2046,3.145992107
int_coal_feed,WY,2047,3.151691368
int_coal_feed,WY,2048,3.154133909
int_coal_feed,WY,2049,3.153319729
int_coal_feed,WY,2050,3.15901899
int_coal_feed,UT,2010,1.722805202
int_coal_feed,UT,2011,1.722805202
int_coal_feed,UT,2012,1.722805202
int_coal_feed,UT,2013,1.722805202
int_coal_feed,UT,2014,1.722805202
int_coal_feed,UT,2015,1.722805202
int_coal_feed,UT,2016,1.722805202
int_coal_feed,UT,2017,1.722805202
int_coal_feed,UT,2018,1.722805202
int_coal_feed,UT,2019,1.722805202
int_coal_feed,UT,2020,1.722805202
int_coal_feed,UT,2021,1.722805202
int_coal_feed,UT,2022,1.722805202
int_coal_feed,UT,2023,1.722805202
int_coal_feed,UT,2024,1.722805202
int_coal_feed,UT,2025,1.71222086
int_coal_feed,UT,2026,1.614519241
int_coal_feed,UT,2027,1.612890881
int_coal_feed,UT,2028,1.518445984
int_coal_feed,UT,2029,1.55345573
int_coal_feed,UT,2030,1.66092751
int_coal_feed,UT,2031,1.703264878
int_coal_feed,UT,2032,2.453938978
int_coal_feed,UT,2033,2.46615168
int_coal_feed,UT,2034,2.419743412
int_coal_feed,UT,2035,2.378220224
int_coal_feed,UT,2036,2.360308261
int_coal_feed,UT,2037,2.35623736
int_coal_feed,UT,2038,2.328555235
int_coal_feed,UT,2039,3.124009243
int_coal_feed,UT,2040,3.122380883
int_coal_feed,UT,2041,3.121566703
int_coal_feed,UT,2042,3.119938343
int_coal_feed,UT,2043,3.126451784
int_coal_feed,UT,2044,3.130522684
int_coal_feed,UT,2045,3.132965225
int_coal_feed,UT,2046,3.145992107
int_coal_feed,UT,2047,3.151691368
int_coal_feed,UT,2048,3.154133909
int_coal_feed,UT,2049,3.153319729
int_coal_feed,UT,2050,3.15901899
int_coal_feed,AZ,2010,1.722805202
int_coal_feed,AZ,2011,1.722805202
int_coal_feed,AZ,2012,1.722805202
int_coal_feed,AZ,2013,1.722805202
int_coal_feed,AZ,2014,1.722805202
int_coal_feed,AZ,2015,1.722805202
int_coal_feed,AZ,2016,1.722805202
int_coal_feed,AZ,2017,1.722805202
int_coal_feed,AZ,2018,1.722805202
int_coal_feed,AZ,2019,1.722805202
int_coal_feed,AZ,2020,1.722805202
int_coal_feed,AZ,2021,1.722805202
int_coal_feed,AZ,2022,1.722805202
int_coal_feed,AZ,2023,1.722805202
int_coal_feed,AZ,2024,1.722805202
int_coal_feed,AZ,2025,1.71222086
int_coal_feed,AZ,2026,1.614519241
int_coal_feed,AZ,2027,1.612890881
int_coal_feed,AZ,2028,1.518445984
int_coal_feed,AZ,2029,1.55345573
int_coal_feed,AZ,2030,1.66092751
int_coal_feed,AZ,2031,1.703264878
int_coal_feed,AZ,2032,2.453938978
int_coal_feed,AZ,2033,2.46615168
int_coal_feed,AZ,2034,2.419743412
int_coal_feed,AZ,2035,2.378220224
int_coal_feed,AZ,2036,2.360308261
int_coal_feed,AZ,2037,2.35623736
int_coal_feed,AZ,2038,2.328555235
int_coal_feed,AZ,2039,3.124009243
int_coal_feed,AZ,2040,3.122380883
int_coal_feed,AZ,2041,3.121566703
int_coal_feed,AZ,2042,3.119938343
int_coal_feed,AZ,2043,3.126451784
int_coal_feed,AZ,2044,3.130522684
int_coal_feed,AZ,2045,3.132965225
int_coal_feed,AZ,2046,3.145992107
int_coal_feed,AZ,2047,3.151691368
int_coal_feed,AZ,2048,3.154133909
int_coal_feed,AZ,2049,3.153319729
int_coal_feed,AZ,2050,3.15901899
int_coal_feed,NM,2010,1.749673147
int_coal_feed,NM,2011,1.749673147
int_coal_feed,NM,2012,1.749673147
int_coal_feed,NM,2013,1.749673147
int_coal_feed,NM,2014,1.749673147
int_coal_feed,NM,2015,1.749673147
int_coal_feed,NM,2016,1.749673147
int_coal_feed,NM,2017,1.749673147
int_coal_feed,NM,2018,1.749673147
int_coal_feed,NM,2019,1.749673147
int_coal_feed,NM,2020,1.749673147
int_coal_feed,NM,2021,1.749673147
int_coal_feed,NM,2022,1.749673147
int_coal_feed,NM,2023,1.749673147
int_coal_feed,NM,2024,1.749673147
int_coal_feed,NM,2025,1.746009336
int_coal_feed,NM,2026,1.704893238
int_coal_feed,NM,2027,1.696751437
int_coal_feed,NM,2028,1.643015547
int_coal_feed,NM,2029,1.651971528
int_coal_feed,NM,2030,1.694715986
int_coal_feed,NM,2031,1.708557049
int_coal_feed,NM,2032,2.245508859
int_coal_feed,NM,2033,2.24835849
int_coal_feed,NM,2034,2.220676365
int_coal_feed,NM,2035,2.19706514
int_coal_feed,NM,2036,2.188516249
int_coal_feed,NM,2037,2.185259528
int_coal_feed,NM,2038,2.170197195
int_coal_feed,NM,2039,2.565481659
int_coal_feed,NM,2040,2.562632028
int_coal_feed,NM,2041,2.560596578
int_coal_feed,NM,2042,2.557339857
int_coal_feed,NM,2043,2.560596578
int_coal_feed,NM,2044,2.666439998
int_coal_feed,NM,2045,2.654227296
int_coal_feed,NM,2046,3.007988572
int_coal_feed,NM,2047,3.005546031
int_coal_feed,NM,2048,3.006767301
int_coal_feed,NM,2049,3.006360211
int_coal_feed,NM,2050,3.015723283
int_coal_feed,SD,2010,1.755779498
int_coal_feed,SD,2011,1.755779498
int_coal_feed,SD,2012,1.755779498
int_coal_feed,SD,2013,1.755779498
int_coal_feed,SD,2014,1.755779498
int_coal_feed,SD,2015,1.755779498
int_coal_feed,SD,2016,1.755779498
int_coal_feed,SD,2017,1.755779498
int_coal_feed,SD,2018,1.755779498
int_coal_feed,SD,2019,1.755779498
int_coal_feed,SD,2020,1.755779498
int_coal_feed,SD,2021,1.755779498
int_coal_feed,SD,2022,1.755779498
int_coal_feed,SD,2023,1.755779498
int_coal_feed,SD,2024,1.755779498
int_coal_feed,SD,2025,1.764328389
int_coal_feed,SD,2026,1.734203724
int_coal_feed,SD,2027,1.763514209
int_coal_feed,SD,2028,1.704079058
int_coal_feed,SD,2029,1.722805202
int_coal_feed,SD,2030,1.851038576
int_coal_feed,SD,2031,1.878313611
int_coal_feed,SD,2032,2.270748444
int_coal_feed,SD,2033,2.273598074
int_coal_feed,SD,2034,2.280518606
int_coal_feed,SD,2035,2.272783894
int_coal_feed,SD,2036,2.306572371
int_coal_feed,SD,2037,2.335068676
int_coal_feed,SD,2038,2.381884035
int_coal_feed,SD,2039,3.147620468
int_coal_feed,SD,2040,3.144770837
int_coal_feed,SD,2041,3.143142477
int_coal_feed,SD,2042,3.140699936
int_coal_feed,SD,2043,3.148841738
int_coal_feed,SD,2044,3.152505549
int_coal_feed,SD,2045,3.155762269
int_coal_feed,SD,2046,3.170010422
int_coal_feed,SD,2047,3.176523863
int_coal_feed,SD,2048,3.178152223
int_coal_feed,SD,2049,3.176116773
int_coal_feed,SD,2050,3.183037304
int_coal_feed,CO,2010,1.722805202
int_coal_feed,CO,2011,1.722805202
int_coal_feed,CO,2012,1.722805202
int_coal_feed,CO,2013,1.722805202
int_coal_feed,CO,2014,1.722805202
int_coal_feed,CO,2015,1.722805202
int_coal_feed,CO,2016,1.722805202
int_coal_feed,CO,2017,1.722805202
int_coal_feed,CO,2018,1.722805202
int_coal_feed,CO,2019,1.722805202
int_coal_feed,CO,2020,1.722805202
int_coal_feed,CO,2021,1.722805202
int_coal_feed,CO,2022,1.722805202
int_coal_feed,CO,2023,1.722805202
int_coal_feed,CO,2024,1.722805202
int_coal_feed,CO,2025,1.71222086
int_coal_feed,CO,2026,1.614519241
int_coal_feed,CO,2027,1.612890881
int_coal_feed,CO,2028,1.518445984
int_coal_feed,CO,2029,1.55345573
int_coal_feed,CO,2030,1.66092751
int_coal_feed,CO,2031,1.703264878
int_coal_feed,CO,2032,2.453938978
int_coal_feed,CO,2033,2.46615168
int_coal_feed,CO,2034,2.419743412
int_coal_feed,CO,2035,2.378220224
int_coal_feed,CO,2036,2.360308261
int_coal_feed,CO,2037,2.35623736
int_coal_feed,CO,2038,2.328555235
int_coal_feed,CO,2039,3.124009243
int_coal_feed,CO,2040,3.122380883
int_coal_feed,CO,2041,3.121566703
int_coal_feed,CO,2042,3.119938343
int_coal_feed,CO,2043,3.126451784
int_coal_feed,CO,2044,3.130522684
int_coal_feed,CO,2045,3.132965225
int_coal_feed,CO,2046,3.145992107
int_coal_feed,CO,2047,3.151691368
int_coal_feed,CO,2048,3.154133909
int_coal_feed,CO,2049,3.153319729
int_coal_feed,CO,2050,3.15901899
int_coal_feed,ND,2010,1.788753794
int_coal_feed,ND,2011,1.788753794
int_coal_feed,ND,2012,1.788753794
int_coal_feed,ND,2013,1.788753794
int_coal_feed,ND,2014,1.788753794
int_coal_feed,ND,2015,1.788753794
int_coal_feed,ND,2016,1.788753794
int_coal_feed,ND,2017,1.788753794
int_coal_feed,ND,2018,1.788753794
int_coal_feed,ND,2019,1.788753794
int_coal_feed,ND,2020,1.788753794
int_coal_feed,ND,2021,1.788753794
int_coal_feed,ND,2022,1.788753794
int_coal_feed,ND,2023,1.788753794
int_coal_feed,ND,2024,1.788753794
int_coal_feed,ND,2025,1.816435919
int_coal_feed,ND,2026,1.853888206
int_coal_feed,ND,2027,1.914137537
int_coal_feed,ND,2028,1.889712133
int_coal_feed,ND,2029,1.892154673
int_coal_feed,ND,2030,2.041149641
int_coal_feed,ND,2031,2.053362343
int_coal_feed,ND,2032,2.08755791
int_coal_feed,ND,2033,2.081044469
int_coal_feed,ND,2034,2.1412938
int_coal_feed,ND,2035,2.167347565
int_coal_feed,ND,2036,2.252836481
int_coal_feed,ND,2037,2.313899992
int_coal_feed,ND,2038,2.435212835
int_coal_feed,ND,2039,3.171231692
int_coal_feed,ND,2040,3.167160791
int_coal_feed,ND,2041,3.164718251
int_coal_feed,ND,2042,3.16146153
int_coal_feed,ND,2043,3.171231692
int_coal_feed,ND,2044,3.174488413
int_coal_feed,ND,2045,3.178559313
int_coal_feed,ND,2046,3.194028736
int_coal_feed,ND,2047,3.201356358
int_coal_feed,ND,2048,3.202170538
int_coal_feed,ND,2049,3.198913817
int_coal_feed,ND,2050,3.207055619
int_coal_feed,NE,2010,1.788753794
int_coal_feed,NE,2011,1.788753794
int_coal_feed,NE,2012,1.788753794
int_coal_feed,NE,2013,1.788753794
int_coal_feed,NE,2014,1.788753794
int_coal_feed,NE,2015,1.788753794
int_coal_feed,NE,2016,1.788753794
int_coal_feed,NE,2017,1.788753794
int_coal_feed,NE,2018,1.788753794
int_coal_feed,NE,2019,1.788753794
int_coal_feed,NE,2020,1.788753794
int_coal_feed,NE,2021,1.788753794
int_coal_feed,NE,2022,1.788753794
int_coal_feed,NE,2023,1.788753794
int_coal_feed,NE,2024,1.788753794
int_coal_feed,NE,2025,1.816435919
int_coal_feed,NE,2026,1.853888206
int_coal_feed,NE,2027,1.914137537
int_coal_feed,NE,2028,1.889712133
int_coal_feed,NE,2029,1.892154673
int_coal_feed,NE,2030,2.041149641
int_coal_feed,NE,2031,2.053362343
int_coal_feed,NE,2032,2.08755791
int_coal_feed,NE,2033,2.081044469
int_coal_feed,NE,2034,2.1412938
int_coal_feed,NE,2035,2.167347565
int_coal_feed,NE,2036,2.252836481
int_coal_feed,NE,2037,2.313899992
int_coal_feed,NE,2038,2.435212835
int_coal_feed,NE,2039,3.171231692
int_coal_feed,NE,2040,3.167160791
int_coal_feed,NE,2041,3.164718251
int_coal_feed,NE,2042,3.16146153
int_coal_feed,NE,2043,3.171231692
int_coal_feed,NE,2044,3.174488413
int_coal_feed,NE,2045,3.178559313
int_coal_feed,NE,2046,3.194028736
int_coal_feed,NE,2047,3.201356358
int_coal_feed,NE,2048,3.202170538
int_coal_feed,NE,2049,3.198913817
int_coal_feed,NE,2050,3.207055619
int_coal_feed,MN,2010,1.788753794
int_coal_feed,MN,2011,1.788753794
int_coal_feed,MN,2012,1.788753794
int_coal_feed,MN,2013,1.788753794
int_coal_feed,MN,2014,1.788753794
int_coal_feed,MN,2015,1.788753794
int_coal_feed,MN,2016,1.788753794
int_coal_feed,MN,2017,1.788753794
int_coal_feed,MN,2018,1.788753794
int_coal_feed,MN,2019,1.788753794
int_coal_feed,MN,2020,1.788753794
int_coal_feed,MN,2021,1.788753794
int_coal_feed,MN,2022,1.788753794
int_coal_feed,MN,2023,1.788753794
int_coal_feed,MN,2024,1.788753794
int_coal_feed,MN,2025,1.816435919
int_coal_feed,MN,2026,1.853888206
int_coal_feed,MN,2027,1.914137537
int_coal_feed,MN,2028,1.889712133
int_coal_feed,MN,2029,1.892154673
int_coal_feed,MN,2030,2.041149641
int_coal_feed,MN,2031,2.053362343
int_coal_feed,MN,2032,2.08755791
int_coal_feed,MN,2033,2.081044469
int_coal_feed,MN,2034,2.1412938
int_coal_feed,MN,2035,2.167347565
int_coal_feed,MN,2036,2.252836481
int_coal_feed,MN,2037,2.313899992
int_coal_feed,MN,2038,2.435212835
int_coal_feed,MN,2039,3.171231692
int_coal_feed,MN,2040,3.167160791
int_coal_feed,MN,2041,3.164718251
int_coal_feed,MN,2042,3.16146153
int_coal_feed,MN,2043,3.171231692
int_coal_feed,MN,2044,3.174488413
int_coal_feed,MN,2045,3.178559313
int_coal_feed,MN,2046,3.194028736
int_coal_feed,MN,2047,3.201356358
int_coal_feed,MN,2048,3.202170538
int_coal_feed,MN,2049,3.198913817
int_coal_feed,MN,2050,3.207055619
int_coal_feed,IA,2010,1.788753794
int_coal_feed,IA,2011,1.788753794
int_coal_feed,IA,2012,1.788753794
int_coal_feed,IA,2013,1.788753794
int_coal_feed,IA,2014,1.788753794
int_coal_feed,IA,2015,1.788753794
int_coal_feed,IA,2016,1.788753794
int_coal_feed,IA,2017,1.788753794
int_coal_feed,IA,2018,1.788753794
int_coal_feed,IA,2019,1.788753794
int_coal_feed,IA,2020,1.788753794
int_coal_feed,IA,2021,1.788753794
int_coal_feed,IA,2022,1.788753794
int_coal_feed,IA,2023,1.788753794
int_coal_feed,IA,2024,1.788753794
int_coal_feed,IA,2025,1.816435919
int_coal_feed,IA,2026,1.853888206
int_coal_feed,IA,2027,1.914137537
int_coal_feed,IA,2028,1.889712133
int_coal_feed,IA,2029,1.892154673
int_coal_feed,IA,2030,2.041149641
int_coal_feed,IA,2031,2.053362343
int_coal_feed,IA,2032,2.08755791
int_coal_feed,IA,2033,2.081044469
int_coal_feed,IA,2034,2.1412938
int_coal_feed,IA,2035,2.167347565
int_coal_feed,IA,2036,2.252836481
int_coal_feed,IA,2037,2.313899992
int_coal_feed,IA,2038,2.435212835
int_coal_feed,IA,2039,3.171231692
int_coal_feed,IA,2040,3.167160791
int_coal_feed,IA,2041,3.164718251
int_coal_feed,IA,2042,3.16146153
int_coal_feed,IA,2043,3.171231692
int_coal_feed,IA,2044,3.174488413
int_coal_feed,IA,2045,3.178559313
int_coal_feed,IA,2046,3.194028736
int_coal_feed,IA,2047,3.201356358
int_coal_feed,IA,2048,3.202170538
int_coal_feed,IA,2049,3.198913817
int_coal_feed,IA,2050,3.207055619
int_coal_feed,WI,2010,2.177117726
int_coal_feed,WI,2011,2.177117726
int_coal_feed,WI,2012,2.177117726
int_coal_feed,WI,2013,2.177117726
int_coal_feed,WI,2014,2.177117726
int_coal_feed,WI,2015,2.177117726
int_coal_feed,WI,2016,2.177117726
int_coal_feed,WI,2017,2.177117726
int_coal_feed,WI,2018,2.177117726
int_coal_feed,WI,2019,2.177117726
int_coal_feed,WI,2020,2.177117726
int_coal_feed,WI,2021,2.177117726
int_coal_feed,WI,2022,2.177117726
int_coal_feed,WI,2023,2.177117726
int_coal_feed,WI,2024,2.177117726
int_coal_feed,WI,2025,2.048477262
int_coal_feed,WI,2026,1.966245067
int_coal_feed,WI,2027,1.949961464
int_coal_feed,WI,2028,1.920650979
int_coal_feed,WI,2029,1.900296475
int_coal_feed,WI,2030,1.891340493
int_coal_feed,WI,2031,1.851445666
int_coal_feed,WI,2032,1.915765898
int_coal_feed,WI,2033,1.916580078
int_coal_feed,WI,2034,1.920650979
int_coal_feed,WI,2035,1.893783034
int_coal_feed,WI,2036,1.891340493
int_coal_feed,WI,2037,1.890526313
int_coal_feed,WI,2038,1.892968853
int_coal_feed,WI,2039,1.886455412
int_coal_feed,WI,2040,1.882384511
int_coal_feed,WI,2041,1.887269592
int_coal_feed,WI,2042,1.895411394
int_coal_feed,WI,2043,1.897039754
int_coal_feed,WI,2044,1.920650979
int_coal_feed,WI,2045,1.957289085
int_coal_feed,WI,2046,1.92635024
int_coal_feed,WI,2047,1.977643589
int_coal_feed,WI,2048,1.976829409
int_coal_feed,WI,2049,1.976829409
int_coal_feed,WI,2050,1.977643589
int_coal_feed,TX,2010,1.749673147
int_coal_feed,TX,2011,1.749673147
int_coal_feed,TX,2012,1.749673147
int_coal_feed,TX,2013,1.749673147
int_coal_feed,TX,2014,1.749673147
int_coal_feed,TX,2015,1.749673147
int_coal_feed,TX,2016,1.749673147
int_coal_feed,TX,2017,1.749673147
int_coal_feed,TX,2018,1.749673147
int_coal_feed,TX,2019,1.749673147
int_coal_feed,TX,2020,1.749673147
int_coal_feed,TX,2021,1.749673147
int_coal_feed,TX,2022,1.749673147
int_coal_feed,TX,2023,1.749673147
int_coal_feed,TX,2024,1.749673147
int_coal_feed,TX,2025,1.746009336
int_coal_feed,TX,2026,1.704893238
int_coal_feed,TX,2027,1.696751437
int_coal_feed,TX,2028,1.643015547
int_coal_feed,TX,2029,1.651971528
int_coal_feed,TX,2030,1.694715986
int_coal_feed,TX,2031,1.708557049
int_coal_feed,TX,2032,2.245508859
int_coal_feed,TX,2033,2.24835849
int_coal_feed,TX,2034,2.220676365
int_coal_feed,TX,2035,2.19706514
int_coal_feed,TX,2036,2.188516249
int_coal_feed,TX,2037,2.185259528
int_coal_feed,TX,2038,2.170197195
int_coal_feed,TX,2039,2.565481659
int_coal_feed,TX,2040,2.562632028
int_coal_feed,TX,2041,2.560596578
int_coal_feed,TX,2042,2.557339857
int_coal_feed,TX,2043,2.560596578
int_coal_feed,TX,2044,2.666439998
int_coal_feed,TX,2045,2.654227296
int_coal_feed,TX,2046,3.007988572
int_coal_feed,TX,2047,3.005546031
int_coal_feed,TX,2048,3.006767301
int_coal_feed,TX,2049,3.006360211
int_coal_feed,TX,2050,3.015723283
int_coal_feed,OK,2010,1.776541092
int_coal_feed,OK,2011,1.776541092
int_coal_feed,OK,2012,1.776541092
int_coal_feed,OK,2013,1.776541092
int_coal_feed,OK,2014,1.776541092
int_coal_feed,OK,2015,1.776541092
int_coal_feed,OK,2016,1.776541092
int_coal_feed,OK,2017,1.776541092
int_coal_feed,OK,2018,1.776541092
int_coal_feed,OK,2019,1.776541092
int_coal_feed,OK,2020,1.776541092
int_coal_feed,OK,2021,1.776541092
int_coal_feed,OK,2022,1.776541092
int_coal_feed,OK,2023,1.776541092
int_coal_feed,OK,2024,1.776541092
int_coal_feed,OK,2025,1.779797812
int_coal_feed,OK,2026,1.795267235
int_coal_feed,OK,2027,1.780611992
int_coal_feed,OK,2028,1.76758511
int_coal_feed,OK,2029,1.750487327
int_coal_feed,OK,2030,1.728504463
int_coal_feed,OK,2031,1.71384922
int_coal_feed,OK,2032,2.03707874
int_coal_feed,OK,2033,2.030565299
int_coal_feed,OK,2034,2.021609317
int_coal_feed,OK,2035,2.015910056
int_coal_feed,OK,2036,2.016724237
int_coal_feed,OK,2037,2.014281696
int_coal_feed,OK,2038,2.011839156
int_coal_feed,OK,2039,2.006954075
int_coal_feed,OK,2040,2.002883174
int_coal_feed,OK,2041,1.999626453
int_coal_feed,OK,2042,1.994741372
int_coal_feed,OK,2043,1.994741372
int_coal_feed,OK,2044,2.202357311
int_coal_feed,OK,2045,2.175489366
int_coal_feed,OK,2046,2.869985036
int_coal_feed,OK,2047,2.859400694
int_coal_feed,OK,2048,2.859400694
int_coal_feed,OK,2049,2.859400694
int_coal_feed,OK,2050,2.872427576
int_coal_feed,KS,2010,1.788753794
int_coal_feed,KS,2011,1.788753794
int_coal_feed,KS,2012,1.788753794
int_coal_feed,KS,2013,1.788753794
int_coal_feed,KS,2014,1.788753794
int_coal_feed,KS,2015,1.788753794
int_coal_feed,KS,2016,1.788753794
int_coal_feed,KS,2017,1.788753794
int_coal_feed,KS,2018,1.788753794
int_coal_feed,KS,2019,1.788753794
int_coal_feed,KS,2020,1.788753794
int_coal_feed,KS,2021,1.788753794
int_coal_feed,KS,2022,1.788753794
int_coal_feed,KS,2023,1.788753794
int_coal_feed,KS,2024,1.788753794
int_coal_feed,KS,2025,1.816435919
int_coal_feed,KS,2026,1.853888206
int_coal_feed,KS,2027,1.914137537
int_coal_feed,KS,2028,1.889712133
int_coal_feed,KS,2029,1.892154673
int_coal_feed,KS,2030,2.041149641
int_coal_feed,KS,2031,2.053362343
int_coal_feed,KS,2032,2.08755791
int_coal_feed,KS,2033,2.081044469
int_coal_feed,KS,2034,2.1412938
int_coal_feed,KS,2035,2.167347565
int_coal_feed,KS,2036,2.252836481
int_coal_feed,KS,2037,2.313899992
int_coal_feed,KS,2038,2.435212835
int_coal_feed,KS,2039,3.171231692
int_coal_feed,KS,2040,3.167160791
int_coal_feed,KS,2041,3.164718251
int_coal_feed,KS,2042,3.16146153
int_coal_feed,KS,2043,3.171231692
int_coal_feed,KS,2044,3.174488413
int_coal_feed,KS,2045,3.178559313
int_coal_feed,KS,2046,3.194028736
int_coal_feed,KS,2047,3.201356358
int_coal_feed,KS,2048,3.202170538
int_coal_feed,KS,2049,3.198913817
int_coal_feed,KS,2050,3.207055619
int_coal_feed,MO,2010,1.788753794
int_coal_feed,MO,2011,1.788753794
int_coal_feed,MO,2012,1.788753794
int_coal_feed,MO,2013,1.788753794
int_coal_feed,MO,2014,1.788753794
int_coal_feed,MO,2015,1.788753794
int_coal_feed,MO,2016,1.788753794
int_coal_feed,MO,2017,1.788753794
int_coal_feed,MO,2018,1.788753794
int_coal_feed,MO,2019,1.788753794
int_coal_feed,MO,2020,1.788753794
int_coal_feed,MO,2021,1.788753794
int_coal_feed,MO,2022,1.788753794
int_coal_feed,MO,2023,1.788753794
int_coal_feed,MO,2024,1.788753794
int_coal_feed,MO,2025,1.816435919
int_coal_feed,MO,2026,1.853888206
int_coal_feed,MO,2027,1.914137537
int_coal_feed,MO,2028,1.889712133
int_coal_feed,MO,2029,1.892154673
int_coal_feed,MO,2030,2.041149641
int_coal_feed,MO,2031,2.053362343
int_coal_feed,MO,2032,2.08755791
int_coal_feed,MO,2033,2.081044469
int_coal_feed,MO,2034,2.1412938
int_coal_feed,MO,2035,2.167347565
int_coal_feed,MO,2036,2.252836481
int_coal_feed,MO,2037,2.313899992
int_coal_feed,MO,2038,2.435212835
int_coal_feed,MO,2039,3.171231692
int_coal_feed,MO,2040,3.167160791
int_coal_feed,MO,2041,3.164718251
int_coal_feed,MO,2042,3.16146153
int_coal_feed,MO,2043,3.171231692
int_coal_feed,MO,2044,3.174488413
int_coal_feed,MO,2045,3.178559313
int_coal_feed,MO,2046,3.194028736
int_coal_feed,MO,2047,3.201356358
int_coal_feed,MO,2048,3.202170538
int_coal_feed,MO,2049,3.198913817
int_coal_feed,MO,2050,3.207055619
int_coal_feed,AR,2010,1.776541092
int_coal_feed,AR,2011,1.776541092
int_coal_feed,AR,2012,1.776541092
int_coal_feed,AR,2013,1.776541092
int_coal_feed,AR,2014,1.776541092
int_coal_feed,AR,2015,1.776541092
int_coal_feed,AR,2016,1.776541092
int_coal_feed,AR,2017,1.776541092
int_coal_feed,AR,2018,1.776541092
int_coal_feed,AR,2019,1.776541092
int_coal_feed,AR,2020,1.776541092
int_coal_feed,AR,2021,1.776541092
int_coal_feed,AR,2022,1.776541092
int_coal_feed,AR,2023,1.776541092
int_coal_feed,AR,2024,1.776541092
int_coal_feed,AR,2025,1.779797812
int_coal_feed,AR,2026,1.795267235
int_coal_feed,AR,2027,1.780611992
int_coal_feed,AR,2028,1.76758511
int_coal_feed,AR,2029,1.750487327
int_coal_feed,AR,2030,1.728504463
int_coal_feed,AR,2031,1.71384922
int_coal_feed,AR,2032,2.03707874
int_coal_feed,AR,2033,2.030565299
int_coal_feed,AR,2034,2.021609317
int_coal_feed,AR,2035,2.015910056
int_coal_feed,AR,2036,2.016724237
int_coal_feed,AR,2037,2.014281696
int_coal_feed,AR,2038,2.011839156
int_coal_feed,AR,2039,2.006954075
int_coal_feed,AR,2040,2.002883174
int_coal_feed,AR,2041,1.999626453
int_coal_feed,AR,2042,1.994741372
int_coal_feed,AR,2043,1.994741372
int_coal_feed,AR,2044,2.202357311
int_coal_feed,AR,2045,2.175489366
int_coal_feed,AR,2046,2.869985036
int_coal_feed,AR,2047,2.859400694
int_coal_feed,AR,2048,2.859400694
int_coal_feed,AR,2049,2.859400694
int_coal_feed,AR,2050,2.872427576
int_coal_feed,LA,2010,1.776541092
int_coal_feed,LA,2011,1.776541092
int_coal_feed,LA,2012,1.776541092
int_coal_feed,LA,2013,1.776541092
int_coal_feed,LA,2014,1.776541092
int_coal_feed,LA,2015,1.776541092
int_coal_feed,LA,2016,1.776541092
int_coal_feed,LA,2017,1.776541092
int_coal_feed,LA,2018,1.776541092
int_coal_feed,LA,2019,1.776541092
int_coal_feed,LA,2020,1.776541092
int_coal_feed,LA,2021,1.776541092
int_coal_feed,LA,2022,1.776541092
int_coal_feed,LA,2023,1.776541092
int_coal_feed,LA,2024,1.776541092
int_coal_feed,LA,2025,1.779797812
int_coal_feed,LA,2026,1.795267235
int_coal_feed,LA,2027,1.780611992
int_coal_feed,LA,2028,1.76758511
int_coal_feed,LA,2029,1.750487327
int_coal_feed,LA,2030,1.728504463
int_coal_feed,LA,2031,1.71384922
int_coal_feed,LA,2032,2.03707874
int_coal_feed,LA,2033,2.030565299
int_coal_feed,LA,2034,2.021609317
int_coal_feed,LA,2035,2.015910056
int_coal_feed,LA,2036,2.016724237
int_coal_feed,LA,2037,2.014281696
int_coal_feed,LA,2038,2.011839156
int_coal_feed,LA,2039,2.006954075
int_coal_feed,LA,2040,2.002883174
int_coal_feed,LA,2041,1.999626453
int_coal_feed,LA,2042,1.994741372
int_coal_feed,LA,2043,1.994741372
int_coal_feed,LA,2044,2.202357311
int_coal_feed,LA,2045,2.175489366
int_coal_feed,LA,2046,2.869985036
int_coal_feed,LA,2047,2.859400694
int_coal_feed,LA,2048,2.859400694
int_coal_feed,LA,2049,2.859400694
int_coal_feed,LA,2050,2.872427576
int_coal_feed,MI,2010,2.177117726
int_coal_feed,MI,2011,2.177117726
int_coal_feed,MI,2012,2.177117726
int_coal_feed,MI,2013,2.177117726
int_coal_feed,MI,2014,2.177117726
int_coal_feed,MI,2015,2.177117726
int_coal_feed,MI,2016,2.177117726
int_coal_feed,MI,2017,2.177117726
int_coal_feed,MI,2018,2.177117726
int_coal_feed,MI,2019,2.177117726
int_coal_feed,MI,2020,2.177117726
int_coal_feed,MI,2021,2.177117726
int_coal_feed,MI,2022,2.177117726
int_coal_feed,MI,2023,2.177117726
int_coal_feed,MI,2024,2.177117726
int_coal_feed,MI,2025,2.048477262
int_coal_feed,MI,2026,1.966245067
int_coal_feed,MI,2027,1.949961464
int_coal_feed,MI,2028,1.920650979
int_coal_feed,MI,2029,1.900296475
int_coal_feed,MI,2030,1.891340493
int_coal_feed,MI,2031,1.851445666
int_coal_feed,MI,2032,1.915765898
int_coal_feed,MI,2033,1.916580078
int_coal_feed,MI,2034,1.920650979
int_coal_feed,MI,2035,1.893783034
int_coal_feed,MI,2036,1.891340493
int_coal_feed,MI,2037,1.890526313
int_coal_feed,MI,2038,1.892968853
int_coal_feed,MI,2039,1.886455412
int_coal_feed,MI,2040,1.882384511
int_coal_feed,MI,2041,1.887269592
int_coal_feed,MI,2042,1.895411394
int_coal_feed,MI,2043,1.897039754
int_coal_feed,MI,2044,1.920650979
int_coal_feed,MI,2045,1.957289085
int_coal_feed,MI,2046,1.92635024
int_coal_feed,MI,2047,1.977643589
int_coal_feed,MI,2048,1.976829409
int_coal_feed,MI,2049,1.976829409
int_coal_feed,MI,2050,1.977643589
int_coal_feed,IL,2010,2.177117726
int_coal_feed,IL,2011,2.177117726
int_coal_feed,IL,2012,2.177117726
int_coal_feed,IL,2013,2.177117726
int_coal_feed,IL,2014,2.177117726
int_coal_feed,IL,2015,2.177117726
int_coal_feed,IL,2016,2.177117726
int_coal_feed,IL,2017,2.177117726
int_coal_feed,IL,2018,2.177117726
int_coal_feed,IL,2019,2.177117726
int_coal_feed,IL,2020,2.177117726
int_coal_feed,IL,2021,2.177117726
int_coal_feed,IL,2022,2.177117726
int_coal_feed,IL,2023,2.177117726
int_coal_feed,IL,2024,2.177117726
int_coal_feed,IL,2025,2.048477262
int_coal_feed,IL,2026,1.966245067
int_coal_feed,IL,2027,1.949961464
int_coal_feed,IL,2028,1.920650979
int_coal_feed,IL,2029,1.900296475
int_coal_feed,IL,2030,1.891340493
int_coal_feed,IL,2031,1.851445666
int_coal_feed,IL,2032,1.915765898
int_coal_feed,IL,2033,1.916580078
int_coal_feed,IL,2034,1.920650979
int_coal_feed,IL,2035,1.893783034
int_coal_feed,IL,2036,1.891340493
int_coal_feed,IL,2037,1.890526313
int_coal_feed,IL,2038,1.892968853
int_coal_feed,IL,2039,1.886455412
int_coal_feed,IL,2040,1.882384511
int_coal_feed,IL,2041,1.887269592
int_coal_feed,IL,2042,1.895411394
int_coal_feed,IL,2043,1.897039754
int_coal_feed,IL,2044,1.920650979
int_coal_feed,IL,2045,1.957289085
int_coal_feed,IL,2046,1.92635024
int_coal_feed,IL,2047,1.977643589
int_coal_feed,IL,2048,1.976829409
int_coal_feed,IL,2049,1.976829409
int_coal_feed,IL,2050,1.977643589
int_coal_feed,MS,2010,1.918208438
int_coal_feed,MS,2011,1.918208438
int_coal_feed,MS,2012,1.918208438
int_coal_feed,MS,2013,1.918208438
int_coal_feed,MS,2014,1.918208438
int_coal_feed,MS,2015,1.918208438
int_coal_feed,MS,2016,1.918208438
int_coal_feed,MS,2017,1.918208438
int_coal_feed,MS,2018,1.918208438
int_coal_feed,MS,2019,1.918208438
int_coal_feed,MS,2020,1.918208438
int_coal_feed,MS,2021,1.918208438
int_coal_feed,MS,2022,1.918208438
int_coal_feed,MS,2023,1.918208438
int_coal_feed,MS,2024,1.918208438
int_coal_feed,MS,2025,1.866100908
int_coal_feed,MS,2026,1.864472548
int_coal_feed,MS,2027,1.832719522
int_coal_feed,MS,2028,1.825391901
int_coal_feed,MS,2029,1.808294118
int_coal_feed,MS,2030,1.794453055
int_coal_feed,MS,2031,1.759443309
int_coal_feed,MS,2032,1.793638875
int_coal_feed,MS,2033,1.787939614
int_coal_feed,MS,2034,1.781426173
int_coal_feed,MS,2035,1.778169452
int_coal_feed,MS,2036,1.782240353
int_coal_feed,MS,2037,1.786311254
int_coal_feed,MS,2038,1.783868713
int_coal_feed,MS,2039,1.812365018
int_coal_feed,MS,2040,1.809108298
int_coal_feed,MS,2041,1.808294118
int_coal_feed,MS,2042,1.805037397
int_coal_feed,MS,2043,1.807479937
int_coal_feed,MS,2044,1.815621739
int_coal_feed,MS,2045,1.815621739
int_coal_feed,MS,2046,2.038707101
int_coal_feed,MS,2047,2.039521281
int_coal_feed,MS,2048,2.037892921
int_coal_feed,MS,2049,2.03545038
int_coal_feed,MS,2050,2.03382202
int_coal_feed,AL,2010,1.918208438
int_coal_feed,AL,2011,1.918208438
int_coal_feed,AL,2012,1.918208438
int_coal_feed,AL,2013,1.918208438
int_coal_feed,AL,2014,1.918208438
int_coal_feed,AL,2015,1.918208438
int_coal_feed,AL,2016,1.918208438
int_coal_feed,AL,2017,1.918208438
int_coal_feed,AL,2018,1.918208438
int_coal_feed,AL,2019,1.918208438
int_coal_feed,AL,2020,1.918208438
int_coal_feed,AL,2021,1.918208438
int_coal_feed,AL,2022,1.918208438
int_coal_feed,AL,2023,1.918208438
int_coal_feed,AL,2024,1.918208438
int_coal_feed,AL,2025,1.866100908
int_coal_feed,AL,2026,1.864472548
int_coal_feed,AL,2027,1.832719522
int_coal_feed,AL,2028,1.825391901
int_coal_feed,AL,2029,1.808294118
int_coal_feed,AL,2030,1.794453055
int_coal_feed,AL,2031,1.759443309
int_coal_feed,AL,2032,1.793638875
int_coal_feed,AL,2033,1.787939614
int_coal_feed,AL,2034,1.781426173
int_coal_feed,AL,2035,1.778169452
int_coal_feed,AL,2036,1.782240353
int_coal_feed,AL,2037,1.786311254
int_coal_feed,AL,2038,1.783868713
int_coal_feed,AL,2039,1.812365018
int_coal_feed,AL,2040,1.809108298
int_coal_feed,AL,2041,1.808294118
int_coal_feed,AL,2042,1.805037397
int_coal_feed,AL,2043,1.807479937
int_coal_feed,AL,2044,1.815621739
int_coal_feed,AL,2045,1.815621739
int_coal_feed,AL,2046,2.038707101
int_coal_feed,AL,2047,2.039521281
int_coal_feed,AL,2048,2.037892921
int_coal_feed,AL,2049,2.03545038
int_coal_feed,AL,2050,2.03382202
int_coal_feed,FL,2010,2.961987393
int_coal_feed,FL,2011,2.961987393
int_coal_feed,FL,2012,2.961987393
int_coal_feed,FL,2013,2.961987393
int_coal_feed,FL,2014,2.961987393
int_coal_feed,FL,2015,2.961987393
int_coal_feed,FL,2016,2.961987393
int_coal_feed,FL,2017,2.961987393
int_coal_feed,FL,2018,2.961987393
int_coal_feed,FL,2019,2.961987393
int_coal_feed,FL,2020,2.961987393
int_coal_feed,FL,2021,2.961987393
int_coal_feed,FL,2022,2.961987393
int_coal_feed,FL,2023,2.961987393
int_coal_feed,FL,2024,2.961987393
int_coal_feed,FL,2025,2.853701433
int_coal_feed,FL,2026,2.906623143
int_coal_feed,FL,2027,2.725875149
int_coal_feed,FL,2028,2.443354636
int_coal_feed,FL,2029,2.405088169
int_coal_feed,FL,2030,2.370892603
int_coal_feed,FL,2031,2.342396297
int_coal_feed,FL,2032,2.457195699
int_coal_feed,FL,2033,2.494647986
int_coal_feed,FL,2034,2.488134545
int_coal_feed,FL,2035,2.477550203
int_coal_feed,FL,2036,2.475107662
int_coal_feed,FL,2037,2.62491681
int_coal_feed,FL,2038,2.638757873
int_coal_feed,FL,2039,2.654227296
int_coal_feed,FL,2040,2.650970575
int_coal_feed,FL,2041,2.659926557
int_coal_feed,FL,2042,2.661554917
int_coal_feed,FL,2043,2.665625818
int_coal_feed,FL,2044,2.666439998
int_coal_feed,FL,2045,2.665625818
int_coal_feed,FL,2046,2.672139259
int_coal_feed,FL,2047,2.671325079
int_coal_feed,FL,2048,2.671325079
int_coal_feed,FL,2049,2.672139259
int_coal_feed,FL,2050,2.67702434
int_coal_feed,TN,2010,1.918208438
int_coal_feed,TN,2011,1.918208438
int_coal_feed,TN,2012,1.918208438
int_coal_feed,TN,2013,1.918208438
int_coal_feed,TN,2014,1.918208438
int_coal_feed,TN,2015,1.918208438
int_coal_feed,TN,2016,1.918208438
int_coal_feed,TN,2017,1.918208438
int_coal_feed,TN,2018,1.918208438
int_coal_feed,TN,2019,1.918208438
int_coal_feed,TN,2020,1.918208438
int_coal_feed,TN,2021,1.918208438
int_coal_feed,TN,2022,1.918208438
int_coal_feed,TN,2023,1.918208438
int_coal_feed,TN,2024,1.918208438
int_coal_feed,TN,2025,1.866100908
int_coal_feed,TN,2026,1.864472548
int_coal_feed,TN,2027,1.832719522
int_coal_feed,TN,2028,1.825391901
int_coal_feed,TN,2029,1.808294118
int_coal_feed,TN,2030,1.794453055
int_coal_feed,TN,2031,1.759443309
int_coal_feed,TN,2032,1.793638875
int_coal_feed,TN,2033,1.787939614
int_coal_feed,TN,2034,1.781426173
int_coal_feed,TN,2035,1.778169452
int_coal_feed,TN,2036,1.782240353
int_coal_feed,TN,2037,1.786311254
int_coal_feed,TN,2038,1.783868713
int_coal_feed,TN,2039,1.812365018
int_coal_feed,TN,2040,1.809108298
int_coal_feed,TN,2041,1.808294118
int_coal_feed,TN,2042,1.805037397
int_coal_feed,TN,2043,1.807479937
int_coal_feed,TN,2044,1.815621739
int_coal_feed,TN,2045,1.815621739
int_coal_feed,TN,2046,2.038707101
int_coal_feed,TN,2047,2.039521281
int_coal_feed,TN,2048,2.037892921
int_coal_feed,TN,2049,2.03545038
int_coal_feed,TN,2050,2.03382202
int_coal_feed,KY,2010,1.918208438
int_coal_feed,KY,2011,1.918208438
int_coal_feed,KY,2012,1.918208438
int_coal_feed,KY,2013,1.918208438
int_coal_feed,KY,2014,1.918208438
int_coal_feed,KY,2015,1.918208438
int_coal_feed,KY,2016,1.918208438
int_coal_feed,KY,2017,1.918208438
int_coal_feed,KY,2018,1.918208438
int_coal_feed,KY,2019,1.918208438
int_coal_feed,KY,2020,1.918208438
int_coal_feed,KY,2021,1.918208438
int_coal_feed,KY,2022,1.918208438
int_coal_feed,KY,2023,1.918208438
int_coal_feed,KY,2024,1.918208438
int_coal_feed,KY,2025,1.866100908
int_coal_feed,KY,2026,1.864472548
int_coal_feed,KY,2027,1.832719522
int_coal_feed,KY,2028,1.825391901
int_coal_feed,KY,2029,1.808294118
int_coal_feed,KY,2030,1.794453055
int_coal_feed,KY,2031,1.759443309
int_coal_feed,KY,2032,1.793638875
int_coal_feed,KY,2033,1.787939614
int_coal_feed,KY,2034,1.781426173
int_coal_feed,KY,2035,1.778169452
int_coal_feed,KY,2036,1.782240353
int_coal_feed,KY,2037,1.786311254
int_coal_feed,KY,2038,1.783868713
int_coal_feed,KY,2039,1.812365018
int_coal_feed,KY,2040,1.809108298
int_coal_feed,KY,2041,1.808294118
int_coal_feed,KY,2042,1.805037397
int_coal_feed,KY,2043,1.807479937
int_coal_feed,KY,2044,1.815621739
int_coal_feed,KY,2045,1.815621739
int_coal_feed,KY,2046,2.038707101
int_coal_feed,KY,2047,2.039521281
int_coal_feed,KY,2048,2.037892921
int_coal_feed,KY,2049,2.03545038
int_coal_feed,KY,2050,2.03382202
int_coal_feed,GA,2010,2.961987393
int_coal_feed,GA,2011,2.961987393
int_coal_feed,GA,2012,2.961987393
int_coal_feed,GA,2013,2.961987393
int_coal_feed,GA,2014,2.961987393
int_coal_feed,GA,2015,2.961987393
int_coal_feed,GA,2016,2.961987393
int_coal_feed,GA,2017,2.961987393
int_coal_feed,GA,2018,2.961987393
int_coal_feed,GA,2019,2.961987393
int_coal_feed,GA,2020,2.961987393
int_coal_feed,GA,2021,2.961987393
int_coal_feed,GA,2022,2.961987393
int_coal_feed,GA,2023,2.961987393
int_coal_feed,GA,2024,2.961987393
int_coal_feed,GA,2025,2.853701433
int_coal_feed,GA,2026,2.906623143
int_coal_feed,GA,2027,2.725875149
int_coal_feed,GA,2028,2.443354636
int_coal_feed,GA,2029,2.405088169
int_coal_feed,GA,2030,2.370892603
int_coal_feed,GA,2031,2.342396297
int_coal_feed,GA,2032,2.457195699
int_coal_feed,GA,2033,2.494647986
int_coal_feed,GA,2034,2.488134545
int_coal_feed,GA,2035,2.477550203
int_coal_feed,GA,2036,2.475107662
int_coal_feed,GA,2037,2.62491681
int_coal_feed,GA,2038,2.638757873
int_coal_feed,GA,2039,2.654227296
int_coal_feed,GA,2040,2.650970575
int_coal_feed,GA,2041,2.659926557
int_coal_feed,GA,2042,2.661554917
int_coal_feed,GA,2043,2.665625818
int_coal_feed,GA,2044,2.666439998
int_coal_feed,GA,2045,2.665625818
int_coal_feed,GA,2046,2.672139259
int_coal_feed,GA,2047,2.671325079
int_coal_feed,GA,2048,2.671325079
int_coal_feed,GA,2049,2.672139259
int_coal_feed,GA,2050,2.67702434
int_coal_feed,SC,2010,2.961987393
int_coal_feed,SC,2011,2.961987393
int_coal_feed,SC,2012,2.961987393
int_coal_feed,SC,2013,2.961987393
int_coal_feed,SC,2014,2.961987393
int_coal_feed,SC,2015,2.961987393
int_coal_feed,SC,2016,2.961987393
int_coal_feed,SC,2017,2.961987393
int_coal_feed,SC,2018,2.961987393
int_coal_feed,SC,2019,2.961987393
int_coal_feed,SC,2020,2.961987393
int_coal_feed,SC,2021,2.961987393
int_coal_feed,SC,2022,2.961987393
int_coal_feed,SC,2023,2.961987393
int_coal_feed,SC,2024,2.961987393
int_coal_feed,SC,2025,2.853701433
int_coal_feed,SC,2026,2.906623143
int_coal_feed,SC,2027,2.725875149
int_coal_feed,SC,2028,2.443354636
int_coal_feed,SC,2029,2.405088169
int_coal_feed,SC,2030,2.370892603
int_coal_feed,SC,2031,2.342396297
int_coal_feed,SC,2032,2.457195699
int_coal_feed,SC,2033,2.494647986
int_coal_feed,SC,2034,2.488134545
int_coal_feed,SC,2035,2.477550203
int_coal_feed,SC,2036,2.475107662
int_coal_feed,SC,2037,2.62491681
int_coal_feed,SC,2038,2.638757873
int_coal_feed,SC,2039,2.654227296
int_coal_feed,SC,2040,2.650970575
int_coal_feed,SC,2041,2.659926557
int_coal_feed,SC,2042,2.661554917
int_coal_feed,SC,2043,2.665625818
int_coal_feed,SC,2044,2.666439998
int_coal_feed,SC,2045,2.665625818
int_coal_feed,SC,2046,2.672139259
int_coal_feed,SC,2047,2.671325079
int_coal_feed,SC,2048,2.671325079
int_coal_feed,SC,2049,2.672139259
int_coal_feed,SC,2050,2.67702434
int_coal_feed,NC,2010,2.961987393
int_coal_feed,NC,2011,2.961987393
int_coal_feed,NC,2012,2.961987393
int_coal_feed,NC,2013,2.961987393
int_coal_feed,NC,2014,2.961987393
int_coal_feed,NC,2015,2.961987393
int_coal_feed,NC,2016,2.961987393
int_coal_feed,NC,2017,2.961987393
int_coal_feed,NC,2018,2.961987393
int_coal_feed,NC,2019,2.961987393
int_coal_feed,NC,2020,2.961987393
int_coal_feed,NC,2021,2.961987393
int_coal_feed,NC,2022,2.961987393
int_coal_feed,NC,2023,2.961987393
int_coal_feed,NC,2024,2.961987393
int_coal_feed,NC,2025,2.853701433
int_coal_feed,NC,2026,2.906623143
int_coal_feed,NC,2027,2.725875149
int_coal_feed,NC,2028,2.443354636
int_coal_feed,NC,2029,2.405088169
int_coal_feed,NC,2030,2.370892603
int_coal_feed,NC,2031,2.342396297
int_coal_feed,NC,2032,2.457195699
int_coal_feed,NC,2033,2.494647986
int_coal_feed,NC,2034,2.488134545
int_coal_feed,NC,2035,2.477550203
int_coal_feed,NC,2036,2.475107662
int_coal_feed,NC,2037,2.62491681
int_coal_feed,NC,2038,2.638757873
int_coal_feed,NC,2039,2.654227296
int_coal_feed,NC,2040,2.650970575
int_coal_feed,NC,2041,2.659926557
int_coal_feed,NC,2042,2.661554917
int_coal_feed,NC,2043,2.665625818
int_coal_feed,NC,2044,2.666439998
int_coal_feed,NC,2045,2.665625818
int_coal_feed,NC,2046,2.672139259
int_coal_feed,NC,2047,2.671325079
int_coal_feed,NC,2048,2.671325079
int_coal_feed,NC,2049,2.672139259
int_coal_feed,NC,2050,2.67702434
int_coal_feed,VA,2010,2.961987393
int_coal_feed,VA,2011,2.961987393
int_coal_feed,VA,2012,2.961987393
int_coal_feed,VA,2013,2.961987393
int_coal_feed,VA,2014,2.961987393
int_coal_feed,VA,2015,2.961987393
int_coal_feed,VA,2016,2.961987393
int_coal_feed,VA,2017,2.961987393
int_coal_feed,VA,2018,2.961987393
int_coal_feed,VA,2019,2.961987393
int_coal_feed,VA,2020,2.961987393
int_coal_feed,VA,2021,2.961987393
int_coal_feed,VA,2022,2.961987393
int_coal_feed,VA,2023,2.961987393
int_coal_feed,VA,2024,2.961987393
int_coal_feed,VA,2025,2.853701433
int_coal_feed,VA,2026,2.906623143
int_coal_feed,VA,2027,2.725875149
int_coal_feed,VA,2028,2.443354636
int_coal_feed,VA,2029,2.405088169
int_coal_feed,VA,2030,2.370892603
int_coal_feed,VA,2031,2.342396297
int_coal_feed,VA,2032,2.457195699
int_coal_feed,VA,2033,2.494647986
int_coal_feed,VA,2034,2.488134545
int_coal_feed,VA,2035,2.477550203
int_coal_feed,VA,2036,2.475107662
int_coal_feed,VA,2037,2.62491681
int_coal_feed,VA,2038,2.638757873
int_coal_feed,VA,2039,2.654227296
int_coal_feed,VA,2040,2.650970575
int_coal_feed,VA,2041,2.659926557
int_coal_feed,VA,2042,2.661554917
int_coal_feed,VA,2043,2.665625818
int_coal_feed,VA,2044,2.666439998
int_coal_feed,VA,2045,2.665625818
int_coal_feed,VA,2046,2.672139259
int_coal_feed,VA,2047,2.671325079
int_coal_feed,VA,2048,2.671325079
int_coal_feed,VA,2049,2.672139259
int_coal_feed,VA,2050,2.67702434
int_coal_feed,IN,2010,2.177117726
int_coal_feed,IN,2011,2.177117726
int_coal_feed,IN,2012,2.177117726
int_coal_feed,IN,2013,2.177117726
int_coal_feed,IN,2014,2.177117726
int_coal_feed,IN,2015,2.177117726
int_coal_feed,IN,2016,2.177117726
int_coal_feed,IN,2017,2.177117726
int_coal_feed,IN,2018,2.177117726
int_coal_feed,IN,2019,2.177117726
int_coal_feed,IN,2020,2.177117726
int_coal_feed,IN,2021,2.177117726
int_coal_feed,IN,2022,2.177117726
int_coal_feed,IN,2023,2.177117726
int_coal_feed,IN,2024,2.177117726
int_coal_feed,IN,2025,2.048477262
int_coal_feed,IN,2026,1.966245067
int_coal_feed,IN,2027,1.949961464
int_coal_feed,IN,2028,1.920650979
int_coal_feed,IN,2029,1.900296475
int_coal_feed,IN,2030,1.891340493
int_coal_feed,IN,2031,1.851445666
int_coal_feed,IN,2032,1.915765898
int_coal_feed,IN,2033,1.916580078
int_coal_feed,IN,2034,1.920650979
int_coal_feed,IN,2035,1.893783034
int_coal_feed,IN,2036,1.891340493
int_coal_feed,IN,2037,1.890526313
int_coal_feed,IN,2038,1.892968853
int_coal_feed,IN,2039,1.886455412
int_coal_feed,IN,2040,1.882384511
int_coal_feed,IN,2041,1.887269592
int_coal_feed,IN,2042,1.895411394
int_coal_feed,IN,2043,1.897039754
int_coal_feed,IN,2044,1.920650979
int_coal_feed,IN,2045,1.957289085
int_coal_feed,IN,2046,1.92635024
int_coal_feed,IN,2047,1.977643589
int_coal_feed,IN,2048,1.976829409
int_coal_feed,IN,2049,1.976829409
int_coal_feed,IN,2050,1.977643589
int_coal_feed,OH,2010,2.177117726
int_coal_feed,OH,2011,2.177117726
int_coal_feed,OH,2012,2.177117726
int_coal_feed,OH,2013,2.177117726
int_coal_feed,OH,2014,2.177117726
int_coal_feed,OH,2015,2.177117726
int_coal_feed,OH,2016,2.177117726
int_coal_feed,OH,2017,2.177117726
int_coal_feed,OH,2018,2.177117726
int_coal_feed,OH,2019,2.177117726
int_coal_feed,OH,2020,2.177117726
int_coal_feed,OH,2021,2.177117726
int_coal_feed,OH,2022,2.177117726
int_coal_feed,OH,2023,2.177117726
int_coal_feed,OH,2024,2.177117726
int_coal_feed,OH,2025,2.048477262
int_coal_feed,OH,2026,1.966245067
int_coal_feed,OH,2027,1.949961464
int_coal_feed,OH,2028,1.920650979
int_coal_feed,OH,2029,1.900296475
int_coal_feed,OH,2030,1.891340493
int_coal_feed,OH,2031,1.851445666
int_coal_feed,OH,2032,1.915765898
int_coal_feed,OH,2033,1.916580078
int_coal_feed,OH,2034,1.920650979
int_coal_feed,OH,2035,1.893783034
int_coal_feed,OH,2036,1.891340493
int_coal_feed,OH,2037,1.890526313
int_coal_feed,OH,2038,1.892968853
int_coal_feed,OH,2039,1.886455412
int_coal_feed,OH,2040,1.882384511
int_coal_feed,OH,2041,1.887269592
int_coal_feed,OH,2042,1.895411394
int_coal_feed,OH,2043,1.897039754
int_coal_feed,OH,2044,1.920650979
int_coal_feed,OH,2045,1.957289085
int_coal_feed,OH,2046,1.92635024
int_coal_feed,OH,2047,1.977643589
int_coal_feed,OH,2048,1.976829409
int_coal_feed,OH,2049,1.976829409
int_coal_feed,OH,2050,1.977643589
int_coal_feed,PA,2010,1.87424271
int_coal_feed,PA,2011,1.87424271
int_coal_feed,PA,2012,1.87424271
int_coal_feed,PA,2013,1.87424271
int_coal_feed,PA,2014,1.87424271
int_coal_feed,PA,2015,1.87424271
int_coal_feed,PA,2016,1.87424271
int_coal_feed,PA,2017,1.87424271
int_coal_feed,PA,2018,1.87424271
int_coal_feed,PA,2019,1.87424271
int_coal_feed,PA,2020,1.87424271
int_coal_feed,PA,2021,1.87424271
int_coal_feed,PA,2022,1.87424271
int_coal_feed,PA,2023,1.87424271
int_coal_feed,PA,2024,1.87424271
int_coal_feed,PA,2025,1.903553195
int_coal_feed,PA,2026,1.976829409
int_coal_feed,PA,2027,1.954846545
int_coal_feed,PA,2028,1.891340493
int_coal_feed,PA,2029,1.844932224
int_coal_feed,PA,2030,1.814807559
int_coal_feed,PA,2031,1.742345525
int_coal_feed,PA,2032,2.467780041
int_coal_feed,PA,2033,2.46370914
int_coal_feed,PA,2034,2.46615168
int_coal_feed,PA,2035,2.405088169
int_coal_feed,PA,2036,2.503603967
int_coal_feed,PA,2037,2.72913187
int_coal_feed,PA,2038,2.734831131
int_coal_feed,PA,2039,2.758442355
int_coal_feed,PA,2040,2.754371454
int_coal_feed,PA,2041,2.766584157
int_coal_feed,PA,2042,2.768212517
int_coal_feed,PA,2043,2.773911778
int_coal_feed,PA,2044,2.776354318
int_coal_feed,PA,2045,2.780425219
int_coal_feed,PA,2046,2.788567021
int_coal_feed,PA,2047,2.791823741
int_coal_feed,PA,2048,2.792637921
int_coal_feed,PA,2049,2.794266282
int_coal_feed,PA,2050,2.798337182
int_coal_feed,WV,2010,2.961987393
int_coal_feed,WV,2011,2.961987393
int_coal_feed,WV,2012,2.961987393
int_coal_feed,WV,2013,2.961987393
int_coal_feed,WV,2014,2.961987393
int_coal_feed,WV,2015,2.961987393
int_coal_feed,WV,2016,2.961987393
int_coal_feed,WV,2017,2.961987393
int_coal_feed,WV,2018,2.961987393
int_coal_feed,WV,2019,2.961987393
int_coal_feed,WV,2020,2.961987393
int_coal_feed,WV,2021,2.961987393
int_coal_feed,WV,2022,2.961987393
int_coal_feed,WV,2023,2.961987393
int_coal_feed,WV,2024,2.961987393
int_coal_feed,WV,2025,2.853701433
int_coal_feed,WV,2026,2.906623143
int_coal_feed,WV,2027,2.725875149
int_coal_feed,WV,2028,2.443354636
int_coal_feed,WV,2029,2.405088169
int_coal_feed,WV,2030,2.370892603
int_coal_feed,WV,2031,2.342396297
int_coal_feed,WV,2032,2.457195699
int_coal_feed,WV,2033,2.494647986
int_coal_feed,WV,2034,2.488134545
int_coal_feed,WV,2035,2.477550203
int_coal_feed,WV,2036,2.475107662
int_coal_feed,WV,2037,2.62491681
int_coal_feed,WV,2038,2.638757873
int_coal_feed,WV,2039,2.654227296
int_coal_feed,WV,2040,2.650970575
int_coal_feed,WV,2041,2.659926557
int_coal_feed,WV,2042,2.661554917
int_coal_feed,WV,2043,2.665625818
int_coal_feed,WV,2044,2.666439998
int_coal_feed,WV,2045,2.665625818
int_coal_feed,WV,2046,2.672139259
int_coal_feed,WV,2047,2.671325079
int_coal_feed,WV,2048,2.671325079
int_coal_feed,WV,2049,2.672139259
int_coal_feed,WV,2050,2.67702434
int_coal_feed,MD,2010,2.961987393
int_coal_feed,MD,2011,2.961987393
int_coal_feed,MD,2012,2.961987393
int_coal_feed,MD,2013,2.961987393
int_coal_feed,MD,2014,2.961987393
int_coal_feed,MD,2015,2.961987393
int_coal_feed,MD,2016,2.961987393
int_coal_feed,MD,2017,2.961987393
int_coal_feed,MD,2018,2.961987393
int_coal_feed,MD,2019,2.961987393
int_coal_feed,MD,2020,2.961987393
int_coal_feed,MD,2021,2.961987393
int_coal_feed,MD,2022,2.961987393
int_coal_feed,MD,2023,2.961987393
int_coal_feed,MD,2024,2.961987393
int_coal_feed,MD,2025,2.853701433
int_coal_feed,MD,2026,2.906623143
int_coal_feed,MD,2027,2.725875149
int_coal_feed,MD,2028,2.443354636
int_coal_feed,MD,2029,2.405088169
int_coal_feed,MD,2030,2.370892603
int_coal_feed,MD,2031,2.342396297
int_coal_feed,MD,2032,2.457195699
int_coal_feed,MD,2033,2.494647986
int_coal_feed,MD,2034,2.488134545
int_coal_feed,MD,2035,2.477550203
int_coal_feed,MD,2036,2.475107662
int_coal_feed,MD,2037,2.62491681
int_coal_feed,MD,2038,2.638757873
int_coal_feed,MD,2039,2.654227296
int_coal_feed,MD,2040,2.650970575
int_coal_feed,MD,2041,2.659926557
int_coal_feed,MD,2042,2.661554917
int_coal_feed,MD,2043,2.665625818
int_coal_feed,MD,2044,2.666439998
int_coal_feed,MD,2045,2.665625818
int_coal_feed,MD,2046,2.672139259
int_coal_feed,MD,2047,2.671325079
int_coal_feed,MD,2048,2.671325079
int_coal_feed,MD,2049,2.672139259
int_coal_feed,MD,2050,2.67702434
int_coal_feed,DE,2010,2.961987393
int_coal_feed,DE,2011,2.961987393
int_coal_feed,DE,2012,2.961987393
int_coal_feed,DE,2013,2.961987393
int_coal_feed,DE,2014,2.961987393
int_coal_feed,DE,2015,2.961987393
int_coal_feed,DE,2016,2.961987393
int_coal_feed,DE,2017,2.961987393
int_coal_feed,DE,2018,2.961987393
int_coal_feed,DE,2019,2.961987393
int_coal_feed,DE,2020,2.961987393
int_coal_feed,DE,2021,2.961987393
int_coal_feed,DE,2022,2.961987393
int_coal_feed,DE,2023,2.961987393
int_coal_feed,DE,2024,2.961987393
int_coal_feed,DE,2025,2.853701433
int_coal_feed,DE,2026,2.906623143
int_coal_feed,DE,2027,2.725875149
int_coal_feed,DE,2028,2.443354636
int_coal_feed,DE,2029,2.405088169
int_coal_feed,DE,2030,2.370892603
int_coal_feed,DE,2031,2.342396297
int_coal_feed,DE,2032,2.457195699
int_coal_feed,DE,2033,2.494647986
int_coal_feed,DE,2034,2.488134545
int_coal_feed,DE,2035,2.477550203
int_coal_feed,DE,2036,2.475107662
int_coal_feed,DE,2037,2.62491681
int_coal_feed,DE,2038,2.638757873
int_coal_feed,DE,2039,2.654227296
int_coal_feed,DE,2040,2.650970575
int_coal_feed,DE,2041,2.659926557
int_coal_feed,DE,2042,2.661554917
int_coal_feed,DE,2043,2.665625818
int_coal_feed,DE,2044,2.666439998
int_coal_feed,DE,2045,2.665625818
int_coal_feed,DE,2046,2.672139259
int_coal_feed,DE,2047,2.671325079
int_coal_feed,DE,2048,2.671325079
int_coal_feed,DE,2049,2.672139259
int_coal_feed,DE,2050,2.67702434
int_coal_feed,NJ,2010,1.87424271
int_coal_feed,NJ,2011,1.87424271
int_coal_feed,NJ,2012,1.87424271
int_coal_feed,NJ,2013,1.87424271
int_coal_feed,NJ,2014,1.87424271
int_coal_feed,NJ,2015,1.87424271
int_coal_feed,NJ,2016,1.87424271
int_coal_feed,NJ,2017,1.87424271
int_coal_feed,NJ,2018,1.87424271
int_coal_feed,NJ,2019,1.87424271
int_coal_feed,NJ,2020,1.87424271
int_coal_feed,NJ,2021,1.87424271
int_coal_feed,NJ,2022,1.87424271
int_coal_feed,NJ,2023,1.87424271
int_coal_feed,NJ,2024,1.87424271
int_coal_feed,NJ,2025,1.903553195
int_coal_feed,NJ,2026,1.976829409
int_coal_feed,NJ,2027,1.954846545
int_coal_feed,NJ,2028,1.891340493
int_coal_feed,NJ,2029,1.844932224
int_coal_feed,NJ,2030,1.814807559
int_coal_feed,NJ,2031,1.742345525
int_coal_feed,NJ,2032,2.467780041
int_coal_feed,NJ,2033,2.46370914
int_coal_feed,NJ,2034,2.46615168
int_coal_feed,NJ,2035,2.405088169
int_coal_feed,NJ,2036,2.503603967
int_coal_feed,NJ,2037,2.72913187
int_coal_feed,NJ,2038,2.734831131
int_coal_feed,NJ,2039,2.758442355
int_coal_feed,NJ,2040,2.754371454
int_coal_feed,NJ,2041,2.766584157
int_coal_feed,NJ,2042,2.768212517
int_coal_feed,NJ,2043,2.773911778
int_coal_feed,NJ,2044,2.776354318
int_coal_feed,NJ,2045,2.780425219
int_coal_feed,NJ,2046,2.788567021
int_coal_feed,NJ,2047,2.791823741
int_coal_feed,NJ,2048,2.792637921
int_coal_feed,NJ,2049,2.794266282
int_coal_feed,NJ,2050,2.798337182
int_coal_feed,NY,2010,1.87424271
int_coal_feed,NY,2011,1.87424271
int_coal_feed,NY,2012,1.87424271
int_coal_feed,NY,2013,1.87424271
int_coal_feed,NY,2014,1.87424271
int_coal_feed,NY,2015,1.87424271
int_coal_feed,NY,2016,1.87424271
int_coal_feed,NY,2017,1.87424271
int_coal_feed,NY,2018,1.87424271
int_coal_feed,NY,2019,1.87424271
int_coal_feed,NY,2020,1.87424271
int_coal_feed,NY,2021,1.87424271
int_coal_feed,NY,2022,1.87424271
int_coal_feed,NY,2023,1.87424271
int_coal_feed,NY,2024,1.87424271
int_coal_feed,NY,2025,1.903553195
int_coal_feed,NY,2026,1.976829409
int_coal_feed,NY,2027,1.954846545
int_coal_feed,NY,2028,1.891340493
int_coal_feed,NY,2029,1.844932224
int_coal_feed,NY,2030,1.814807559
int_coal_feed,NY,2031,1.742345525
int_coal_feed,NY,2032,2.467780041
int_coal_feed,NY,2033,2.46370914
int_coal_feed,NY,2034,2.46615168
int_coal_feed,NY,2035,2.405088169
int_coal_feed,NY,2036,2.503603967
int_coal_feed,NY,2037,2.72913187
int_coal_feed,NY,2038,2.734831131
int_coal_feed,NY,2039,2.758442355
int_coal_feed,NY,2040,2.754371454
int_coal_feed,NY,2041,2.766584157
int_coal_feed,NY,2042,2.768212517
int_coal_feed,NY,2043,2.773911778
int_coal_feed,NY,2044,2.776354318
int_coal_feed,NY,2045,2.780425219
int_coal_feed,NY,2046,2.788567021
int_coal_feed,NY,2047,2.791823741
int_coal_feed,NY,2048,2.792637921
int_coal_feed,NY,2049,2.794266282
int_coal_feed,NY,2050,2.798337182
int_coal_feed,VT,2010,4.912763037
int_coal_feed,VT,2011,4.912763037
int_coal_feed,VT,2012,4.912763037
int_coal_feed,VT,2013,4.912763037
int_coal_feed,VT,2014,4.912763037
int_coal_feed,VT,2015,4.912763037
int_coal_feed,VT,2016,4.912763037
int_coal_feed,VT,2017,4.912763037
int_coal_feed,VT,2018,4.912763037
int_coal_feed,VT,2019,4.912763037
int_coal_feed,VT,2020,4.912763037
int_coal_feed,VT,2021,4.912763037
int_coal_feed,VT,2022,4.912763037
int_coal_feed,VT,2023,4.912763037
int_coal_feed,VT,2024,4.912763037
int_coal_feed,VT,2025,4.912763037
int_coal_feed,VT,2026,4.912763037
int_coal_feed,VT,2027,4.891594353
int_coal_feed,VT,2028,4.841115184
int_coal_feed,VT,2029,4.834601743
int_coal_feed,VT,2030,4.800406176
int_coal_feed,VT,2031,4.76539643
int_coal_feed,VT,2032,4.736085944
int_coal_feed,VT,2033,4.71247472
int_coal_feed,VT,2034,4.665252271
int_coal_feed,VT,2035,4.627799984
int_coal_feed,VT,2036,4.637570146
int_coal_feed,VT,2037,4.651411208
int_coal_feed,VT,2038,4.668508992
int_coal_feed,VT,2039,4.646526128
int_coal_feed,VT,2040,4.641641047
int_coal_feed,VT,2041,4.652225389
int_coal_feed,VT,2042,4.652225389
int_coal_feed,VT,2043,4.666066451
int_coal_feed,VT,2044,4.671765712
int_coal_feed,VT,2045,4.677464973
int_coal_feed,VT,2046,4.699447837
int_coal_feed,VT,2047,4.709217999
int_coal_feed,VT,2048,4.7132889
int_coal_feed,VT,2049,4.71410308
int_coal_feed,VT,2050,4.726315782
int_coal_feed,NH,2010,4.912763037
int_coal_feed,NH,2011,4.912763037
int_coal_feed,NH,2012,4.912763037
int_coal_feed,NH,2013,4.912763037
int_coal_feed,NH,2014,4.912763037
int_coal_feed,NH,2015,4.912763037
int_coal_feed,NH,2016,4.912763037
int_coal_feed,NH,2017,4.912763037
int_coal_feed,NH,2018,4.912763037
int_coal_feed,NH,2019,4.912763037
int_coal_feed,NH,2020,4.912763037
int_coal_feed,NH,2021,4.912763037
int_coal_feed,NH,2022,4.912763037
int_coal_feed,NH,2023,4.912763037
int_coal_feed,NH,2024,4.912763037
int_coal_feed,NH,2025,4.912763037
int_coal_feed,NH,2026,4.912763037
int_coal_feed,NH,2027,4.891594353
int_coal_feed,NH,2028,4.841115184
int_coal_feed,NH,2029,4.834601743
int_coal_feed,NH,2030,4.800406176
int_coal_feed,NH,2031,4.76539643
int_coal_feed,NH,2032,4.736085944
int_coal_feed,NH,2033,4.71247472
int_coal_feed,NH,2034,4.665252271
int_coal_feed,NH,2035,4.627799984
int_coal_feed,NH,2036,4.637570146
int_coal_feed,NH,2037,4.651411208
int_coal_feed,NH,2038,4.668508992
int_coal_feed,NH,2039,4.646526128
int_coal_feed,NH,2040,4.641641047
int_coal_feed,NH,2041,4.652225389
int_coal_feed,NH,2042,4.652225389
int_coal_feed,NH,2043,4.666066451
int_coal_feed,NH,2044,4.671765712
int_coal_feed,NH,2045,4.677464973
int_coal_feed,NH,2046,4.699447837
int_coal_feed,NH,2047,4.709217999
int_coal_feed,NH,2048,4.7132889
int_coal_feed,NH,2049,4.71410308
int_coal_feed,NH,2050,4.726315782
int_coal_feed,MA,2010,4.912763037
int_coal_feed,MA,2011,4.912763037
int_coal_feed,MA,2012,4.912763037
int_coal_feed,MA,2013,4.912763037
int_coal_feed,MA,2014,4.912763037
int_coal_feed,MA,2015,4.912763037
int_coal_feed,MA,2016,4.912763037
int_coal_feed,MA,2017,4.912763037
int_coal_feed,MA,2018,4.912763037
int_coal_feed,MA,2019,4.912763037
int_coal_feed,MA,2020,4.912763037
int_coal_feed,MA,2021,4.912763037
int_coal_feed,MA,2022,4.912763037
int_coal_feed,MA,2023,4.912763037
int_coal_feed,MA,2024,4.912763037
int_coal_feed,MA,2025,4.912763037
int_coal_feed,MA,2026,4.912763037
int_coal_feed,MA,2027,4.891594353
int_coal_feed,MA,2028,4.841115184
int_coal_feed,MA,2029,4.834601743
int_coal_feed,MA,2030,4.800406176
int_coal_feed,MA,2031,4.76539643
int_coal_feed,MA,2032,4.736085944
int_coal_feed,MA,2033,4.71247472
int_coal_feed,MA,2034,4.665252271
int_coal_feed,MA,2035,4.627799984
int_coal_feed,MA,2036,4.637570146
int_coal_feed,MA,2037,4.651411208
int_coal_feed,MA,2038,4.668508992
int_coal_feed,MA,2039,4.646526128
int_coal_feed,MA,2040,4.641641047
int_coal_feed,MA,2041,4.652225389
int_coal_feed,MA,2042,4.652225389
int_coal_feed,MA,2043,4.666066451
int_coal_feed,MA,2044,4.671765712
int_coal_feed,MA,2045,4.677464973
int_coal_feed,MA,2046,4.699447837
int_coal_feed,MA,2047,4.709217999
int_coal_feed,MA,2048,4.7132889
int_coal_feed,MA,2049,4.71410308
int_coal_feed,MA,2050,4.726315782
int_coal_feed,CT,2010,4.912763037
int_coal_feed,CT,2011,4.912763037
int_coal_feed,CT,2012,4.912763037
int_coal_feed,CT,2013,4.912763037
int_coal_feed,CT,2014,4.912763037
int_coal_feed,CT,2015,4.912763037
int_coal_feed,CT,2016,4.912763037
int_coal_feed,CT,2017,4.912763037
int_coal_feed,CT,2018,4.912763037
int_coal_feed,CT,2019,4.912763037
int_coal_feed,CT,2020,4.912763037
int_coal_feed,CT,2021,4.912763037
int_coal_feed,CT,2022,4.912763037
int_coal_feed,CT,2023,4.912763037
int_coal_feed,CT,2024,4.912763037
int_coal_feed,CT,2025,4.912763037
int_coal_feed,CT,2026,4.912763037
int_coal_feed,CT,2027,4.891594353
int_coal_feed,CT,2028,4.841115184
int_coal_feed,CT,2029,4.834601743
int_coal_feed,CT,2030,4.800406176
int_coal_feed,CT,2031,4.76539643
int_coal_feed,CT,2032,4.736085944
int_coal_feed,CT,2033,4.71247472
int_coal_feed,CT,2034,4.665252271
int_coal_feed,CT,2035,4.627799984
int_coal_feed,CT,2036,4.637570146
int_coal_feed,CT,2037,4.651411208
int_coal_feed,CT,2038,4.668508992
int_coal_feed,CT,2039,4.646526128
int_coal_feed,CT,2040,4.641641047
int_coal_feed,CT,2041,4.652225389
int_coal_feed,CT,2042,4.652225389
int_coal_feed,CT,2043,4.666066451
int_coal_feed,CT,2044,4.671765712
int_coal_feed,CT,2045,4.677464973
int_coal_feed,CT,2046,4.699447837
int_coal_feed,CT,2047,4.709217999
int_coal_feed,CT,2048,4.7132889
int_coal_feed,CT,2049,4.71410308
int_coal_feed,CT,2050,4.726315782
int_coal_feed,RI,2010,4.912763037
int_coal_feed,RI,2011,4.912763037
int_coal_feed,RI,2012,4.912763037
int_coal_feed,RI,2013,4.912763037
int_coal_feed,RI,2014,4.912763037
int_coal_feed,RI,2015,4.912763037
int_coal_feed,RI,2016,4.912763037
int_coal_feed,RI,2017,4.912763037
int_coal_feed,RI,2018,4.912763037
int_coal_feed,RI,2019,4.912763037
int_coal_feed,RI,2020,4.912763037
int_coal_feed,RI,2021,4.912763037
int_coal_feed,RI,2022,4.912763037
int_coal_feed,RI,2023,4.912763037
int_coal_feed,RI,2024,4.912763037
int_coal_feed,RI,2025,4.912763037
int_coal_feed,RI,2026,4.912763037
int_coal_feed,RI,2027,4.891594353
int_coal_feed,RI,2028,4.841115184
int_coal_feed,RI,2029,4.834601743
int_coal_feed,RI,2030,4.800406176
int_coal_feed,RI,2031,4.76539643
int_coal_feed,RI,2032,4.736085944
int_coal_feed,RI,2033,4.71247472
int_coal_feed,RI,2034,4.665252271
int_coal_feed,RI,2035,4.627799984
int_coal_feed,RI,2036,4.637570146
int_coal_feed,RI,2037,4.651411208
int_coal_feed,RI,2038,4.668508992
int_coal_feed,RI,2039,4.646526128
int_coal_feed,RI,2040,4.641641047
int_coal_feed,RI,2041,4.652225389
int_coal_feed,RI,2042,4.652225389
int_coal_feed,RI,2043,4.666066451
int_coal_feed,RI,2044,4.671765712
int_coal_feed,RI,2045,4.677464973
int_coal_feed,RI,2046,4.699447837
int_coal_feed,RI,2047,4.709217999
int_coal_feed,RI,2048,4.7132889
int_coal_feed,RI,2049,4.71410308
int_coal_feed,RI,2050,4.726315782
int_coal_feed,ME,2010,4.912763037
int_coal_feed,ME,2011,4.912763037
int_coal_feed,ME,2012,4.912763037
int_coal_feed,ME,2013,4.912763037
int_coal_feed,ME,2014,4.912763037
int_coal_feed,ME,2015,4.912763037
int_coal_feed,ME,2016,4.912763037
int_coal_feed,ME,2017,4.912763037
int_coal_feed,ME,2018,4.912763037
int_coal_feed,ME,2019,4.912763037
int_coal_feed,ME,2020,4.912763037
int_coal_feed,ME,2021,4.912763037
int_coal_feed,ME,2022,4.912763037
int_coal_feed,ME,2023,4.912763037
int_coal_feed,ME,2024,4.912763037
int_coal_feed,ME,2025,4.912763037
int_coal_feed,ME,2026,4.912763037
int_coal_feed,ME,2027,4.891594353
int_coal_feed,ME,2028,4.841115184
int_coal_feed,ME,2029,4.834601743
int_coal_feed,ME,2030,4.800406176
int_coal_feed,ME,2031,4.76539643
int_coal_feed,ME,2032,4.736085944
int_coal_feed,ME,2033,4.71247472
int_coal_feed,ME,2034,4.665252271
int_coal_feed,ME,2035,4.627799984
int_coal_feed,ME,2036,4.637570146
int_coal_feed,ME,2037,4.651411208
int_coal_feed,ME,2038,4.668508992
int_coal_feed,ME,2039,4.646526128
int_coal_feed,ME,2040,4.641641047
int_coal_feed,ME,2041,4.652225389
int_coal_feed,ME,2042,4.652225389
int_coal_feed,ME,2043,4.666066451
int_coal_feed,ME,2044,4.671765712
int_coal_feed,ME,2045,4.677464973
int_coal_feed,ME,2046,4.699447837
int_coal_feed,ME,2047,4.709217999
int_coal_feed,ME,2048,4.7132889
int_coal_feed,ME,2049,4.71410308
int_coal_feed,ME,2050,4.726315782
int_coal_feed,voluntary,2010,2.471477776
int_coal_feed,voluntary,2011,2.471477776
int_coal_feed,voluntary,2012,2.471477776
int_coal_feed,voluntary,2013,2.471477776
int_coal_feed,voluntary,2014,2.471477776
int_coal_feed,voluntary,2015,2.471477776
int_coal_feed,voluntary,2016,2.471477776
int_coal_feed,voluntary,2017,2.471477776
int_coal_feed,voluntary,2018,2.471477776
int_coal_feed,voluntary,2019,2.471477776
int_coal_feed,voluntary,2020,2.471477776
int_coal_feed,voluntary,2021,2.471477776
int_coal_feed,voluntary,2022,2.471477776
int_coal_feed,voluntary,2023,2.471477776
int_coal_feed,voluntary,2024,2.471477776
int_coal_feed,voluntary,2025,2.439555129
int_coal_feed,voluntary,2026,2.464947372
int_coal_feed,voluntary,2027,2.431820417
int_coal_feed,voluntary,2028,2.349028473
int_coal_feed,voluntary,2029,2.341531231
int_coal_feed,voluntary,2030,2.36371764
int_coal_feed,voluntary,2031,2.350249743
int_coal_feed,voluntary,2032,2.572656622
int_coal_feed,voluntary,2033,2.57386093
int_coal_feed,voluntary,2034,2.565634318
int_coal_feed,voluntary,2035,2.547230454
int_coal_feed,voluntary,2036,2.563225701
int_coal_feed,voluntary,2037,2.610923089
int_coal_feed,voluntary,2038,2.625951497
int_coal_feed,voluntary,2039,2.866830088
int_coal_feed,voluntary,2040,2.862250324
int_coal_feed,voluntary,2041,2.864438434
int_coal_feed,voluntary,2042,2.863420708
int_coal_feed,voluntary,2043,2.868865538
int_coal_feed,voluntary,2044,2.89074663
int_coal_feed,voluntary,2045,2.893443601
int_coal_feed,voluntary,2046,2.975251745
int_coal_feed,voluntary,2047,3.000593102
int_coal_feed,voluntary,2048,3.000847533
int_coal_feed,voluntary,2049,2.999609301
int_coal_feed,voluntary,2050,3.004918434
int_coke_feed,id,2010,6.087787833
int_coke_feed,id,2011,6.087787833
int_coke_feed,id,2012,6.087787833
int_coke_feed,id,2013,6.087787833
int_coke_feed,id,2014,6.087787833
int_coke_feed,id,2015,6.087787833
int_coke_feed,id,2016,6.087787833
int_coke_feed,id,2017,6.087787833
int_coke_feed,id,2018,6.087787833
int_coke_feed,id,2019,6.087787833
int_coke_feed,id,2020,6.087787833
int_coke_feed,id,2021,6.087787833
int_coke_feed,id,2022,6.087787833
int_coke_feed,id,2023,6.087787833
int_coke_feed,id,2024,6.087787833
int_coke_feed,id,2025,5.974291119
int_coke_feed,id,2026,5.925521728
int_coke_feed,id,2027,5.894012956
int_coke_feed,id,2028,5.872722145
int_coke_feed,id,2029,5.870645986
int_coke_feed,id,2030,5.872437182
int_coke_feed,id,2031,5.878299279
int_coke_feed,id,2032,5.899142291
int_coke_feed,id,2033,5.900363562
int_coke_feed,id,2034,5.875327522
int_coke_feed,id,2035,5.89633337
int_coke_feed,id,2036,5.896862587
int_coke_feed,id,2037,5.896089116
int_coke_feed,id,2038,5.896577624
int_coke_feed,id,2039,5.881271037
int_coke_feed,id,2040,5.882533016
int_coke_feed,id,2041,5.863440492
int_coke_feed,id,2042,5.864010418
int_coke_feed,id,2043,5.859613845
int_coke_feed,id,2044,5.864906016
int_coke_feed,id,2045,5.877362972
int_coke_feed,id,2046,5.880416148
int_coke_feed,id,2047,5.879276296
int_coke_feed,id,2048,5.878299279
int_coke_feed,id,2049,5.881556
int_coke_feed,id,2050,5.878462115
int_coke_feed,WA,2010,6.087787833
int_coke_feed,WA,2011,6.087787833
int_coke_feed,WA,2012,6.087787833
int_coke_feed,WA,2013,6.087787833
int_coke_feed,WA,2014,6.087787833
int_coke_feed,WA,2015,6.087787833
int_coke_feed,WA,2016,6.087787833
int_coke_feed,WA,2017,6.087787833
int_coke_feed,WA,2018,6.087787833
int_coke_feed,WA,2019,6.087787833
int_coke_feed,WA,2020,6.087787833
int_coke_feed,WA,2021,6.087787833
int_coke_feed,WA,2022,6.087787833
int_coke_feed,WA,2023,6.087787833
int_coke_feed,WA,2024,6.087787833
int_coke_feed,WA,2025,5.974291119
int_coke_feed,WA,2026,5.925521728
int_coke_feed,WA,2027,5.894012956
int_coke_feed,WA,2028,5.872722145
int_coke_feed,WA,2029,5.870645986
int_coke_feed,WA,2030,5.872437182
int_coke_feed,WA,2031,5.878299279
int_coke_feed,WA,2032,5.899142291
int_coke_feed,WA,2033,5.900363562
int_coke_feed,WA,2034,5.875327522
int_coke_feed,WA,2035,5.89633337
int_coke_feed,WA,2036,5.896862587
int_coke_feed,WA,2037,5.896089116
int_coke_feed,WA,2038,5.896577624
int_coke_feed,WA,2039,5.881271037
int_coke_feed,WA,2040,5.882533016
int_coke_feed,WA,2041,5.863440492
int_coke_feed,WA,2042,5.864010418
int_coke_feed,WA,2043,5.859613845
int_coke_feed,WA,2044,5.864906016
int_coke_feed,WA,2045,5.877362972
int_coke_feed,WA,2046,5.880416148
int_coke_feed,WA,2047,5.879276296
int_coke_feed,WA,2048,5.878299279
int_coke_feed,WA,2049,5.881556
int_coke_feed,WA,2050,5.878462115
int_coke_feed,OR,2010,6.087787833
int_coke_feed,OR,2011,6.087787833
int_coke_feed,OR,2012,6.087787833
int_coke_feed,OR,2013,6.087787833
int_coke_feed,OR,2014,6.087787833
int_coke_feed,OR,2015,6.087787833
int_coke_feed,OR,2016,6.087787833
int_coke_feed,OR,2017,6.087787833
int_coke_feed,OR,2018,6.087787833
int_coke_feed,OR,2019,6.087787833
int_coke_feed,OR,2020,6.087787833
int_coke_feed,OR,2021,6.087787833
int_coke_feed,OR,2022,6.087787833
int_coke_feed,OR,2023,6.087787833
int_coke_feed,OR,2024,6.087787833
int_coke_feed,OR,2025,5.974291119
int_coke_feed,OR,2026,5.925521728
int_coke_feed,OR,2027,5.894012956
int_coke_feed,OR,2028,5.872722145
int_coke_feed,OR,2029,5.870645986
int_coke_feed,OR,2030,5.872437182
int_coke_feed,OR,2031,5.878299279
int_coke_feed,OR,2032,5.899142291
int_coke_feed,OR,2033,5.900363562
int_coke_feed,OR,2034,5.875327522
int_coke_feed,OR,2035,5.89633337
int_coke_feed,OR,2036,5.896862587
int_coke_feed,OR,2037,5.896089116
int_coke_feed,OR,2038,5.896577624
int_coke_feed,OR,2039,5.881271037
int_coke_feed,OR,2040,5.882533016
int_coke_feed,OR,2041,5.863440492
int_coke_feed,OR,2042,5.864010418
int_coke_feed,OR,2043,5.859613845
int_coke_feed,OR,2044,5.864906016
int_coke_feed,OR,2045,5.877362972
int_coke_feed,OR,2046,5.880416148
int_coke_feed,OR,2047,5.879276296
int_coke_feed,OR,2048,5.878299279
int_coke_feed,OR,2049,5.881556
int_coke_feed,OR,2050,5.878462115
int_coke_feed,CA,2010,6.087787833
int_coke_feed,CA,2011,6.087787833
int_coke_feed,CA,2012,6.087787833
int_coke_feed,CA,2013,6.087787833
int_coke_feed,CA,2014,6.087787833
int_coke_feed,CA,2015,6.087787833
int_coke_feed,CA,2016,6.087787833
int_coke_feed,CA,2017,6.087787833
int_coke_feed,CA,2018,6.087787833
int_coke_feed,CA,2019,6.087787833
int_coke_feed,CA,2020,6.087787833
int_coke_feed,CA,2021,6.087787833
int_coke_feed,CA,2022,6.087787833
int_coke_feed,CA,2023,6.087787833
int_coke_feed,CA,2024,6.087787833
int_coke_feed,CA,2025,5.974291119
int_coke_feed,CA,2026,5.925521728
int_coke_feed,CA,2027,5.894012956
int_coke_feed,CA,2028,5.872722145
int_coke_feed,CA,2029,5.870645986
int_coke_feed,CA,2030,5.872437182
int_coke_feed,CA,2031,5.878299279
int_coke_feed,CA,2032,5.899142291
int_coke_feed,CA,2033,5.900363562
int_coke_feed,CA,2034,5.875327522
int_coke_feed,CA,2035,5.89633337
int_coke_feed,CA,2036,5.896862587
int_coke_feed,CA,2037,5.896089116
int_coke_feed,CA,2038,5.896577624
int_coke_feed,CA,2039,5.881271037
int_coke_feed,CA,2040,5.882533016
int_coke_feed,CA,2041,5.863440492
int_coke_feed,CA,2042,5.864010418
int_coke_feed,CA,2043,5.859613845
int_coke_feed,CA,2044,5.864906016
int_coke_feed,CA,2045,5.877362972
int_coke_feed,CA,2046,5.880416148
int_coke_feed,CA,2047,5.879276296
int_coke_feed,CA,2048,5.878299279
int_coke_feed,CA,2049,5.881556
int_coke_feed,CA,2050,5.878462115
int_coke_feed,NV,2010,6.087787833
int_coke_feed,NV,2011,6.087787833
int_coke_feed,NV,2012,6.087787833
int_coke_feed,NV,2013,6.087787833
int_coke_feed,NV,2014,6.087787833
int_coke_feed,NV,2015,6.087787833
int_coke_feed,NV,2016,6.087787833
int_coke_feed,NV,2017,6.087787833
int_coke_feed,NV,2018,6.087787833
int_coke_feed,NV,2019,6.087787833
int_coke_feed,NV,2020,6.087787833
int_coke_feed,NV,2021,6.087787833
int_coke_feed,NV,2022,6.087787833
int_coke_feed,NV,2023,6.087787833
int_coke_feed,NV,2024,6.087787833
int_coke_feed,NV,2025,5.974291119
int_coke_feed,NV,2026,5.925521728
int_coke_feed,NV,2027,5.894012956
int_coke_feed,NV,2028,5.872722145
int_coke_feed,NV,2029,5.870645986
int_coke_feed,NV,2030,5.872437182
int_coke_feed,NV,2031,5.878299279
int_coke_feed,NV,2032,5.899142291
int_coke_feed,NV,2033,5.900363562
int_coke_feed,NV,2034,5.875327522
int_coke_feed,NV,2035,5.89633337
int_coke_feed,NV,2036,5.896862587
int_coke_feed,NV,2037,5.896089116
int_coke_feed,NV,2038,5.896577624
int_coke_feed,NV,2039,5.881271037
int_coke_feed,NV,2040,5.882533016
int_coke_feed,NV,2041,5.863440492
int_coke_feed,NV,2042,5.864010418
int_coke_feed,NV,2043,5.859613845
int_coke_feed,NV,2044,5.864906016
int_coke_feed,NV,2045,5.877362972
int_coke_feed,NV,2046,5.880416148
int_coke_feed,NV,2047,5.879276296
int_coke_feed,NV,2048,5.878299279
int_coke_feed,NV,2049,5.881556
int_coke_feed,NV,2050,5.878462115
int_coke_feed,MT,2010,6.087787833
int_coke_feed,MT,2011,6.087787833
int_coke_feed,MT,2012,6.087787833
int_coke_feed,MT,2013,6.087787833
int_coke_feed,MT,2014,6.087787833
int_coke_feed,MT,2015,6.087787833
int_coke_feed,MT,2016,6.087787833
int_coke_feed,MT,2017,6.087787833
int_coke_feed,MT,2018,6.087787833
int_coke_feed,MT,2019,6.087787833
int_coke_feed,MT,2020,6.087787833
int_coke_feed,MT,2021,6.087787833
int_coke_feed,MT,2022,6.087787833
int_coke_feed,MT,2023,6.087787833
int_coke_feed,MT,2024,6.087787833
int_coke_feed,MT,2025,5.974291119
int_coke_feed,MT,2026,5.925521728
int_coke_feed,MT,2027,5.894012956
int_coke_feed,MT,2028,5.872722145
int_coke_feed,MT,2029,5.870645986
int_coke_feed,MT,2030,5.872437182
int_coke_feed,MT,2031,5.878299279
int_coke_feed,MT,2032,5.899142291
int_coke_feed,MT,2033,5.900363562
int_coke_feed,MT,2034,5.875327522
int_coke_feed,MT,2035,5.89633337
int_coke_feed,MT,2036,5.896862587
int_coke_feed,MT,2037,5.896089116
int_coke_feed,MT,2038,5.896577624
int_coke_feed,MT,2039,5.881271037
int_coke_feed,MT,2040,5.882533016
int_coke_feed,MT,2041,5.863440492
int_coke_feed,MT,2042,5.864010418
int_coke_feed,MT,2043,5.859613845
int_coke_feed,MT,2044,5.864906016
int_coke_feed,MT,2045,5.877362972
int_coke_feed,MT,2046,5.880416148
int_coke_feed,MT,2047,5.879276296
int_coke_feed,MT,2048,5.878299279
int_coke_feed,MT,2049,5.881556
int_coke_feed,MT,2050,5.878462115
int_coke_feed,WY,2010,6.087787833
int_coke_feed,WY,2011,6.087787833
int_coke_feed,WY,2012,6.087787833
int_coke_feed,WY,2013,6.087787833
int_coke_feed,WY,2014,6.087787833
int_coke_feed,WY,2015,6.087787833
int_coke_feed,WY,2016,6.087787833
int_coke_feed,WY,2017,6.087787833
int_coke_feed,WY,2018,6.087787833
int_coke_feed,WY,2019,6.087787833
int_coke_feed,WY,2020,6.087787833
int_coke_feed,WY,2021,6.087787833
int_coke_feed,WY,2022,6.087787833
int_coke_feed,WY,2023,6.087787833
int_coke_feed,WY,2024,6.087787833
int_coke_feed,WY,2025,5.974291119
int_coke_feed,WY,2026,5.925521728
int_coke_feed,WY,2027,5.894012956
int_coke_feed,WY,2028,5.872722145
int_coke_feed,WY,2029,5.870645986
int_coke_feed,WY,2030,5.872437182
int_coke_feed,WY,2031,5.878299279
int_coke_feed,WY,2032,5.899142291
int_coke_feed,WY,2033,5.900363562
int_coke_feed,WY,2034,5.875327522
int_coke_feed,WY,2035,5.89633337
int_coke_feed,WY,2036,5.896862587
int_coke_feed,WY,2037,5.896089116
int_coke_feed,WY,2038,5.896577624
int_coke_feed,WY,2039,5.881271037
int_coke_feed,WY,2040,5.882533016
int_coke_feed,WY,2041,5.863440492
int_coke_feed,WY,2042,5.864010418
int_coke_feed,WY,2043,5.859613845
int_coke_feed,WY,2044,5.864906016
int_coke_feed,WY,2045,5.877362972
int_coke_feed,WY,2046,5.880416148
int_coke_feed,WY,2047,5.879276296
int_coke_feed,WY,2048,5.878299279
int_coke_feed,WY,2049,5.881556
int_coke_feed,WY,2050,5.878462115
int_coke_feed,UT,2010,6.087787833
int_coke_feed,UT,2011,6.087787833
int_coke_feed,UT,2012,6.087787833
int_coke_feed,UT,2013,6.087787833
int_coke_feed,UT,2014,6.087787833
int_coke_feed,UT,2015,6.087787833
int_coke_feed,UT,2016,6.087787833
int_coke_feed,UT,2017,6.087787833
int_coke_feed,UT,2018,6.087787833
int_coke_feed,UT,2019,6.087787833
int_coke_feed,UT,2020,6.087787833
int_coke_feed,UT,2021,6.087787833
int_coke_feed,UT,2022,6.087787833
int_coke_feed,UT,2023,6.087787833
int_coke_feed,UT,2024,6.087787833
int_coke_feed,UT,2025,5.974291119
int_coke_feed,UT,2026,5.925521728
int_coke_feed,UT,2027,5.894012956
int_coke_feed,UT,2028,5.872722145
int_coke_feed,UT,2029,5.870645986
int_coke_feed,UT,2030,5.872437182
int_coke_feed,UT,2031,5.878299279
int_coke_feed,UT,2032,5.899142291
int_coke_feed,UT,2033,5.900363562
int_coke_feed,UT,2034,5.875327522
int_coke_feed,UT,2035,5.89633337
int_coke_feed,UT,2036,5.896862587
int_coke_feed,UT,2037,5.896089116
int_coke_feed,UT,2038,5.896577624
int_coke_feed,UT,2039,5.881271037
int_coke_feed,UT,2040,5.882533016
int_coke_feed,UT,2041,5.863440492
int_coke_feed,UT,2042,5.864010418
int_coke_feed,UT,2043,5.859613845
int_coke_feed,UT,2044,5.864906016
int_coke_feed,UT,2045,5.877362972
int_coke_feed,UT,2046,5.880416148
int_coke_feed,UT,2047,5.879276296
int_coke_feed,UT,2048,5.878299279
int_coke_feed,UT,2049,5.881556
int_coke_feed,UT,2050,5.878462115
int_coke_feed,AZ,2010,6.087787833
int_coke_feed,AZ,2011,6.087787833
int_coke_feed,AZ,2012,6.087787833
int_coke_feed,AZ,2013,6.087787833
int_coke_feed,AZ,2014,6.087787833
int_coke_feed,AZ,2015,6.087787833
int_coke_feed,AZ,2016,6.087787833
int_coke_feed,AZ,2017,6.087787833
int_coke_feed,AZ,2018,6.087787833
int_coke_feed,AZ,2019,6.087787833
int_coke_feed,AZ,2020,6.087787833
int_coke_feed,AZ,2021,6.087787833
int_coke_feed,AZ,2022,6.087787833
int_coke_feed,AZ,2023,6.087787833
int_coke_feed,AZ,2024,6.087787833
int_coke_feed,AZ,2025,5.974291119
int_coke_feed,AZ,2026,5.925521728
int_coke_feed,AZ,2027,5.894012956
int_coke_feed,AZ,2028,5.872722145
int_coke_feed,AZ,2029,5.870645986
int_coke_feed,AZ,2030,5.872437182
int_coke_feed,AZ,2031,5.878299279
int_coke_feed,AZ,2032,5.899142291
int_coke_feed,AZ,2033,5.900363562
int_coke_feed,AZ,2034,5.875327522
int_coke_feed,AZ,2035,5.89633337
int_coke_feed,AZ,2036,5.896862587
int_coke_feed,AZ,2037,5.896089116
int_coke_feed,AZ,2038,5.896577624
int_coke_feed,AZ,2039,5.881271037
int_coke_feed,AZ,2040,5.882533016
int_coke_feed,AZ,2041,5.863440492
int_coke_feed,AZ,2042,5.864010418
int_coke_feed,AZ,2043,5.859613845
int_coke_feed,AZ,2044,5.864906016
int_coke_feed,AZ,2045,5.877362972
int_coke_feed,AZ,2046,5.880416148
int_coke_feed,AZ,2047,5.879276296
int_coke_feed,AZ,2048,5.878299279
int_coke_feed,AZ,2049,5.881556
int_coke_feed,AZ,2050,5.878462115
int_coke_feed,NM,2010,6.087787833
int_coke_feed,NM,2011,6.087787833
int_coke_feed,NM,2012,6.087787833
int_coke_feed,NM,2013,6.087787833
int_coke_feed,NM,2014,6.087787833
int_coke_feed,NM,2015,6.087787833
int_coke_feed,NM,2016,6.087787833
int_coke_feed,NM,2017,6.087787833
int_coke_feed,NM,2018,6.087787833
int_coke_feed,NM,2019,6.087787833
int_coke_feed,NM,2020,6.087787833
int_coke_feed,NM,2021,6.087787833
int_coke_feed,NM,2022,6.087787833
int_coke_feed,NM,2023,6.087787833
int_coke_feed,NM,2024,6.087787833
int_coke_feed,NM,2025,5.974291119
int_coke_feed,NM,2026,5.925521728
int_coke_feed,NM,2027,5.894012956
int_coke_feed,NM,2028,5.872722145
int_coke_feed,NM,2029,5.870645986
int_coke_feed,NM,2030,5.872437182
int_coke_feed,NM,2031,5.878299279
int_coke_feed,NM,2032,5.899142291
int_coke_feed,NM,2033,5.900363562
int_coke_feed,NM,2034,5.875327522
int_coke_feed,NM,2035,5.89633337
int_coke_feed,NM,2036,5.896862587
int_coke_feed,NM,2037,5.896089116
int_coke_feed,NM,2038,5.896577624
int_coke_feed,NM,2039,5.881271037
int_coke_feed,NM,2040,5.882533016
int_coke_feed,NM,2041,5.863440492
int_coke_feed,NM,2042,5.864010418
int_coke_feed,NM,2043,5.859613845
int_coke_feed,NM,2044,5.864906016
int_coke_feed,NM,2045,5.877362972
int_coke_feed,NM,2046,5.880416148
int_coke_feed,NM,2047,5.879276296
int_coke_feed,NM,2048,5.878299279
int_coke_feed,NM,2049,5.881556
int_coke_feed,NM,2050,5.878462115
int_coke_feed,SD,2010,6.087787833
int_coke_feed,SD,2011,6.087787833
int_coke_feed,SD,2012,6.087787833
int_coke_feed,SD,2013,6.087787833
int_coke_feed,SD,2014,6.087787833
int_coke_feed,SD,2015,6.087787833
int_coke_feed,SD,2016,6.087787833
int_coke_feed,SD,2017,6.087787833
int_coke_feed,SD,2018,6.087787833
int_coke_feed,SD,2019,6.087787833
int_coke_feed,SD,2020,6.087787833
int_coke_feed,SD,2021,6.087787833
int_coke_feed,SD,2022,6.087787833
int_coke_feed,SD,2023,6.087787833
int_coke_feed,SD,2024,6.087787833
int_coke_feed,SD,2025,5.974291119
int_coke_feed,SD,2026,5.925521728
int_coke_feed,SD,2027,5.894012956
int_coke_feed,SD,2028,5.872722145
int_coke_feed,SD,2029,5.870645986
int_coke_feed,SD,2030,5.872437182
int_coke_feed,SD,2031,5.878299279
int_coke_feed,SD,2032,5.899142291
int_coke_feed,SD,2033,5.900363562
int_coke_feed,SD,2034,5.875327522
int_coke_feed,SD,2035,5.89633337
int_coke_feed,SD,2036,5.896862587
int_coke_feed,SD,2037,5.896089116
int_coke_feed,SD,2038,5.896577624
int_coke_feed,SD,2039,5.881271037
int_coke_feed,SD,2040,5.882533016
int_coke_feed,SD,2041,5.863440492
int_coke_feed,SD,2042,5.864010418
int_coke_feed,SD,2043,5.859613845
int_coke_feed,SD,2044,5.864906016
int_coke_feed,SD,2045,5.877362972
int_coke_feed,SD,2046,5.880416148
int_coke_feed,SD,2047,5.879276296
int_coke_feed,SD,2048,5.878299279
int_coke_feed,SD,2049,5.881556
int_coke_feed,SD,2050,5.878462115
int_coke_feed,CO,2010,6.087787833
int_coke_feed,CO,2011,6.087787833
int_coke_feed,CO,2012,6.087787833
int_coke_feed,CO,2013,6.087787833
int_coke_feed,CO,2014,6.087787833
int_coke_feed,CO,2015,6.087787833
int_coke_feed,CO,2016,6.087787833
int_coke_feed,CO,2017,6.087787833
int_coke_feed,CO,2018,6.087787833
int_coke_feed,CO,2019,6.087787833
int_coke_feed,CO,2020,6.087787833
int_coke_feed,CO,2021,6.087787833
int_coke_feed,CO,2022,6.087787833
int_coke_feed,CO,2023,6.087787833
int_coke_feed,CO,2024,6.087787833
int_coke_feed,CO,2025,5.974291119
int_coke_feed,CO,2026,5.925521728
int_coke_feed,CO,2027,5.894012956
int_coke_feed,CO,2028,5.872722145
int_coke_feed,CO,2029,5.870645986
int_coke_feed,CO,2030,5.872437182
int_coke_feed,CO,2031,5.878299279
int_coke_feed,CO,2032,5.899142291
int_coke_feed,CO,2033,5.900363562
int_coke_feed,CO,2034,5.875327522
int_coke_feed,CO,2035,5.89633337
int_coke_feed,CO,2036,5.896862587
int_coke_feed,CO,2037,5.896089116
int_coke_feed,CO,2038,5.896577624
int_coke_feed,CO,2039,5.881271037
int_coke_feed,CO,2040,5.882533016
int_coke_feed,CO,2041,5.863440492
int_coke_feed,CO,2042,5.864010418
int_coke_feed,CO,2043,5.859613845
int_coke_feed,CO,2044,5.864906016
int_coke_feed,CO,2045,5.877362972
int_coke_feed,CO,2046,5.880416148
int_coke_feed,CO,2047,5.879276296
int_coke_feed,CO,2048,5.878299279
int_coke_feed,CO,2049,5.881556
int_coke_feed,CO,2050,5.878462115
int_coke_feed,ND,2010,6.087787833
int_coke_feed,ND,2011,6.087787833
int_coke_feed,ND,2012,6.087787833
int_coke_feed,ND,2013,6.087787833
int_coke_feed,ND,2014,6.087787833
int_coke_feed,ND,2015,6.087787833
int_coke_feed,ND,2016,6.087787833
int_coke_feed,ND,2017,6.087787833
int_coke_feed,ND,2018,6.087787833
int_coke_feed,ND,2019,6.087787833
int_coke_feed,ND,2020,6.087787833
int_coke_feed,ND,2021,6.087787833
int_coke_feed,ND,2022,6.087787833
int_coke_feed,ND,2023,6.087787833
int_coke_feed,ND,2024,6.087787833
int_coke_feed,ND,2025,5.974291119
int_coke_feed,ND,2026,5.925521728
int_coke_feed,ND,2027,5.894012956
int_coke_feed,ND,2028,5.872722145
int_coke_feed,ND,2029,5.870645986
int_coke_feed,ND,2030,5.872437182
int_coke_feed,ND,2031,5.878299279
int_coke_feed,ND,2032,5.899142291
int_coke_feed,ND,2033,5.900363562
int_coke_feed,ND,2034,5.875327522
int_coke_feed,ND,2035,5.89633337
int_coke_feed,ND,2036,5.896862587
int_coke_feed,ND,2037,5.896089116
int_coke_feed,ND,2038,5.896577624
int_coke_feed,ND,2039,5.881271037
int_coke_feed,ND,2040,5.882533016
int_coke_feed,ND,2041,5.863440492
int_coke_feed,ND,2042,5.864010418
int_coke_feed,ND,2043,5.859613845
int_coke_feed,ND,2044,5.864906016
int_coke_feed,ND,2045,5.877362972
int_coke_feed,ND,2046,5.880416148
int_coke_feed,ND,2047,5.879276296
int_coke_feed,ND,2048,5.878299279
int_coke_feed,ND,2049,5.881556
int_coke_feed,ND,2050,5.878462115
int_coke_feed,NE,2010,6.087787833
int_coke_feed,NE,2011,6.087787833
int_coke_feed,NE,2012,6.087787833
int_coke_feed,NE,2013,6.087787833
int_coke_feed,NE,2014,6.087787833
int_coke_feed,NE,2015,6.087787833
int_coke_feed,NE,2016,6.087787833
int_coke_feed,NE,2017,6.087787833
int_coke_feed,NE,2018,6.087787833
int_coke_feed,NE,2019,6.087787833
int_coke_feed,NE,2020,6.087787833
int_coke_feed,NE,2021,6.087787833
int_coke_feed,NE,2022,6.087787833
int_coke_feed,NE,2023,6.087787833
int_coke_feed,NE,2024,6.087787833
int_coke_feed,NE,2025,5.974291119
int_coke_feed,NE,2026,5.925521728
int_coke_feed,NE,2027,5.894012956
int_coke_feed,NE,2028,5.872722145
int_coke_feed,NE,2029,5.870645986
int_coke_feed,NE,2030,5.872437182
int_coke_feed,NE,2031,5.878299279
int_coke_feed,NE,2032,5.899142291
int_coke_feed,NE,2033,5.900363562
int_coke_feed,NE,2034,5.875327522
int_coke_feed,NE,2035,5.89633337
int_coke_feed,NE,2036,5.896862587
int_coke_feed,NE,2037,5.896089116
int_coke_feed,NE,2038,5.896577624
int_coke_feed,NE,2039,5.881271037
int_coke_feed,NE,2040,5.882533016
int_coke_feed,NE,2041,5.863440492
int_coke_feed,NE,2042,5.864010418
int_coke_feed,NE,2043,5.859613845
int_coke_feed,NE,2044,5.864906016
int_coke_feed,NE,2045,5.877362972
int_coke_feed,NE,2046,5.880416148
int_coke_feed,NE,2047,5.879276296
int_coke_feed,NE,2048,5.878299279
int_coke_feed,NE,2049,5.881556
int_coke_feed,NE,2050,5.878462115
int_coke_feed,MN,2010,6.087787833
int_coke_feed,MN,2011,6.087787833
int_coke_feed,MN,2012,6.087787833
int_coke_feed,MN,2013,6.087787833
int_coke_feed,MN,2014,6.087787833
int_coke_feed,MN,2015,6.087787833
int_coke_feed,MN,2016,6.087787833
int_coke_feed,MN,2017,6.087787833
int_coke_feed,MN,2018,6.087787833
int_coke_feed,MN,2019,6.087787833
int_coke_feed,MN,2020,6.087787833
int_coke_feed,MN,2021,6.087787833
int_coke_feed,MN,2022,6.087787833
int_coke_feed,MN,2023,6.087787833
int_coke_feed,MN,2024,6.087787833
int_coke_feed,MN,2025,5.974291119
int_coke_feed,MN,2026,5.925521728
int_coke_feed,MN,2027,5.894012956
int_coke_feed,MN,2028,5.872722145
int_coke_feed,MN,2029,5.870645986
int_coke_feed,MN,2030,5.872437182
int_coke_feed,MN,2031,5.878299279
int_coke_feed,MN,2032,5.899142291
int_coke_feed,MN,2033,5.900363562
int_coke_feed,MN,2034,5.875327522
int_coke_feed,MN,2035,5.89633337
int_coke_feed,MN,2036,5.896862587
int_coke_feed,MN,2037,5.896089116
int_coke_feed,MN,2038,5.896577624
int_coke_feed,MN,2039,5.881271037
int_coke_feed,MN,2040,5.882533016
int_coke_feed,MN,2041,5.863440492
int_coke_feed,MN,2042,5.864010418
int_coke_feed,MN,2043,5.859613845
int_coke_feed,MN,2044,5.864906016
int_coke_feed,MN,2045,5.877362972
int_coke_feed,MN,2046,5.880416148
int_coke_feed,MN,2047,5.879276296
int_coke_feed,MN,2048,5.878299279
int_coke_feed,MN,2049,5.881556
int_coke_feed,MN,2050,5.878462115
int_coke_feed,IA,2010,6.087787833
int_coke_feed,IA,2011,6.087787833
int_coke_feed,IA,2012,6.087787833
int_coke_feed,IA,2013,6.087787833
int_coke_feed,IA,2014,6.087787833
int_coke_feed,IA,2015,6.087787833
int_coke_feed,IA,2016,6.087787833
int_coke_feed,IA,2017,6.087787833
int_coke_feed,IA,2018,6.087787833
int_coke_feed,IA,2019,6.087787833
int_coke_feed,IA,2020,6.087787833
int_coke_feed,IA,2021,6.087787833
int_coke_feed,IA,2022,6.087787833
int_coke_feed,IA,2023,6.087787833
int_coke_feed,IA,2024,6.087787833
int_coke_feed,IA,2025,5.974291119
int_coke_feed,IA,2026,5.925521728
int_coke_feed,IA,2027,5.894012956
int_coke_feed,IA,2028,5.872722145
int_coke_feed,IA,2029,5.870645986
int_coke_feed,IA,2030,5.872437182
int_coke_feed,IA,2031,5.878299279
int_coke_feed,IA,2032,5.899142291
int_coke_feed,IA,2033,5.900363562
int_coke_feed,IA,2034,5.875327522
int_coke_feed,IA,2035,5.89633337
int_coke_feed,IA,2036,5.896862587
int_coke_feed,IA,2037,5.896089116
int_coke_feed,IA,2038,5.896577624
int_coke_feed,IA,2039,5.881271037
int_coke_feed,IA,2040,5.882533016
int_coke_feed,IA,2041,5.863440492
int_coke_feed,IA,2042,5.864010418
int_coke_feed,IA,2043,5.859613845
int_coke_feed,IA,2044,5.864906016
int_coke_feed,IA,2045,5.877362972
int_coke_feed,IA,2046,5.880416148
int_coke_feed,IA,2047,5.879276296
int_coke_feed,IA,2048,5.878299279
int_coke_feed,IA,2049,5.881556
int_coke_feed,IA,2050,5.878462115
int_coke_feed,WI,2010,6.699074291
int_coke_feed,WI,2011,6.699074291
int_coke_feed,WI,2012,6.699074291
int_coke_feed,WI,2013,6.699074291
int_coke_feed,WI,2014,6.699074291
int_coke_feed,WI,2015,6.699074291
int_coke_feed,WI,2016,6.699074291
int_coke_feed,WI,2017,6.699074291
int_coke_feed,WI,2018,6.699074291
int_coke_feed,WI,2019,6.699074291
int_coke_feed,WI,2020,6.699074291
int_coke_feed,WI,2021,6.699074291
int_coke_feed,WI,2022,6.699074291
int_coke_feed,WI,2023,6.699074291
int_coke_feed,WI,2024,6.699074291
int_coke_feed,WI,2025,6.621727176
int_coke_feed,WI,2026,6.583460709
int_coke_feed,WI,2027,6.550893503
int_coke_feed,WI,2028,6.525653918
int_coke_feed,WI,2029,6.516697937
int_coke_feed,WI,2030,6.511812856
int_coke_feed,WI,2031,6.510998676
int_coke_feed,WI,2032,6.524839738
int_coke_feed,WI,2033,6.520768837
int_coke_feed,WI,2034,6.491458352
int_coke_feed,WI,2035,6.510184495
int_coke_feed,WI,2036,6.513441216
int_coke_feed,WI,2037,6.515883756
int_coke_feed,WI,2038,6.518326297
int_coke_feed,WI,2039,6.502856874
int_coke_feed,WI,2040,6.503671054
int_coke_feed,WI,2041,6.484130731
int_coke_feed,WI,2042,6.48331655
int_coke_feed,WI,2043,6.48168819
int_coke_feed,WI,2044,6.487387451
int_coke_feed,WI,2045,6.501228514
int_coke_feed,WI,2046,6.508556135
int_coke_feed,WI,2047,6.509370315
int_coke_feed,WI,2048,6.508556135
int_coke_feed,WI,2049,6.511812856
int_coke_feed,WI,2050,6.510998676
int_coke_feed,TX,2010,6.087787833
int_coke_feed,TX,2011,6.087787833
int_coke_feed,TX,2012,6.087787833
int_coke_feed,TX,2013,6.087787833
int_coke_feed,TX,2014,6.087787833
int_coke_feed,TX,2015,6.087787833
int_coke_feed,TX,2016,6.087787833
int_coke_feed,TX,2017,6.087787833
int_coke_feed,TX,2018,6.087787833
int_coke_feed,TX,2019,6.087787833
int_coke_feed,TX,2020,6.087787833
int_coke_feed,TX,2021,6.087787833
int_coke_feed,TX,2022,6.087787833
int_coke_feed,TX,2023,6.087787833
int_coke_feed,TX,2024,6.087787833
int_coke_feed,TX,2025,5.974291119
int_coke_feed,TX,2026,5.925521728
int_coke_feed,TX,2027,5.894012956
int_coke_feed,TX,2028,5.872722145
int_coke_feed,TX,2029,5.870645986
int_coke_feed,TX,2030,5.872437182
int_coke_feed,TX,2031,5.878299279
int_coke_feed,TX,2032,5.899142291
int_coke_feed,TX,2033,5.900363562
int_coke_feed,TX,2034,5.875327522
int_coke_feed,TX,2035,5.89633337
int_coke_feed,TX,2036,5.896862587
int_coke_feed,TX,2037,5.896089116
int_coke_feed,TX,2038,5.896577624
int_coke_feed,TX,2039,5.881271037
int_coke_feed,TX,2040,5.882533016
int_coke_feed,TX,2041,5.863440492
int_coke_feed,TX,2042,5.864010418
int_coke_feed,TX,2043,5.859613845
int_coke_feed,TX,2044,5.864906016
int_coke_feed,TX,2045,5.877362972
int_coke_feed,TX,2046,5.880416148
int_coke_feed,TX,2047,5.879276296
int_coke_feed,TX,2048,5.878299279
int_coke_feed,TX,2049,5.881556
int_coke_feed,TX,2050,5.878462115
int_coke_feed,OK,2010,6.087787833
int_coke_feed,OK,2011,6.087787833
int_coke_feed,OK,2012,6.087787833
int_coke_feed,OK,2013,6.087787833
int_coke_feed,OK,2014,6.087787833
int_coke_feed,OK,2015,6.087787833
int_coke_feed,OK,2016,6.087787833
int_coke_feed,OK,2017,6.087787833
int_coke_feed,OK,2018,6.087787833
int_coke_feed,OK,2019,6.087787833
int_coke_feed,OK,2020,6.087787833
int_coke_feed,OK,2021,6.087787833
int_coke_feed,OK,2022,6.087787833
int_coke_feed,OK,2023,6.087787833
int_coke_feed,OK,2024,6.087787833
int_coke_feed,OK,2025,5.974291119
int_coke_feed,OK,2026,5.925521728
int_coke_feed,OK,2027,5.894012956
int_coke_feed,OK,2028,5.872722145
int_coke_feed,OK,2029,5.870645986
int_coke_feed,OK,2030,5.872437182
int_coke_feed,OK,2031,5.878299279
int_coke_feed,OK,2032,5.899142291
int_coke_feed,OK,2033,5.900363562
int_coke_feed,OK,2034,5.875327522
int_coke_feed,OK,2035,5.89633337
int_coke_feed,OK,2036,5.896862587
int_coke_feed,OK,2037,5.896089116
int_coke_feed,OK,2038,5.896577624
int_coke_feed,OK,2039,5.881271037
int_coke_feed,OK,2040,5.882533016
int_coke_feed,OK,2041,5.863440492
int_coke_feed,OK,2042,5.864010418
int_coke_feed,OK,2043,5.859613845
int_coke_feed,OK,2044,5.864906016
int_coke_feed,OK,2045,5.877362972
int_coke_feed,OK,2046,5.880416148
int_coke_feed,OK,2047,5.879276296
int_coke_feed,OK,2048,5.878299279
int_coke_feed,OK,2049,5.881556
int_coke_feed,OK,2050,5.878462115
int_coke_feed,KS,2010,6.087787833
int_coke_feed,KS,2011,6.087787833
int_coke_feed,KS,2012,6.087787833
int_coke_feed,KS,2013,6.087787833
int_coke_feed,KS,2014,6.087787833
int_coke_feed,KS,2015,6.087787833
int_coke_feed,KS,2016,6.087787833
int_coke_feed,KS,2017,6.087787833
int_coke_feed,KS,2018,6.087787833
int_coke_feed,KS,2019,6.087787833
int_coke_feed,KS,2020,6.087787833
int_coke_feed,KS,2021,6.087787833
int_coke_feed,KS,2022,6.087787833
int_coke_feed,KS,2023,6.087787833
int_coke_feed,KS,2024,6.087787833
int_coke_feed,KS,2025,5.974291119
int_coke_feed,KS,2026,5.925521728
int_coke_feed,KS,2027,5.894012956
int_coke_feed,KS,2028,5.872722145
int_coke_feed,KS,2029,5.870645986
int_coke_feed,KS,2030,5.872437182
int_coke_feed,KS,2031,5.878299279
int_coke_feed,KS,2032,5.899142291
int_coke_feed,KS,2033,5.900363562
int_coke_feed,KS,2034,5.875327522
int_coke_feed,KS,2035,5.89633337
int_coke_feed,KS,2036,5.896862587
int_coke_feed,KS,2037,5.896089116
int_coke_feed,KS,2038,5.896577624
int_coke_feed,KS,2039,5.881271037
int_coke_feed,KS,2040,5.882533016
int_coke_feed,KS,2041,5.863440492
int_coke_feed,KS,2042,5.864010418
int_coke_feed,KS,2043,5.859613845
int_coke_feed,KS,2044,5.864906016
int_coke_feed,KS,2045,5.877362972
int_coke_feed,KS,2046,5.880416148
int_coke_feed,KS,2047,5.879276296
int_coke_feed,KS,2048,5.878299279
int_coke_feed,KS,2049,5.881556
int_coke_feed,KS,2050,5.878462115
int_coke_feed,MO,2010,6.087787833
int_coke_feed,MO,2011,6.087787833
int_coke_feed,MO,2012,6.087787833
int_coke_feed,MO,2013,6.087787833
int_coke_feed,MO,2014,6.087787833
int_coke_feed,MO,2015,6.087787833
int_coke_feed,MO,2016,6.087787833
int_coke_feed,MO,2017,6.087787833
int_coke_feed,MO,2018,6.087787833
int_coke_feed,MO,2019,6.087787833
int_coke_feed,MO,2020,6.087787833
int_coke_feed,MO,2021,6.087787833
int_coke_feed,MO,2022,6.087787833
int_coke_feed,MO,2023,6.087787833
int_coke_feed,MO,2024,6.087787833
int_coke_feed,MO,2025,5.974291119
int_coke_feed,MO,2026,5.925521728
int_coke_feed,MO,2027,5.894012956
int_coke_feed,MO,2028,5.872722145
int_coke_feed,MO,2029,5.870645986
int_coke_feed,MO,2030,5.872437182
int_coke_feed,MO,2031,5.878299279
int_coke_feed,MO,2032,5.899142291
int_coke_feed,MO,2033,5.900363562
int_coke_feed,MO,2034,5.875327522
int_coke_feed,MO,2035,5.89633337
int_coke_feed,MO,2036,5.896862587
int_coke_feed,MO,2037,5.896089116
int_coke_feed,MO,2038,5.896577624
int_coke_feed,MO,2039,5.881271037
int_coke_feed,MO,2040,5.882533016
int_coke_feed,MO,2041,5.863440492
int_coke_feed,MO,2042,5.864010418
int_coke_feed,MO,2043,5.859613845
int_coke_feed,MO,2044,5.864906016
int_coke_feed,MO,2045,5.877362972
int_coke_feed,MO,2046,5.880416148
int_coke_feed,MO,2047,5.879276296
int_coke_feed,MO,2048,5.878299279
int_coke_feed,MO,2049,5.881556
int_coke_feed,MO,2050,5.878462115
int_coke_feed,AR,2010,6.087787833
int_coke_feed,AR,2011,6.087787833
int_coke_feed,AR,2012,6.087787833
int_coke_feed,AR,2013,6.087787833
int_coke_feed,AR,2014,6.087787833
int_coke_feed,AR,2015,6.087787833
int_coke_feed,AR,2016,6.087787833
int_coke_feed,AR,2017,6.087787833
int_coke_feed,AR,2018,6.087787833
int_coke_feed,AR,2019,6.087787833
int_coke_feed,AR,2020,6.087787833
int_coke_feed,AR,2021,6.087787833
int_coke_feed,AR,2022,6.087787833
int_coke_feed,AR,2023,6.087787833
int_coke_feed,AR,2024,6.087787833
int_coke_feed,AR,2025,5.974291119
int_coke_feed,AR,2026,5.925521728
int_coke_feed,AR,2027,5.894012956
int_coke_feed,AR,2028,5.872722145
int_coke_feed,AR,2029,5.870645986
int_coke_feed,AR,2030,5.872437182
int_coke_feed,AR,2031,5.878299279
int_coke_feed,AR,2032,5.899142291
int_coke_feed,AR,2033,5.900363562
int_coke_feed,AR,2034,5.875327522
int_coke_feed,AR,2035,5.89633337
int_coke_feed,AR,2036,5.896862587
int_coke_feed,AR,2037,5.896089116
int_coke_feed,AR,2038,5.896577624
int_coke_feed,AR,2039,5.881271037
int_coke_feed,AR,2040,5.882533016
int_coke_feed,AR,2041,5.863440492
int_coke_feed,AR,2042,5.864010418
int_coke_feed,AR,2043,5.859613845
int_coke_feed,AR,2044,5.864906016
int_coke_feed,AR,2045,5.877362972
int_coke_feed,AR,2046,5.880416148
int_coke_feed,AR,2047,5.879276296
int_coke_feed,AR,2048,5.878299279
int_coke_feed,AR,2049,5.881556
int_coke_feed,AR,2050,5.878462115
int_coke_feed,LA,2010,6.087787833
int_coke_feed,LA,2011,6.087787833
int_coke_feed,LA,2012,6.087787833
int_coke_feed,LA,2013,6.087787833
int_coke_feed,LA,2014,6.087787833
int_coke_feed,LA,2015,6.087787833
int_coke_feed,LA,2016,6.087787833
int_coke_feed,LA,2017,6.087787833
int_coke_feed,LA,2018,6.087787833
int_coke_feed,LA,2019,6.087787833
int_coke_feed,LA,2020,6.087787833
int_coke_feed,LA,2021,6.087787833
int_coke_feed,LA,2022,6.087787833
int_coke_feed,LA,2023,6.087787833
int_coke_feed,LA,2024,6.087787833
int_coke_feed,LA,2025,5.974291119
int_coke_feed,LA,2026,5.925521728
int_coke_feed,LA,2027,5.894012956
int_coke_feed,LA,2028,5.872722145
int_coke_feed,LA,2029,5.870645986
int_coke_feed,LA,2030,5.872437182
int_coke_feed,LA,2031,5.878299279
int_coke_feed,LA,2032,5.899142291
int_coke_feed,LA,2033,5.900363562
int_coke_feed,LA,2034,5.875327522
int_coke_feed,LA,2035,5.89633337
int_coke_feed,LA,2036,5.896862587
int_coke_feed,LA,2037,5.896089116
int_coke_feed,LA,2038,5.896577624
int_coke_feed,LA,2039,5.881271037
int_coke_feed,LA,2040,5.882533016
int_coke_feed,LA,2041,5.863440492
int_coke_feed,LA,2042,5.864010418
int_coke_feed,LA,2043,5.859613845
int_coke_feed,LA,2044,5.864906016
int_coke_feed,LA,2045,5.877362972
int_coke_feed,LA,2046,5.880416148
int_coke_feed,LA,2047,5.879276296
int_coke_feed,LA,2048,5.878299279
int_coke_feed,LA,2049,5.881556
int_coke_feed,LA,2050,5.878462115
int_coke_feed,MI,2010,6.699074291
int_coke_feed,MI,2011,6.699074291
int_coke_feed,MI,2012,6.699074291
int_coke_feed,MI,2013,6.699074291
int_coke_feed,MI,2014,6.699074291
int_coke_feed,MI,2015,6.699074291
int_coke_feed,MI,2016,6.699074291
int_coke_feed,MI,2017,6.699074291
int_coke_feed,MI,2018,6.699074291
int_coke_feed,MI,2019,6.699074291
int_coke_feed,MI,2020,6.699074291
int_coke_feed,MI,2021,6.699074291
int_coke_feed,MI,2022,6.699074291
int_coke_feed,MI,2023,6.699074291
int_coke_feed,MI,2024,6.699074291
int_coke_feed,MI,2025,6.621727176
int_coke_feed,MI,2026,6.583460709
int_coke_feed,MI,2027,6.550893503
int_coke_feed,MI,2028,6.525653918
int_coke_feed,MI,2029,6.516697937
int_coke_feed,MI,2030,6.511812856
int_coke_feed,MI,2031,6.510998676
int_coke_feed,MI,2032,6.524839738
int_coke_feed,MI,2033,6.520768837
int_coke_feed,MI,2034,6.491458352
int_coke_feed,MI,2035,6.510184495
int_coke_feed,MI,2036,6.513441216
int_coke_feed,MI,2037,6.515883756
int_coke_feed,MI,2038,6.518326297
int_coke_feed,MI,2039,6.502856874
int_coke_feed,MI,2040,6.503671054
int_coke_feed,MI,2041,6.484130731
int_coke_feed,MI,2042,6.48331655
int_coke_feed,MI,2043,6.48168819
int_coke_feed,MI,2044,6.487387451
int_coke_feed,MI,2045,6.501228514
int_coke_feed,MI,2046,6.508556135
int_coke_feed,MI,2047,6.509370315
int_coke_feed,MI,2048,6.508556135
int_coke_feed,MI,2049,6.511812856
int_coke_feed,MI,2050,6.510998676
int_coke_feed,IL,2010,6.699074291
int_coke_feed,IL,2011,6.699074291
int_coke_feed,IL,2012,6.699074291
int_coke_feed,IL,2013,6.699074291
int_coke_feed,IL,2014,6.699074291
int_coke_feed,IL,2015,6.699074291
int_coke_feed,IL,2016,6.699074291
int_coke_feed,IL,2017,6.699074291
int_coke_feed,IL,2018,6.699074291
int_coke_feed,IL,2019,6.699074291
int_coke_feed,IL,2020,6.699074291
int_coke_feed,IL,2021,6.699074291
int_coke_feed,IL,2022,6.699074291
int_coke_feed,IL,2023,6.699074291
int_coke_feed,IL,2024,6.699074291
int_coke_feed,IL,2025,6.621727176
int_coke_feed,IL,2026,6.583460709
int_coke_feed,IL,2027,6.550893503
int_coke_feed,IL,2028,6.525653918
int_coke_feed,IL,2029,6.516697937
int_coke_feed,IL,2030,6.511812856
int_coke_feed,IL,2031,6.510998676
int_coke_feed,IL,2032,6.524839738
int_coke_feed,IL,2033,6.520768837
int_coke_feed,IL,2034,6.491458352
int_coke_feed,IL,2035,6.510184495
int_coke_feed,IL,2036,6.513441216
int_coke_feed,IL,2037,6.515883756
int_coke_feed,IL,2038,6.518326297
int_coke_feed,IL,2039,6.502856874
int_coke_feed,IL,2040,6.503671054
int_coke_feed,IL,2041,6.484130731
int_coke_feed,IL,2042,6.48331655
int_coke_feed,IL,2043,6.48168819
int_coke_feed,IL,2044,6.487387451
int_coke_feed,IL,2045,6.501228514
int_coke_feed,IL,2046,6.508556135
int_coke_feed,IL,2047,6.509370315
int_coke_feed,IL,2048,6.508556135
int_coke_feed,IL,2049,6.511812856
int_coke_feed,IL,2050,6.510998676
int_coke_feed,MS,2010,6.405969436
int_coke_feed,MS,2011,6.405969436
int_coke_feed,MS,2012,6.405969436
int_coke_feed,MS,2013,6.405969436
int_coke_feed,MS,2014,6.405969436
int_coke_feed,MS,2015,6.405969436
int_coke_feed,MS,2016,6.405969436
int_coke_feed,MS,2017,6.405969436
int_coke_feed,MS,2018,6.405969436
int_coke_feed,MS,2019,6.405969436
int_coke_feed,MS,2020,6.405969436
int_coke_feed,MS,2021,6.405969436
int_coke_feed,MS,2022,6.405969436
int_coke_feed,MS,2023,6.405969436
int_coke_feed,MS,2024,6.405969436
int_coke_feed,MS,2025,6.312338718
int_coke_feed,MS,2026,6.26837299
int_coke_feed,MS,2027,6.236619964
int_coke_feed,MS,2028,6.21382292
int_coke_feed,MS,2029,6.208123659
int_coke_feed,MS,2030,6.206495299
int_coke_feed,MS,2031,6.208937839
int_coke_feed,MS,2032,6.226035622
int_coke_feed,MS,2033,6.224407262
int_coke_feed,MS,2034,6.197539317
int_coke_feed,MS,2035,6.217079641
int_coke_feed,MS,2036,6.219522181
int_coke_feed,MS,2037,6.220336361
int_coke_feed,MS,2038,6.221964722
int_coke_feed,MS,2039,6.207309479
int_coke_feed,MS,2040,6.208123659
int_coke_feed,MS,2041,6.188583335
int_coke_feed,MS,2042,6.188583335
int_coke_feed,MS,2043,6.185326615
int_coke_feed,MS,2044,6.191840056
int_coke_feed,MS,2045,6.204866938
int_coke_feed,MS,2046,6.209752019
int_coke_feed,MS,2047,6.209752019
int_coke_feed,MS,2048,6.209752019
int_coke_feed,MS,2049,6.21300874
int_coke_feed,MS,2050,6.21138038
int_coke_feed,AL,2010,6.405969436
int_coke_feed,AL,2011,6.405969436
int_coke_feed,AL,2012,6.405969436
int_coke_feed,AL,2013,6.405969436
int_coke_feed,AL,2014,6.405969436
int_coke_feed,AL,2015,6.405969436
int_coke_feed,AL,2016,6.405969436
int_coke_feed,AL,2017,6.405969436
int_coke_feed,AL,2018,6.405969436
int_coke_feed,AL,2019,6.405969436
int_coke_feed,AL,2020,6.405969436
int_coke_feed,AL,2021,6.405969436
int_coke_feed,AL,2022,6.405969436
int_coke_feed,AL,2023,6.405969436
int_coke_feed,AL,2024,6.405969436
int_coke_feed,AL,2025,6.312338718
int_coke_feed,AL,2026,6.26837299
int_coke_feed,AL,2027,6.236619964
int_coke_feed,AL,2028,6.21382292
int_coke_feed,AL,2029,6.208123659
int_coke_feed,AL,2030,6.206495299
int_coke_feed,AL,2031,6.208937839
int_coke_feed,AL,2032,6.226035622
int_coke_feed,AL,2033,6.224407262
int_coke_feed,AL,2034,6.197539317
int_coke_feed,AL,2035,6.217079641
int_coke_feed,AL,2036,6.219522181
int_coke_feed,AL,2037,6.220336361
int_coke_feed,AL,2038,6.221964722
int_coke_feed,AL,2039,6.207309479
int_coke_feed,AL,2040,6.208123659
int_coke_feed,AL,2041,6.188583335
int_coke_feed,AL,2042,6.188583335
int_coke_feed,AL,2043,6.185326615
int_coke_feed,AL,2044,6.191840056
int_coke_feed,AL,2045,6.204866938
int_coke_feed,AL,2046,6.209752019
int_coke_feed,AL,2047,6.209752019
int_coke_feed,AL,2048,6.209752019
int_coke_feed,AL,2049,6.21300874
int_coke_feed,AL,2050,6.21138038
int_coke_feed,FL,2010,5.644710994
int_coke_feed,FL,2011,5.644710994
int_coke_feed,FL,2012,5.644710994
int_coke_feed,FL,2013,5.644710994
int_coke_feed,FL,2014,5.644710994
int_coke_feed,FL,2015,5.644710994
int_coke_feed,FL,2016,5.644710994
int_coke_feed,FL,2017,5.644710994
int_coke_feed,FL,2018,5.644710994
int_coke_feed,FL,2019,5.644710994
int_coke_feed,FL,2020,5.644710994
int_coke_feed,FL,2021,5.644710994
int_coke_feed,FL,2022,5.644710994
int_coke_feed,FL,2023,5.644710994
int_coke_feed,FL,2024,5.644710994
int_coke_feed,FL,2025,5.504672008
int_coke_feed,FL,2026,5.448493577
int_coke_feed,FL,2027,5.417554731
int_coke_feed,FL,2028,5.398828588
int_coke_feed,FL,2029,5.402085309
int_coke_feed,FL,2030,5.40859875
int_coke_feed,FL,2031,5.419183092
int_coke_feed,FL,2032,5.445236857
int_coke_feed,FL,2033,5.450121937
int_coke_feed,FL,2034,5.428139073
int_coke_feed,FL,2035,5.450936118
int_coke_feed,FL,2036,5.449307757
int_coke_feed,FL,2037,5.446051037
int_coke_feed,FL,2038,5.445236857
int_coke_feed,FL,2039,5.429767434
int_coke_feed,FL,2040,5.431395794
int_coke_feed,FL,2041,5.41266965
int_coke_feed,FL,2042,5.414298011
int_coke_feed,FL,2043,5.40778457
int_coke_feed,FL,2044,5.41266965
int_coke_feed,FL,2045,5.424068173
int_coke_feed,FL,2046,5.424068173
int_coke_feed,FL,2047,5.421625632
int_coke_feed,FL,2048,5.419997272
int_coke_feed,FL,2049,5.423253992
int_coke_feed,FL,2050,5.418368912
int_coke_feed,TN,2010,6.405969436
int_coke_feed,TN,2011,6.405969436
int_coke_feed,TN,2012,6.405969436
int_coke_feed,TN,2013,6.405969436
int_coke_feed,TN,2014,6.405969436
int_coke_feed,TN,2015,6.405969436
int_coke_feed,TN,2016,6.405969436
int_coke_feed,TN,2017,6.405969436
int_coke_feed,TN,2018,6.405969436
int_coke_feed,TN,2019,6.405969436
int_coke_feed,TN,2020,6.405969436
int_coke_feed,TN,2021,6.405969436
int_coke_feed,TN,2022,6.405969436
int_coke_feed,TN,2023,6.405969436
int_coke_feed,TN,2024,6.405969436
int_coke_feed,TN,2025,6.312338718
int_coke_feed,TN,2026,6.26837299
int_coke_feed,TN,2027,6.236619964
int_coke_feed,TN,2028,6.21382292
int_coke_feed,TN,2029,6.208123659
int_coke_feed,TN,2030,6.206495299
int_coke_feed,TN,2031,6.208937839
int_coke_feed,TN,2032,6.226035622
int_coke_feed,TN,2033,6.224407262
int_coke_feed,TN,2034,6.197539317
int_coke_feed,TN,2035,6.217079641
int_coke_feed,TN,2036,6.219522181
int_coke_feed,TN,2037,6.220336361
int_coke_feed,TN,2038,6.221964722
int_coke_feed,TN,2039,6.207309479
int_coke_feed,TN,2040,6.208123659
int_coke_feed,TN,2041,6.188583335
int_coke_feed,TN,2042,6.188583335
int_coke_feed,TN,2043,6.185326615
int_coke_feed,TN,2044,6.191840056
int_coke_feed,TN,2045,6.204866938
int_coke_feed,TN,2046,6.209752019
int_coke_feed,TN,2047,6.209752019
int_coke_feed,TN,2048,6.209752019
int_coke_feed,TN,2049,6.21300874
int_coke_feed,TN,2050,6.21138038
int_coke_feed,KY,2010,6.405969436
int_coke_feed,KY,2011,6.405969436
int_coke_feed,KY,2012,6.405969436
int_coke_feed,KY,2013,6.405969436
int_coke_feed,KY,2014,6.405969436
int_coke_feed,KY,2015,6.405969436
int_coke_feed,KY,2016,6.405969436
int_coke_feed,KY,2017,6.405969436
int_coke_feed,KY,2018,6.405969436
int_coke_feed,KY,2019,6.405969436
int_coke_feed,KY,2020,6.405969436
int_coke_feed,KY,2021,6.405969436
int_coke_feed,KY,2022,6.405969436
int_coke_feed,KY,2023,6.405969436
int_coke_feed,KY,2024,6.405969436
int_coke_feed,KY,2025,6.312338718
int_coke_feed,KY,2026,6.26837299
int_coke_feed,KY,2027,6.236619964
int_coke_feed,KY,2028,6.21382292
int_coke_feed,KY,2029,6.208123659
int_coke_feed,KY,2030,6.206495299
int_coke_feed,KY,2031,6.208937839
int_coke_feed,KY,2032,6.226035622
int_coke_feed,KY,2033,6.224407262
int_coke_feed,KY,2034,6.197539317
int_coke_feed,KY,2035,6.217079641
int_coke_feed,KY,2036,6.219522181
int_coke_feed,KY,2037,6.220336361
int_coke_feed,KY,2038,6.221964722
int_coke_feed,KY,2039,6.207309479
int_coke_feed,KY,2040,6.208123659
int_coke_feed,KY,2041,6.188583335
int_coke_feed,KY,2042,6.188583335
int_coke_feed,KY,2043,6.185326615
int_coke_feed,KY,2044,6.191840056
int_coke_feed,KY,2045,6.204866938
int_coke_feed,KY,2046,6.209752019
int_coke_feed,KY,2047,6.209752019
int_coke_feed,KY,2048,6.209752019
int_coke_feed,KY,2049,6.21300874
int_coke_feed,KY,2050,6.21138038
int_coke_feed,GA,2010,5.644710994
int_coke_feed,GA,2011,5.644710994
int_coke_feed,GA,2012,5.644710994
int_coke_feed,GA,2013,5.644710994
int_coke_feed,GA,2014,5.644710994
int_coke_feed,GA,2015,5.644710994
int_coke_feed,GA,2016,5.644710994
int_coke_feed,GA,2017,5.644710994
int_coke_feed,GA,2018,5.644710994
int_coke_feed,GA,2019,5.644710994
int_coke_feed,GA,2020,5.644710994
int_coke_feed,GA,2021,5.644710994
int_coke_feed,GA,2022,5.644710994
int_coke_feed,GA,2023,5.644710994
int_coke_feed,GA,2024,5.644710994
int_coke_feed,GA,2025,5.504672008
int_coke_feed,GA,2026,5.448493577
int_coke_feed,GA,2027,5.417554731
int_coke_feed,GA,2028,5.398828588
int_coke_feed,GA,2029,5.402085309
int_coke_feed,GA,2030,5.40859875
int_coke_feed,GA,2031,5.419183092
int_coke_feed,GA,2032,5.445236857
int_coke_feed,GA,2033,5.450121937
int_coke_feed,GA,2034,5.428139073
int_coke_feed,GA,2035,5.450936118
int_coke_feed,GA,2036,5.449307757
int_coke_feed,GA,2037,5.446051037
int_coke_feed,GA,2038,5.445236857
int_coke_feed,GA,2039,5.429767434
int_coke_feed,GA,2040,5.431395794
int_coke_feed,GA,2041,5.41266965
int_coke_feed,GA,2042,5.414298011
int_coke_feed,GA,2043,5.40778457
int_coke_feed,GA,2044,5.41266965
int_coke_feed,GA,2045,5.424068173
int_coke_feed,GA,2046,5.424068173
int_coke_feed,GA,2047,5.421625632
int_coke_feed,GA,2048,5.419997272
int_coke_feed,GA,2049,5.423253992
int_coke_feed,GA,2050,5.418368912
int_coke_feed,SC,2010,5.644710994
int_coke_feed,SC,2011,5.644710994
int_coke_feed,SC,2012,5.644710994
int_coke_feed,SC,2013,5.644710994
int_coke_feed,SC,2014,5.644710994
int_coke_feed,SC,2015,5.644710994
int_coke_feed,SC,2016,5.644710994
int_coke_feed,SC,2017,5.644710994
int_coke_feed,SC,2018,5.644710994
int_coke_feed,SC,2019,5.644710994
int_coke_feed,SC,2020,5.644710994
int_coke_feed,SC,2021,5.644710994
int_coke_feed,SC,2022,5.644710994
int_coke_feed,SC,2023,5.644710994
int_coke_feed,SC,2024,5.644710994
int_coke_feed,SC,2025,5.504672008
int_coke_feed,SC,2026,5.448493577
int_coke_feed,SC,2027,5.417554731
int_coke_feed,SC,2028,5.398828588
int_coke_feed,SC,2029,5.402085309
int_coke_feed,SC,2030,5.40859875
int_coke_feed,SC,2031,5.419183092
int_coke_feed,SC,2032,5.445236857
int_coke_feed,SC,2033,5.450121937
int_coke_feed,SC,2034,5.428139073
int_coke_feed,SC,2035,5.450936118
int_coke_feed,SC,2036,5.449307757
int_coke_feed,SC,2037,5.446051037
int_coke_feed,SC,2038,5.445236857
int_coke_feed,SC,2039,5.429767434
int_coke_feed,SC,2040,5.431395794
int_coke_feed,SC,2041,5.41266965
int_coke_feed,SC,2042,5.414298011
int_coke_feed,SC,2043,5.40778457
int_coke_feed,SC,2044,5.41266965
int_coke_feed,SC,2045,5.424068173
int_coke_feed,SC,2046,5.424068173
int_coke_feed,SC,2047,5.421625632
int_coke_feed,SC,2048,5.419997272
int_coke_feed,SC,2049,5.423253992
int_coke_feed,SC,2050,5.418368912
int_coke_feed,NC,2010,5.644710994
int_coke_feed,NC,2011,5.644710994
int_coke_feed,NC,2012,5.644710994
int_coke_feed,NC,2013,5.644710994
int_coke_feed,NC,2014,5.644710994
int_coke_feed,NC,2015,5.644710994
int_coke_feed,NC,2016,5.644710994
int_coke_feed,NC,2017,5.644710994
int_coke_feed,NC,2018,5.644710994
int_coke_feed,NC,2019,5.644710994
int_coke_feed,NC,2020,5.644710994
int_coke_feed,NC,2021,5.644710994
int_coke_feed,NC,2022,5.644710994
int_coke_feed,NC,2023,5.644710994
int_coke_feed,NC,2024,5.644710994
int_coke_feed,NC,2025,5.504672008
int_coke_feed,NC,2026,5.448493577
int_coke_feed,NC,2027,5.417554731
int_coke_feed,NC,2028,5.398828588
int_coke_feed,NC,2029,5.402085309
int_coke_feed,NC,2030,5.40859875
int_coke_feed,NC,2031,5.419183092
int_coke_feed,NC,2032,5.445236857
int_coke_feed,NC,2033,5.450121937
int_coke_feed,NC,2034,5.428139073
int_coke_feed,NC,2035,5.450936118
int_coke_feed,NC,2036,5.449307757
int_coke_feed,NC,2037,5.446051037
int_coke_feed,NC,2038,5.445236857
int_coke_feed,NC,2039,5.429767434
int_coke_feed,NC,2040,5.431395794
int_coke_feed,NC,2041,5.41266965
int_coke_feed,NC,2042,5.414298011
int_coke_feed,NC,2043,5.40778457
int_coke_feed,NC,2044,5.41266965
int_coke_feed,NC,2045,5.424068173
int_coke_feed,NC,2046,5.424068173
int_coke_feed,NC,2047,5.421625632
int_coke_feed,NC,2048,5.419997272
int_coke_feed,NC,2049,5.423253992
int_coke_feed,NC,2050,5.418368912
int_coke_feed,VA,2010,5.644710994
int_coke_feed,VA,2011,5.644710994
int_coke_feed,VA,2012,5.644710994
int_coke_feed,VA,2013,5.644710994
int_coke_feed,VA,2014,5.644710994
int_coke_feed,VA,2015,5.644710994
int_coke_feed,VA,2016,5.644710994
int_coke_feed,VA,2017,5.644710994
int_coke_feed,VA,2018,5.644710994
int_coke_feed,VA,2019,5.644710994
int_coke_feed,VA,2020,5.644710994
int_coke_feed,VA,2021,5.644710994
int_coke_feed,VA,2022,5.644710994
int_coke_feed,VA,2023,5.644710994
int_coke_feed,VA,2024,5.644710994
int_coke_feed,VA,2025,5.504672008
int_coke_feed,VA,2026,5.448493577
int_coke_feed,VA,2027,5.417554731
int_coke_feed,VA,2028,5.398828588
int_coke_feed,VA,2029,5.402085309
int_coke_feed,VA,2030,5.40859875
int_coke_feed,VA,2031,5.419183092
int_coke_feed,VA,2032,5.445236857
int_coke_feed,VA,2033,5.450121937
int_coke_feed,VA,2034,5.428139073
int_coke_feed,VA,2035,5.450936118
int_coke_feed,VA,2036,5.449307757
int_coke_feed,VA,2037,5.446051037
int_coke_feed,VA,2038,5.445236857
int_coke_feed,VA,2039,5.429767434
int_coke_feed,VA,2040,5.431395794
int_coke_feed,VA,2041,5.41266965
int_coke_feed,VA,2042,5.414298011
int_coke_feed,VA,2043,5.40778457
int_coke_feed,VA,2044,5.41266965
int_coke_feed,VA,2045,5.424068173
int_coke_feed,VA,2046,5.424068173
int_coke_feed,VA,2047,5.421625632
int_coke_feed,VA,2048,5.419997272
int_coke_feed,VA,2049,5.423253992
int_coke_feed,VA,2050,5.418368912
int_coke_feed,IN,2010,6.699074291
int_coke_feed,IN,2011,6.699074291
int_coke_feed,IN,2012,6.699074291
int_coke_feed,IN,2013,6.699074291
int_coke_feed,IN,2014,6.699074291
int_coke_feed,IN,2015,6.699074291
int_coke_feed,IN,2016,6.699074291
int_coke_feed,IN,2017,6.699074291
int_coke_feed,IN,2018,6.699074291
int_coke_feed,IN,2019,6.699074291
int_coke_feed,IN,2020,6.699074291
int_coke_feed,IN,2021,6.699074291
int_coke_feed,IN,2022,6.699074291
int_coke_feed,IN,2023,6.699074291
int_coke_feed,IN,2024,6.699074291
int_coke_feed,IN,2025,6.621727176
int_coke_feed,IN,2026,6.583460709
int_coke_feed,IN,2027,6.550893503
int_coke_feed,IN,2028,6.525653918
int_coke_feed,IN,2029,6.516697937
int_coke_feed,IN,2030,6.511812856
int_coke_feed,IN,2031,6.510998676
int_coke_feed,IN,2032,6.524839738
int_coke_feed,IN,2033,6.520768837
int_coke_feed,IN,2034,6.491458352
int_coke_feed,IN,2035,6.510184495
int_coke_feed,IN,2036,6.513441216
int_coke_feed,IN,2037,6.515883756
int_coke_feed,IN,2038,6.518326297
int_coke_feed,IN,2039,6.502856874
int_coke_feed,IN,2040,6.503671054
int_coke_feed,IN,2041,6.484130731
int_coke_feed,IN,2042,6.48331655
int_coke_feed,IN,2043,6.48168819
int_coke_feed,IN,2044,6.487387451
int_coke_feed,IN,2045,6.501228514
int_coke_feed,IN,2046,6.508556135
int_coke_feed,IN,2047,6.509370315
int_coke_feed,IN,2048,6.508556135
int_coke_feed,IN,2049,6.511812856
int_coke_feed,IN,2050,6.510998676
int_coke_feed,OH,2010,6.699074291
int_coke_feed,OH,2011,6.699074291
int_coke_feed,OH,2012,6.699074291
int_coke_feed,OH,2013,6.699074291
int_coke_feed,OH,2014,6.699074291
int_coke_feed,OH,2015,6.699074291
int_coke_feed,OH,2016,6.699074291
int_coke_feed,OH,2017,6.699074291
int_coke_feed,OH,2018,6.699074291
int_coke_feed,OH,2019,6.699074291
int_coke_feed,OH,2020,6.699074291
int_coke_feed,OH,2021,6.699074291
int_coke_feed,OH,2022,6.699074291
int_coke_feed,OH,2023,6.699074291
int_coke_feed,OH,2024,6.699074291
int_coke_feed,OH,2025,6.621727176
int_coke_feed,OH,2026,6.583460709
int_coke_feed,OH,2027,6.550893503
int_coke_feed,OH,2028,6.525653918
int_coke_feed,OH,2029,6.516697937
int_coke_feed,OH,2030,6.511812856
int_coke_feed,OH,2031,6.510998676
int_coke_feed,OH,2032,6.524839738
int_coke_feed,OH,2033,6.520768837
int_coke_feed,OH,2034,6.491458352
int_coke_feed,OH,2035,6.510184495
int_coke_feed,OH,2036,6.513441216
int_coke_feed,OH,2037,6.515883756
int_coke_feed,OH,2038,6.518326297
int_coke_feed,OH,2039,6.502856874
int_coke_feed,OH,2040,6.503671054
int_coke_feed,OH,2041,6.484130731
int_coke_feed,OH,2042,6.48331655
int_coke_feed,OH,2043,6.48168819
int_coke_feed,OH,2044,6.487387451
int_coke_feed,OH,2045,6.501228514
int_coke_feed,OH,2046,6.508556135
int_coke_feed,OH,2047,6.509370315
int_coke_feed,OH,2048,6.508556135
int_coke_feed,OH,2049,6.511812856
int_coke_feed,OH,2050,6.510998676
int_coke_feed,PA,2010,5.826273168
int_coke_feed,PA,2011,5.826273168
int_coke_feed,PA,2012,5.826273168
int_coke_feed,PA,2013,5.826273168
int_coke_feed,PA,2014,5.826273168
int_coke_feed,PA,2015,5.826273168
int_coke_feed,PA,2016,5.826273168
int_coke_feed,PA,2017,5.826273168
int_coke_feed,PA,2018,5.826273168
int_coke_feed,PA,2019,5.826273168
int_coke_feed,PA,2020,5.826273168
int_coke_feed,PA,2021,5.826273168
int_coke_feed,PA,2022,5.826273168
int_coke_feed,PA,2023,5.826273168
int_coke_feed,PA,2024,5.826273168
int_coke_feed,PA,2025,5.696818524
int_coke_feed,PA,2026,5.643896814
int_coke_feed,PA,2027,5.612957968
int_coke_feed,PA,2028,5.593417644
int_coke_feed,PA,2029,5.593417644
int_coke_feed,PA,2030,5.598302725
int_coke_feed,PA,2031,5.607258707
int_coke_feed,PA,2032,5.630869931
int_coke_feed,PA,2033,5.634940832
int_coke_feed,PA,2034,5.611329608
int_coke_feed,PA,2035,5.633312472
int_coke_feed,PA,2036,5.632498292
int_coke_feed,PA,2037,5.630869931
int_coke_feed,PA,2038,5.630055751
int_coke_feed,PA,2039,5.614586328
int_coke_feed,PA,2040,5.616214688
int_coke_feed,PA,2041,5.597488545
int_coke_feed,PA,2042,5.598302725
int_coke_feed,PA,2043,5.593417644
int_coke_feed,PA,2044,5.597488545
int_coke_feed,PA,2045,5.609701247
int_coke_feed,PA,2046,5.611329608
int_coke_feed,PA,2047,5.608887067
int_coke_feed,PA,2048,5.608072887
int_coke_feed,PA,2049,5.611329608
int_coke_feed,PA,2050,5.607258707
int_coke_feed,WV,2010,5.644710994
int_coke_feed,WV,2011,5.644710994
int_coke_feed,WV,2012,5.644710994
int_coke_feed,WV,2013,5.644710994
int_coke_feed,WV,2014,5.644710994
int_coke_feed,WV,2015,5.644710994
int_coke_feed,WV,2016,5.644710994
int_coke_feed,WV,2017,5.644710994
int_coke_feed,WV,2018,5.644710994
int_coke_feed,WV,2019,5.644710994
int_coke_feed,WV,2020,5.644710994
int_coke_feed,WV,2021,5.644710994
int_coke_feed,WV,2022,5.644710994
int_coke_feed,WV,2023,5.644710994
int_coke_feed,WV,2024,5.644710994
int_coke_feed,WV,2025,5.504672008
int_coke_feed,WV,2026,5.448493577
int_coke_feed,WV,2027,5.417554731
int_coke_feed,WV,2028,5.398828588
int_coke_feed,WV,2029,5.402085309
int_coke_feed,WV,2030,5.40859875
int_coke_feed,WV,2031,5.419183092
int_coke_feed,WV,2032,5.445236857
int_coke_feed,WV,2033,5.450121937
int_coke_feed,WV,2034,5.428139073
int_coke_feed,WV,2035,5.450936118
int_coke_feed,WV,2036,5.449307757
int_coke_feed,WV,2037,5.446051037
int_coke_feed,WV,2038,5.445236857
int_coke_feed,WV,2039,5.429767434
int_coke_feed,WV,2040,5.431395794
int_coke_feed,WV,2041,5.41266965
int_coke_feed,WV,2042,5.414298011
int_coke_feed,WV,2043,5.40778457
int_coke_feed,WV,2044,5.41266965
int_coke_feed,WV,2045,5.424068173
int_coke_feed,WV,2046,5.424068173
int_coke_feed,WV,2047,5.421625632
int_coke_feed,WV,2048,5.419997272
int_coke_feed,WV,2049,5.423253992
int_coke_feed,WV,2050,5.418368912
int_coke_feed,MD,2010,5.644710994
int_coke_feed,MD,2011,5.644710994
int_coke_feed,MD,2012,5.644710994
int_coke_feed,MD,2013,5.644710994
int_coke_feed,MD,2014,5.644710994
int_coke_feed,MD,2015,5.644710994
int_coke_feed,MD,2016,5.644710994
int_coke_feed,MD,2017,5.644710994
int_coke_feed,MD,2018,5.644710994
int_coke_feed,MD,2019,5.644710994
int_coke_feed,MD,2020,5.644710994
int_coke_feed,MD,2021,5.644710994
int_coke_feed,MD,2022,5.644710994
int_coke_feed,MD,2023,5.644710994
int_coke_feed,MD,2024,5.644710994
int_coke_feed,MD,2025,5.504672008
int_coke_feed,MD,2026,5.448493577
int_coke_feed,MD,2027,5.417554731
int_coke_feed,MD,2028,5.398828588
int_coke_feed,MD,2029,5.402085309
int_coke_feed,MD,2030,5.40859875
int_coke_feed,MD,2031,5.419183092
int_coke_feed,MD,2032,5.445236857
int_coke_feed,MD,2033,5.450121937
int_coke_feed,MD,2034,5.428139073
int_coke_feed,MD,2035,5.450936118
int_coke_feed,MD,2036,5.449307757
int_coke_feed,MD,2037,5.446051037
int_coke_feed,MD,2038,5.445236857
int_coke_feed,MD,2039,5.429767434
int_coke_feed,MD,2040,5.431395794
int_coke_feed,MD,2041,5.41266965
int_coke_feed,MD,2042,5.414298011
int_coke_feed,MD,2043,5.40778457
int_coke_feed,MD,2044,5.41266965
int_coke_feed,MD,2045,5.424068173
int_coke_feed,MD,2046,5.424068173
int_coke_feed,MD,2047,5.421625632
int_coke_feed,MD,2048,5.419997272
int_coke_feed,MD,2049,5.423253992
int_coke_feed,MD,2050,5.418368912
int_coke_feed,DE,2010,5.644710994
int_coke_feed,DE,2011,5.644710994
int_coke_feed,DE,2012,5.644710994
int_coke_feed,DE,2013,5.644710994
int_coke_feed,DE,2014,5.644710994
int_coke_feed,DE,2015,5.644710994
int_coke_feed,DE,2016,5.644710994
int_coke_feed,DE,2017,5.644710994
int_coke_feed,DE,2018,5.644710994
int_coke_feed,DE,2019,5.644710994
int_coke_feed,DE,2020,5.644710994
int_coke_feed,DE,2021,5.644710994
int_coke_feed,DE,2022,5.644710994
int_coke_feed,DE,2023,5.644710994
int_coke_feed,DE,2024,5.644710994
int_coke_feed,DE,2025,5.504672008
int_coke_feed,DE,2026,5.448493577
int_coke_feed,DE,2027,5.417554731
int_coke_feed,DE,2028,5.398828588
int_coke_feed,DE,2029,5.402085309
int_coke_feed,DE,2030,5.40859875
int_coke_feed,DE,2031,5.419183092
int_coke_feed,DE,2032,5.445236857
int_coke_feed,DE,2033,5.450121937
int_coke_feed,DE,2034,5.428139073
int_coke_feed,DE,2035,5.450936118
int_coke_feed,DE,2036,5.449307757
int_coke_feed,DE,2037,5.446051037
int_coke_feed,DE,2038,5.445236857
int_coke_feed,DE,2039,5.429767434
int_coke_feed,DE,2040,5.431395794
int_coke_feed,DE,2041,5.41266965
int_coke_feed,DE,2042,5.414298011
int_coke_feed,DE,2043,5.40778457
int_coke_feed,DE,2044,5.41266965
int_coke_feed,DE,2045,5.424068173
int_coke_feed,DE,2046,5.424068173
int_coke_feed,DE,2047,5.421625632
int_coke_feed,DE,2048,5.419997272
int_coke_feed,DE,2049,5.423253992
int_coke_feed,DE,2050,5.418368912
int_coke_feed,NJ,2010,5.826273168
int_coke_feed,NJ,2011,5.826273168
int_coke_feed,NJ,2012,5.826273168
int_coke_feed,NJ,2013,5.826273168
int_coke_feed,NJ,2014,5.826273168
int_coke_feed,NJ,2015,5.826273168
int_coke_feed,NJ,2016,5.826273168
int_coke_feed,NJ,2017,5.826273168
int_coke_feed,NJ,2018,5.826273168
int_coke_feed,NJ,2019,5.826273168
int_coke_feed,NJ,2020,5.826273168
int_coke_feed,NJ,2021,5.826273168
int_coke_feed,NJ,2022,5.826273168
int_coke_feed,NJ,2023,5.826273168
int_coke_feed,NJ,2024,5.826273168
int_coke_feed,NJ,2025,5.696818524
int_coke_feed,NJ,2026,5.643896814
int_coke_feed,NJ,2027,5.612957968
int_coke_feed,NJ,2028,5.593417644
int_coke_feed,NJ,2029,5.593417644
int_coke_feed,NJ,2030,5.598302725
int_coke_feed,NJ,2031,5.607258707
int_coke_feed,NJ,2032,5.630869931
int_coke_feed,NJ,2033,5.634940832
int_coke_feed,NJ,2034,5.611329608
int_coke_feed,NJ,2035,5.633312472
int_coke_feed,NJ,2036,5.632498292
int_coke_feed,NJ,2037,5.630869931
int_coke_feed,NJ,2038,5.630055751
int_coke_feed,NJ,2039,5.614586328
int_coke_feed,NJ,2040,5.616214688
int_coke_feed,NJ,2041,5.597488545
int_coke_feed,NJ,2042,5.598302725
int_coke_feed,NJ,2043,5.593417644
int_coke_feed,NJ,2044,5.597488545
int_coke_feed,NJ,2045,5.609701247
int_coke_feed,NJ,2046,5.611329608
int_coke_feed,NJ,2047,5.608887067
int_coke_feed,NJ,2048,5.608072887
int_coke_feed,NJ,2049,5.611329608
int_coke_feed,NJ,2050,5.607258707
int_coke_feed,NY,2010,5.826273168
int_coke_feed,NY,2011,5.826273168
int_coke_feed,NY,2012,5.826273168
int_coke_feed,NY,2013,5.826273168
int_coke_feed,NY,2014,5.826273168
int_coke_feed,NY,2015,5.826273168
int_coke_feed,NY,2016,5.826273168
int_coke_feed,NY,2017,5.826273168
int_coke_feed,NY,2018,5.826273168
int_coke_feed,NY,2019,5.826273168
int_coke_feed,NY,2020,5.826273168
int_coke_feed,NY,2021,5.826273168
int_coke_feed,NY,2022,5.826273168
int_coke_feed,NY,2023,5.826273168
int_coke_feed,NY,2024,5.826273168
int_coke_feed,NY,2025,5.696818524
int_coke_feed,NY,2026,5.643896814
int_coke_feed,NY,2027,5.612957968
int_coke_feed,NY,2028,5.593417644
int_coke_feed,NY,2029,5.593417644
int_coke_feed,NY,2030,5.598302725
int_coke_feed,NY,2031,5.607258707
int_coke_feed,NY,2032,5.630869931
int_coke_feed,NY,2033,5.634940832
int_coke_feed,NY,2034,5.611329608
int_coke_feed,NY,2035,5.633312472
int_coke_feed,NY,2036,5.632498292
int_coke_feed,NY,2037,5.630869931
int_coke_feed,NY,2038,5.630055751
int_coke_feed,NY,2039,5.614586328
int_coke_feed,NY,2040,5.616214688
int_coke_feed,NY,2041,5.597488545
int_coke_feed,NY,2042,5.598302725
int_coke_feed,NY,2043,5.593417644
int_coke_feed,NY,2044,5.597488545
int_coke_feed,NY,2045,5.609701247
int_coke_feed,NY,2046,5.611329608
int_coke_feed,NY,2047,5.608887067
int_coke_feed,NY,2048,5.608072887
int_coke_feed,NY,2049,5.611329608
int_coke_feed,NY,2050,5.607258707
int_coke_feed,VT,2010,6.087787833
int_coke_feed,VT,2011,6.087787833
int_coke_feed,VT,2012,6.087787833
int_coke_feed,VT,2013,6.087787833
int_coke_feed,VT,2014,6.087787833
int_coke_feed,VT,2015,6.087787833
int_coke_feed,VT,2016,6.087787833
int_coke_feed,VT,2017,6.087787833
int_coke_feed,VT,2018,6.087787833
int_coke_feed,VT,2019,6.087787833
int_coke_feed,VT,2020,6.087787833
int_coke_feed,VT,2021,6.087787833
int_coke_feed,VT,2022,6.087787833
int_coke_feed,VT,2023,6.087787833
int_coke_feed,VT,2024,6.087787833
int_coke_feed,VT,2025,5.974291119
int_coke_feed,VT,2026,5.925521728
int_coke_feed,VT,2027,5.894012956
int_coke_feed,VT,2028,5.872722145
int_coke_feed,VT,2029,5.870645986
int_coke_feed,VT,2030,5.872437182
int_coke_feed,VT,2031,5.878299279
int_coke_feed,VT,2032,5.899142291
int_coke_feed,VT,2033,5.900363562
int_coke_feed,VT,2034,5.875327522
int_coke_feed,VT,2035,5.89633337
int_coke_feed,VT,2036,5.896862587
int_coke_feed,VT,2037,5.896089116
int_coke_feed,VT,2038,5.896577624
int_coke_feed,VT,2039,5.881271037
int_coke_feed,VT,2040,5.882533016
int_coke_feed,VT,2041,5.863440492
int_coke_feed,VT,2042,5.864010418
int_coke_feed,VT,2043,5.859613845
int_coke_feed,VT,2044,5.864906016
int_coke_feed,VT,2045,5.877362972
int_coke_feed,VT,2046,5.880416148
int_coke_feed,VT,2047,5.879276296
int_coke_feed,VT,2048,5.878299279
int_coke_feed,VT,2049,5.881556
int_coke_feed,VT,2050,5.878462115
int_coke_feed,NH,2010,6.087787833
int_coke_feed,NH,2011,6.087787833
int_coke_feed,NH,2012,6.087787833
int_coke_feed,NH,2013,6.087787833
int_coke_feed,NH,2014,6.087787833
int_coke_feed,NH,2015,6.087787833
int_coke_feed,NH,2016,6.087787833
int_coke_feed,NH,2017,6.087787833
int_coke_feed,NH,2018,6.087787833
int_coke_feed,NH,2019,6.087787833
int_coke_feed,NH,2020,6.087787833
int_coke_feed,NH,2021,6.087787833
int_coke_feed,NH,2022,6.087787833
int_coke_feed,NH,2023,6.087787833
int_coke_feed,NH,2024,6.087787833
int_coke_feed,NH,2025,5.974291119
int_coke_feed,NH,2026,5.925521728
int_coke_feed,NH,2027,5.894012956
int_coke_feed,NH,2028,5.872722145
int_coke_feed,NH,2029,5.870645986
int_coke_feed,NH,2030,5.872437182
int_coke_feed,NH,2031,5.878299279
int_coke_feed,NH,2032,5.899142291
int_coke_feed,NH,2033,5.900363562
int_coke_feed,NH,2034,5.875327522
int_coke_feed,NH,2035,5.89633337
int_coke_feed,NH,2036,5.896862587
int_coke_feed,NH,2037,5.896089116
int_coke_feed,NH,2038,5.896577624
int_coke_feed,NH,2039,5.881271037
int_coke_feed,NH,2040,5.882533016
int_coke_feed,NH,2041,5.863440492
int_coke_feed,NH,2042,5.864010418
int_coke_feed,NH,2043,5.859613845
int_coke_feed,NH,2044,5.864906016
int_coke_feed,NH,2045,5.877362972
int_coke_feed,NH,2046,5.880416148
int_coke_feed,NH,2047,5.879276296
int_coke_feed,NH,2048,5.878299279
int_coke_feed,NH,2049,5.881556
int_coke_feed,NH,2050,5.878462115
int_coke_feed,MA,2010,6.087787833
int_coke_feed,MA,2011,6.087787833
int_coke_feed,MA,2012,6.087787833
int_coke_feed,MA,2013,6.087787833
int_coke_feed,MA,2014,6.087787833
int_coke_feed,MA,2015,6.087787833
int_coke_feed,MA,2016,6.087787833
int_coke_feed,MA,2017,6.087787833
int_coke_feed,MA,2018,6.087787833
int_coke_feed,MA,2019,6.087787833
int_coke_feed,MA,2020,6.087787833
int_coke_feed,MA,2021,6.087787833
int_coke_feed,MA,2022,6.087787833
int_coke_feed,MA,2023,6.087787833
int_coke_feed,MA,2024,6.087787833
int_coke_feed,MA,2025,5.974291119
int_coke_feed,MA,2026,5.925521728
int_coke_feed,MA,2027,5.894012956
int_coke_feed,MA,2028,5.872722145
int_coke_feed,MA,2029,5.870645986
int_coke_feed,MA,2030,5.872437182
int_coke_feed,MA,2031,5.878299279
int_coke_feed,MA,2032,5.899142291
int_coke_feed,MA,2033,5.900363562
int_coke_feed,MA,2034,5.875327522
int_coke_feed,MA,2035,5.89633337
int_coke_feed,MA,2036,5.896862587
int_coke_feed,MA,2037,5.896089116
int_coke_feed,MA,2038,5.896577624
int_coke_feed,MA,2039,5.881271037
int_coke_feed,MA,2040,5.882533016
int_coke_feed,MA,2041,5.863440492
int_coke_feed,MA,2042,5.864010418
int_coke_feed,MA,2043,5.859613845
int_coke_feed,MA,2044,5.864906016
int_coke_feed,MA,2045,5.877362972
int_coke_feed,MA,2046,5.880416148
int_coke_feed,MA,2047,5.879276296
int_coke_feed,MA,2048,5.878299279
int_coke_feed,MA,2049,5.881556
int_coke_feed,MA,2050,5.878462115
int_coke_feed,CT,2010,6.087787833
int_coke_feed,CT,2011,6.087787833
int_coke_feed,CT,2012,6.087787833
int_coke_feed,CT,2013,6.087787833
int_coke_feed,CT,2014,6.087787833
int_coke_feed,CT,2015,6.087787833
int_coke_feed,CT,2016,6.087787833
int_coke_feed,CT,2017,6.087787833
int_coke_feed,CT,2018,6.087787833
int_coke_feed,CT,2019,6.087787833
int_coke_feed,CT,2020,6.087787833
int_coke_feed,CT,2021,6.087787833
int_coke_feed,CT,2022,6.087787833
int_coke_feed,CT,2023,6.087787833
int_coke_feed,CT,2024,6.087787833
int_coke_feed,CT,2025,5.974291119
int_coke_feed,CT,2026,5.925521728
int_coke_feed,CT,2027,5.894012956
int_coke_feed,CT,2028,5.872722145
int_coke_feed,CT,2029,5.870645986
int_coke_feed,CT,2030,5.872437182
int_coke_feed,CT,2031,5.878299279
int_coke_feed,CT,2032,5.899142291
int_coke_feed,CT,2033,5.900363562
int_coke_feed,CT,2034,5.875327522
int_coke_feed,CT,2035,5.89633337
int_coke_feed,CT,2036,5.896862587
int_coke_feed,CT,2037,5.896089116
int_coke_feed,CT,2038,5.896577624
int_coke_feed,CT,2039,5.881271037
int_coke_feed,CT,2040,5.882533016
int_coke_feed,CT,2041,5.863440492
int_coke_feed,CT,2042,5.864010418
int_coke_feed,CT,2043,5.859613845
int_coke_feed,CT,2044,5.864906016
int_coke_feed,CT,2045,5.877362972
int_coke_feed,CT,2046,5.880416148
int_coke_feed,CT,2047,5.879276296
int_coke_feed,CT,2048,5.878299279
int_coke_feed,CT,2049,5.881556
int_coke_feed,CT,2050,5.878462115
int_coke_feed,RI,2010,6.087787833
int_coke_feed,RI,2011,6.087787833
int_coke_feed,RI,2012,6.087787833
int_coke_feed,RI,2013,6.087787833
int_coke_feed,RI,2014,6.087787833
int_coke_feed,RI,2015,6.087787833
int_coke_feed,RI,2016,6.087787833
int_coke_feed,RI,2017,6.087787833
int_coke_feed,RI,2018,6.087787833
int_coke_feed,RI,2019,6.087787833
int_coke_feed,RI,2020,6.087787833
int_coke_feed,RI,2021,6.087787833
int_coke_feed,RI,2022,6.087787833
int_coke_feed,RI,2023,6.087787833
int_coke_feed,RI,2024,6.087787833
int_coke_feed,RI,2025,5.974291119
int_coke_feed,RI,2026,5.925521728
int_coke_feed,RI,2027,5.894012956
int_coke_feed,RI,2028,5.872722145
int_coke_feed,RI,2029,5.870645986
int_coke_feed,RI,2030,5.872437182
int_coke_feed,RI,2031,5.878299279
int_coke_feed,RI,2032,5.899142291
int_coke_feed,RI,2033,5.900363562
int_coke_feed,RI,2034,5.875327522
int_coke_feed,RI,2035,5.89633337
int_coke_feed,RI,2036,5.896862587
int_coke_feed,RI,2037,5.896089116
int_coke_feed,RI,2038,5.896577624
int_coke_feed,RI,2039,5.881271037
int_coke_feed,RI,2040,5.882533016
int_coke_feed,RI,2041,5.863440492
int_coke_feed,RI,2042,5.864010418
int_coke_feed,RI,2043,5.859613845
int_coke_feed,RI,2044,5.864906016
int_coke_feed,RI,2045,5.877362972
int_coke_feed,RI,2046,5.880416148
int_coke_feed,RI,2047,5.879276296
int_coke_feed,RI,2048,5.878299279
int_coke_feed,RI,2049,5.881556
int_coke_feed,RI,2050,5.878462115
int_coke_feed,ME,2010,6.087787833
int_coke_feed,ME,2011,6.087787833
int_coke_feed,ME,2012,6.087787833
int_coke_feed,ME,2013,6.087787833
int_coke_feed,ME,2014,6.087787833
int_coke_feed,ME,2015,6.087787833
int_coke_feed,ME,2016,6.087787833
int_coke_feed,ME,2017,6.087787833
int_coke_feed,ME,2018,6.087787833
int_coke_feed,ME,2019,6.087787833
int_coke_feed,ME,2020,6.087787833
int_coke_feed,ME,2021,6.087787833
int_coke_feed,ME,2022,6.087787833
int_coke_feed,ME,2023,6.087787833
int_coke_feed,ME,2024,6.087787833
int_coke_feed,ME,2025,5.974291119
int_coke_feed,ME,2026,5.925521728
int_coke_feed,ME,2027,5.894012956
int_coke_feed,ME,2028,5.872722145
int_coke_feed,ME,2029,5.870645986
int_coke_feed,ME,2030,5.872437182
int_coke_feed,ME,2031,5.878299279
int_coke_feed,ME,2032,5.899142291
int_coke_feed,ME,2033,5.900363562
int_coke_feed,ME,2034,5.875327522
int_coke_feed,ME,2035,5.89633337
int_coke_feed,ME,2036,5.896862587
int_coke_feed,ME,2037,5.896089116
int_coke_feed,ME,2038,5.896577624
int_coke_feed,ME,2039,5.881271037
int_coke_feed,ME,2040,5.882533016
int_coke_feed,ME,2041,5.863440492
int_coke_feed,ME,2042,5.864010418
int_coke_feed,ME,2043,5.859613845
int_coke_feed,ME,2044,5.864906016
int_coke_feed,ME,2045,5.877362972
int_coke_feed,ME,2046,5.880416148
int_coke_feed,ME,2047,5.879276296
int_coke_feed,ME,2048,5.878299279
int_coke_feed,ME,2049,5.881556
int_coke_feed,ME,2050,5.878462115
int_coke_feed,voluntary,2010,6.087787833
int_coke_feed,voluntary,2011,6.087787833
int_coke_feed,voluntary,2012,6.087787833
int_coke_feed,voluntary,2013,6.087787833
int_coke_feed,voluntary,2014,6.087787833
int_coke_feed,voluntary,2015,6.087787833
int_coke_feed,voluntary,2016,6.087787833
int_coke_feed,voluntary,2017,6.087787833
int_coke_feed,voluntary,2018,6.087787833
int_coke_feed,voluntary,2019,6.087787833
int_coke_feed,voluntary,2020,6.087787833
int_coke_feed,voluntary,2021,6.087787833
int_coke_feed,voluntary,2022,6.087787833
int_coke_feed,voluntary,2023,6.087787833
int_coke_feed,voluntary,2024,6.087787833
int_coke_feed,voluntary,2025,5.974291119
int_coke_feed,voluntary,2026,5.925521728
int_coke_feed,voluntary,2027,5.894012956
int_coke_feed,voluntary,2028,5.872722145
int_coke_feed,voluntary,2029,5.870645986
int_coke_feed,voluntary,2030,5.872437182
int_coke_feed,voluntary,2031,5.878299279
int_coke_feed,voluntary,2032,5.899142291
int_coke_feed,voluntary,2033,5.900363562
int_coke_feed,voluntary,2034,5.875327522
int_coke_feed,voluntary,2035,5.89633337
int_coke_feed,voluntary,2036,5.896862587
int_coke_feed,voluntary,2037,5.896089116
int_coke_feed,voluntary,2038,5.896577624
int_coke_feed,voluntary,2039,5.881271037
int_coke_feed,voluntary,2040,5.882533016
int_coke_feed,voluntary,2041,5.863440492
int_coke_feed,voluntary,2042,5.864010418
int_coke_feed,voluntary,2043,5.859613845
int_coke_feed,voluntary,2044,5.864906016
int_coke_feed,voluntary,2045,5.877362972
int_coke_feed,voluntary,2046,5.880416148
int_coke_feed,voluntary,2047,5.879276296
int_coke_feed,voluntary,2048,5.878299279
int_coke_feed,voluntary,2049,5.881556
int_coke_feed,voluntary,2050,5.878462115
int_elec_mark,id,2010,68.53561058
int_elec_mark,id,2011,68.53561058
int_elec_mark,id,2012,68.53561058
int_elec_mark,id,2013,68.53561058
int_elec_mark,id,2014,68.53561058
int_elec_mark,id,2015,68.53561058
int_elec_mark,id,2016,68.53561058
int_elec_mark,id,2017,68.53561058
int_elec_mark,id,2018,68.53561058
int_elec_mark,id,2019,68.53561058
int_elec_mark,id,2020,68.53561058
int_elec_mark,id,2021,68.53561058
int_elec_mark,id,2022,68.53561058
int_elec_mark,id,2023,68.53561058
int_elec_mark,id,2024,68.53561058
int_elec_mark,id,2025,68.04946361
int_elec_mark,id,2026,64.51031368
int_elec_mark,id,2027,62.86296996
int_elec_mark,id,2028,62.13236051
int_elec_mark,id,2029,62.64350933
int_elec_mark,id,2030,62.97964523
int_elec_mark,id,2031,62.71295889
int_elec_mark,id,2032,64.09361628
int_elec_mark,id,2033,64.31863288
int_elec_mark,id,2034,63.68525283
int_elec_mark,id,2035,63.32967105
int_elec_mark,id,2036,63.20743981
int_elec_mark,id,2037,63.13521226
int_elec_mark,id,2038,62.9046397
int_elec_mark,id,2039,63.21855174
int_elec_mark,id,2040,63.46301421
int_elec_mark,id,2041,63.62969318
int_elec_mark,id,2042,63.87137767
int_elec_mark,id,2043,64.17417778
int_elec_mark,id,2044,65.02979644
int_elec_mark,id,2045,65.51316543
int_elec_mark,id,2046,65.60761684
int_elec_mark,id,2047,65.62428474
int_elec_mark,id,2048,65.50760946
int_elec_mark,id,2049,65.30481673
int_elec_mark,id,2050,65.28537085
int_elec_mark,WA,2010,128.1955665
int_elec_mark,WA,2011,128.1955665
int_elec_mark,WA,2012,128.1955665
int_elec_mark,WA,2013,128.1955665
int_elec_mark,WA,2014,128.1955665
int_elec_mark,WA,2015,128.1955665
int_elec_mark,WA,2016,128.1955665
int_elec_mark,WA,2017,128.1955665
int_elec_mark,WA,2018,128.1955665
int_elec_mark,WA,2019,128.1955665
int_elec_mark,WA,2020,128.1955665
int_elec_mark,WA,2021,128.1955665
int_elec_mark,WA,2022,128.1955665
int_elec_mark,WA,2023,128.1955665
int_elec_mark,WA,2024,128.1955665
int_elec_mark,WA,2025,122.8785077
int_elec_mark,WA,2026,95.42926086
int_elec_mark,WA,2027,85.27573418
int_elec_mark,WA,2028,83.06168199
int_elec_mark,WA,2029,84.02841996
int_elec_mark,WA,2030,85.41185533
int_elec_mark,WA,2031,87.6620213
int_elec_mark,WA,2032,88.83432999
int_elec_mark,WA,2033,89.36492468
int_elec_mark,WA,2034,89.2649173
int_elec_mark,WA,2035,89.50382381
int_elec_mark,WA,2036,88.992675
int_elec_mark,WA,2037,88.74543454
int_elec_mark,WA,2038,88.25373161
int_elec_mark,WA,2039,87.04253116
int_elec_mark,WA,2040,86.29525382
int_elec_mark,WA,2041,86.37303734
int_elec_mark,WA,2042,86.60083192
int_elec_mark,WA,2043,87.04253116
int_elec_mark,WA,2044,87.06475502
int_elec_mark,WA,2045,87.37588908
int_elec_mark,WA,2046,87.93981957
int_elec_mark,WA,2047,88.12872239
int_elec_mark,WA,2048,88.0148251
int_elec_mark,WA,2049,89.20380168
int_elec_mark,WA,2050,90.16498369
int_elec_mark,OR,2010,128.1955665
int_elec_mark,OR,2011,128.1955665
int_elec_mark,OR,2012,128.1955665
int_elec_mark,OR,2013,128.1955665
int_elec_mark,OR,2014,128.1955665
int_elec_mark,OR,2015,128.1955665
int_elec_mark,OR,2016,128.1955665
int_elec_mark,OR,2017,128.1955665
int_elec_mark,OR,2018,128.1955665
int_elec_mark,OR,2019,128.1955665
int_elec_mark,OR,2020,128.1955665
int_elec_mark,OR,2021,128.1955665
int_elec_mark,OR,2022,128.1955665
int_elec_mark,OR,2023,128.1955665
int_elec_mark,OR,2024,128.1955665
int_elec_mark,OR,2025,122.8785077
int_elec_mark,OR,2026,95.42926086
int_elec_mark,OR,2027,85.27573418
int_elec_mark,OR,2028,83.06168199
int_elec_mark,OR,2029,84.02841996
int_elec_mark,OR,2030,85.41185533
int_elec_mark,OR,2031,87.6620213
int_elec_mark,OR,2032,88.83432999
int_elec_mark,OR,2033,89.36492468
int_elec_mark,OR,2034,89.2649173
int_elec_mark,OR,2035,89.50382381
int_elec_mark,OR,2036,88.992675
int_elec_mark,OR,2037,88.74543454
int_elec_mark,OR,2038,88.25373161
int_elec_mark,OR,2039,87.04253116
int_elec_mark,OR,2040,86.29525382
int_elec_mark,OR,2041,86.37303734
int_elec_mark,OR,2042,86.60083192
int_elec_mark,OR,2043,87.04253116
int_elec_mark,OR,2044,87.06475502
int_elec_mark,OR,2045,87.37588908
int_elec_mark,OR,2046,87.93981957
int_elec_mark,OR,2047,88.12872239
int_elec_mark,OR,2048,88.0148251
int_elec_mark,OR,2049,89.20380168
int_elec_mark,OR,2050,90.16498369
int_elec_mark,CA,2010,128.1955665
int_elec_mark,CA,2011,128.1955665
int_elec_mark,CA,2012,128.1955665
int_elec_mark,CA,2013,128.1955665
int_elec_mark,CA,2014,128.1955665
int_elec_mark,CA,2015,128.1955665
int_elec_mark,CA,2016,128.1955665
int_elec_mark,CA,2017,128.1955665
int_elec_mark,CA,2018,128.1955665
int_elec_mark,CA,2019,128.1955665
int_elec_mark,CA,2020,128.1955665
int_elec_mark,CA,2021,128.1955665
int_elec_mark,CA,2022,128.1955665
int_elec_mark,CA,2023,128.1955665
int_elec_mark,CA,2024,128.1955665
int_elec_mark,CA,2025,122.8785077
int_elec_mark,CA,2026,95.42926086
int_elec_mark,CA,2027,85.27573418
int_elec_mark,CA,2028,83.06168199
int_elec_mark,CA,2029,84.02841996
int_elec_mark,CA,2030,85.41185533
int_elec_mark,CA,2031,87.6620213
int_elec_mark,CA,2032,88.83432999
int_elec_mark,CA,2033,89.36492468
int_elec_mark,CA,2034,89.2649173
int_elec_mark,CA,2035,89.50382381
int_elec_mark,CA,2036,88.992675
int_elec_mark,CA,2037,88.74543454
int_elec_mark,CA,2038,88.25373161
int_elec_mark,CA,2039,87.04253116
int_elec_mark,CA,2040,86.29525382
int_elec_mark,CA,2041,86.37303734
int_elec_mark,CA,2042,86.60083192
int_elec_mark,CA,2043,87.04253116
int_elec_mark,CA,2044,87.06475502
int_elec_mark,CA,2045,87.37588908
int_elec_mark,CA,2046,87.93981957
int_elec_mark,CA,2047,88.12872239
int_elec_mark,CA,2048,88.0148251
int_elec_mark,CA,2049,89.20380168
int_elec_mark,CA,2050,90.16498369
int_elec_mark,NV,2010,68.53561058
int_elec_mark,NV,2011,68.53561058
int_elec_mark,NV,2012,68.53561058
int_elec_mark,NV,2013,68.53561058
int_elec_mark,NV,2014,68.53561058
int_elec_mark,NV,2015,68.53561058
int_elec_mark,NV,2016,68.53561058
int_elec_mark,NV,2017,68.53561058
int_elec_mark,NV,2018,68.53561058
int_elec_mark,NV,2019,68.53561058
int_elec_mark,NV,2020,68.53561058
int_elec_mark,NV,2021,68.53561058
int_elec_mark,NV,2022,68.53561058
int_elec_mark,NV,2023,68.53561058
int_elec_mark,NV,2024,68.53561058
int_elec_mark,NV,2025,68.04946361
int_elec_mark,NV,2026,64.51031368
int_elec_mark,NV,2027,62.86296996
int_elec_mark,NV,2028,62.13236051
int_elec_mark,NV,2029,62.64350933
int_elec_mark,NV,2030,62.97964523
int_elec_mark,NV,2031,62.71295889
int_elec_mark,NV,2032,64.09361628
int_elec_mark,NV,2033,64.31863288
int_elec_mark,NV,2034,63.68525283
int_elec_mark,NV,2035,63.32967105
int_elec_mark,NV,2036,63.20743981
int_elec_mark,NV,2037,63.13521226
int_elec_mark,NV,2038,62.9046397
int_elec_mark,NV,2039,63.21855174
int_elec_mark,NV,2040,63.46301421
int_elec_mark,NV,2041,63.62969318
int_elec_mark,NV,2042,63.87137767
int_elec_mark,NV,2043,64.17417778
int_elec_mark,NV,2044,65.02979644
int_elec_mark,NV,2045,65.51316543
int_elec_mark,NV,2046,65.60761684
int_elec_mark,NV,2047,65.62428474
int_elec_mark,NV,2048,65.50760946
int_elec_mark,NV,2049,65.30481673
int_elec_mark,NV,2050,65.28537085
int_elec_mark,MT,2010,67.34385601
int_elec_mark,MT,2011,67.34385601
int_elec_mark,MT,2012,67.34385601
int_elec_mark,MT,2013,67.34385601
int_elec_mark,MT,2014,67.34385601
int_elec_mark,MT,2015,67.34385601
int_elec_mark,MT,2016,67.34385601
int_elec_mark,MT,2017,67.34385601
int_elec_mark,MT,2018,67.34385601
int_elec_mark,MT,2019,67.34385601
int_elec_mark,MT,2020,67.34385601
int_elec_mark,MT,2021,67.34385601
int_elec_mark,MT,2022,67.34385601
int_elec_mark,MT,2023,67.34385601
int_elec_mark,MT,2024,67.34385601
int_elec_mark,MT,2025,66.73408882
int_elec_mark,MT,2026,63.34772793
int_elec_mark,MT,2027,62.02957515
int_elec_mark,MT,2028,61.63649061
int_elec_mark,MT,2029,62.14625043
int_elec_mark,MT,2030,63.03937186
int_elec_mark,MT,2031,63.71581064
int_elec_mark,MT,2032,65.20758733
int_elec_mark,MT,2033,65.79235269
int_elec_mark,MT,2034,65.10202399
int_elec_mark,MT,2035,64.2033466
int_elec_mark,MT,2036,63.83943087
int_elec_mark,MT,2037,63.56579957
int_elec_mark,MT,2038,63.23244165
int_elec_mark,MT,2039,63.5769115
int_elec_mark,MT,2040,63.64913905
int_elec_mark,MT,2041,64.06583646
int_elec_mark,MT,2042,64.2352934
int_elec_mark,MT,2043,64.33668977
int_elec_mark,MT,2044,64.59643115
int_elec_mark,MT,2045,65.53122232
int_elec_mark,MT,2046,65.84513436
int_elec_mark,MT,2047,65.7576279
int_elec_mark,MT,2048,65.55622416
int_elec_mark,MT,2049,65.36176537
int_elec_mark,MT,2050,65.23675615
int_elec_mark,WY,2010,68.53561058
int_elec_mark,WY,2011,68.53561058
int_elec_mark,WY,2012,68.53561058
int_elec_mark,WY,2013,68.53561058
int_elec_mark,WY,2014,68.53561058
int_elec_mark,WY,2015,68.53561058
int_elec_mark,WY,2016,68.53561058
int_elec_mark,WY,2017,68.53561058
int_elec_mark,WY,2018,68.53561058
int_elec_mark,WY,2019,68.53561058
int_elec_mark,WY,2020,68.53561058
int_elec_mark,WY,2021,68.53561058
int_elec_mark,WY,2022,68.53561058
int_elec_mark,WY,2023,68.53561058
int_elec_mark,WY,2024,68.53561058
int_elec_mark,WY,2025,68.04946361
int_elec_mark,WY,2026,64.51031368
int_elec_mark,WY,2027,62.86296996
int_elec_mark,WY,2028,62.13236051
int_elec_mark,WY,2029,62.64350933
int_elec_mark,WY,2030,62.97964523
int_elec_mark,WY,2031,62.71295889
int_elec_mark,WY,2032,64.09361628
int_elec_mark,WY,2033,64.31863288
int_elec_mark,WY,2034,63.68525283
int_elec_mark,WY,2035,63.32967105
int_elec_mark,WY,2036,63.20743981
int_elec_mark,WY,2037,63.13521226
int_elec_mark,WY,2038,62.9046397
int_elec_mark,WY,2039,63.21855174
int_elec_mark,WY,2040,63.46301421
int_elec_mark,WY,2041,63.62969318
int_elec_mark,WY,2042,63.87137767
int_elec_mark,WY,2043,64.17417778
int_elec_mark,WY,2044,65.02979644
int_elec_mark,WY,2045,65.51316543
int_elec_mark,WY,2046,65.60761684
int_elec_mark,WY,2047,65.62428474
int_elec_mark,WY,2048,65.50760946
int_elec_mark,WY,2049,65.30481673
int_elec_mark,WY,2050,65.28537085
int_elec_mark,UT,2010,68.53561058
int_elec_mark,UT,2011,68.53561058
int_elec_mark,UT,2012,68.53561058
int_elec_mark,UT,2013,68.53561058
int_elec_mark,UT,2014,68.53561058
int_elec_mark,UT,2015,68.53561058
int_elec_mark,UT,2016,68.53561058
int_elec_mark,UT,2017,68.53561058
int_elec_mark,UT,2018,68.53561058
int_elec_mark,UT,2019,68.53561058
int_elec_mark,UT,2020,68.53561058
int_elec_mark,UT,2021,68.53561058
int_elec_mark,UT,2022,68.53561058
int_elec_mark,UT,2023,68.53561058
int_elec_mark,UT,2024,68.53561058
int_elec_mark,UT,2025,68.04946361
int_elec_mark,UT,2026,64.51031368
int_elec_mark,UT,2027,62.86296996
int_elec_mark,UT,2028,62.13236051
int_elec_mark,UT,2029,62.64350933
int_elec_mark,UT,2030,62.97964523
int_elec_mark,UT,2031,62.71295889
int_elec_mark,UT,2032,64.09361628
int_elec_mark,UT,2033,64.31863288
int_elec_mark,UT,2034,63.68525283
int_elec_mark,UT,2035,63.32967105
int_elec_mark,UT,2036,63.20743981
int_elec_mark,UT,2037,63.13521226
int_elec_mark,UT,2038,62.9046397
int_elec_mark,UT,2039,63.21855174
int_elec_mark,UT,2040,63.46301421
int_elec_mark,UT,2041,63.62969318
int_elec_mark,UT,2042,63.87137767
int_elec_mark,UT,2043,64.17417778
int_elec_mark,UT,2044,65.02979644
int_elec_mark,UT,2045,65.51316543
int_elec_mark,UT,2046,65.60761684
int_elec_mark,UT,2047,65.62428474
int_elec_mark,UT,2048,65.50760946
int_elec_mark,UT,2049,65.30481673
int_elec_mark,UT,2050,65.28537085
int_elec_mark,AZ,2010,68.53561058
int_elec_mark,AZ,2011,68.53561058
int_elec_mark,AZ,2012,68.53561058
int_elec_mark,AZ,2013,68.53561058
int_elec_mark,AZ,2014,68.53561058
int_elec_mark,AZ,2015,68.53561058
int_elec_mark,AZ,2016,68.53561058
int_elec_mark,AZ,2017,68.53561058
int_elec_mark,AZ,2018,68.53561058
int_elec_mark,AZ,2019,68.53561058
int_elec_mark,AZ,2020,68.53561058
int_elec_mark,AZ,2021,68.53561058
int_elec_mark,AZ,2022,68.53561058
int_elec_mark,AZ,2023,68.53561058
int_elec_mark,AZ,2024,68.53561058
int_elec_mark,AZ,2025,68.04946361
int_elec_mark,AZ,2026,64.51031368
int_elec_mark,AZ,2027,62.86296996
int_elec_mark,AZ,2028,62.13236051
int_elec_mark,AZ,2029,62.64350933
int_elec_mark,AZ,2030,62.97964523
int_elec_mark,AZ,2031,62.71295889
int_elec_mark,AZ,2032,64.09361628
int_elec_mark,AZ,2033,64.31863288
int_elec_mark,AZ,2034,63.68525283
int_elec_mark,AZ,2035,63.32967105
int_elec_mark,AZ,2036,63.20743981
int_elec_mark,AZ,2037,63.13521226
int_elec_mark,AZ,2038,62.9046397
int_elec_mark,AZ,2039,63.21855174
int_elec_mark,AZ,2040,63.46301421
int_elec_mark,AZ,2041,63.62969318
int_elec_mark,AZ,2042,63.87137767
int_elec_mark,AZ,2043,64.17417778
int_elec_mark,AZ,2044,65.02979644
int_elec_mark,AZ,2045,65.51316543
int_elec_mark,AZ,2046,65.60761684
int_elec_mark,AZ,2047,65.62428474
int_elec_mark,AZ,2048,65.50760946
int_elec_mark,AZ,2049,65.30481673
int_elec_mark,AZ,2050,65.28537085
int_elec_mark,NM,2010,63.43523439
int_elec_mark,NM,2011,63.43523439
int_elec_mark,NM,2012,63.43523439
int_elec_mark,NM,2013,63.43523439
int_elec_mark,NM,2014,63.43523439
int_elec_mark,NM,2015,63.43523439
int_elec_mark,NM,2016,63.43523439
int_elec_mark,NM,2017,63.43523439
int_elec_mark,NM,2018,63.43523439
int_elec_mark,NM,2019,63.43523439
int_elec_mark,NM,2020,63.43523439
int_elec_mark,NM,2021,63.43523439
int_elec_mark,NM,2022,63.43523439
int_elec_mark,NM,2023,63.43523439
int_elec_mark,NM,2024,63.43523439
int_elec_mark,NM,2025,63.02687093
int_elec_mark,NM,2026,59.60300729
int_elec_mark,NM,2027,57.3889551
int_elec_mark,NM,2028,57.10560086
int_elec_mark,NM,2029,58.45292246
int_elec_mark,NM,2030,59.37243473
int_elec_mark,NM,2031,60.34472866
int_elec_mark,NM,2032,61.68093833
int_elec_mark,NM,2033,62.96714431
int_elec_mark,NM,2034,62.94630944
int_elec_mark,NM,2035,62.24903579
int_elec_mark,NM,2036,60.77253799
int_elec_mark,NM,2037,59.10991536
int_elec_mark,NM,2038,58.84045104
int_elec_mark,NM,2039,58.98490614
int_elec_mark,NM,2040,59.53911369
int_elec_mark,NM,2041,59.96275604
int_elec_mark,NM,2042,60.38917638
int_elec_mark,NM,2043,60.66419667
int_elec_mark,NM,2044,61.2045143
int_elec_mark,NM,2045,62.06152196
int_elec_mark,NM,2046,62.91019566
int_elec_mark,NM,2047,63.50746194
int_elec_mark,NM,2048,63.99777588
int_elec_mark,NM,2049,64.01444378
int_elec_mark,NM,2050,63.23383064
int_elec_mark,SD,2010,67.34385601
int_elec_mark,SD,2011,67.34385601
int_elec_mark,SD,2012,67.34385601
int_elec_mark,SD,2013,67.34385601
int_elec_mark,SD,2014,67.34385601
int_elec_mark,SD,2015,67.34385601
int_elec_mark,SD,2016,67.34385601
int_elec_mark,SD,2017,67.34385601
int_elec_mark,SD,2018,67.34385601
int_elec_mark,SD,2019,67.34385601
int_elec_mark,SD,2020,67.34385601
int_elec_mark,SD,2021,67.34385601
int_elec_mark,SD,2022,67.34385601
int_elec_mark,SD,2023,67.34385601
int_elec_mark,SD,2024,67.34385601
int_elec_mark,SD,2025,66.73408882
int_elec_mark,SD,2026,63.34772793
int_elec_mark,SD,2027,62.02957515
int_elec_mark,SD,2028,61.63649061
int_elec_mark,SD,2029,62.14625043
int_elec_mark,SD,2030,63.03937186
int_elec_mark,SD,2031,63.71581064
int_elec_mark,SD,2032,65.20758733
int_elec_mark,SD,2033,65.79235269
int_elec_mark,SD,2034,65.10202399
int_elec_mark,SD,2035,64.2033466
int_elec_mark,SD,2036,63.83943087
int_elec_mark,SD,2037,63.56579957
int_elec_mark,SD,2038,63.23244165
int_elec_mark,SD,2039,63.5769115
int_elec_mark,SD,2040,63.64913905
int_elec_mark,SD,2041,64.06583646
int_elec_mark,SD,2042,64.2352934
int_elec_mark,SD,2043,64.33668977
int_elec_mark,SD,2044,64.59643115
int_elec_mark,SD,2045,65.53122232
int_elec_mark,SD,2046,65.84513436
int_elec_mark,SD,2047,65.7576279
int_elec_mark,SD,2048,65.55622416
int_elec_mark,SD,2049,65.36176537
int_elec_mark,SD,2050,65.23675615
int_elec_mark,CO,2010,68.53561058
int_elec_mark,CO,2011,68.53561058
int_elec_mark,CO,2012,68.53561058
int_elec_mark,CO,2013,68.53561058
int_elec_mark,CO,2014,68.53561058
int_elec_mark,CO,2015,68.53561058
int_elec_mark,CO,2016,68.53561058
int_elec_mark,CO,2017,68.53561058
int_elec_mark,CO,2018,68.53561058
int_elec_mark,CO,2019,68.53561058
int_elec_mark,CO,2020,68.53561058
int_elec_mark,CO,2021,68.53561058
int_elec_mark,CO,2022,68.53561058
int_elec_mark,CO,2023,68.53561058
int_elec_mark,CO,2024,68.53561058
int_elec_mark,CO,2025,68.04946361
int_elec_mark,CO,2026,64.51031368
int_elec_mark,CO,2027,62.86296996
int_elec_mark,CO,2028,62.13236051
int_elec_mark,CO,2029,62.64350933
int_elec_mark,CO,2030,62.97964523
int_elec_mark,CO,2031,62.71295889
int_elec_mark,CO,2032,64.09361628
int_elec_mark,CO,2033,64.31863288
int_elec_mark,CO,2034,63.68525283
int_elec_mark,CO,2035,63.32967105
int_elec_mark,CO,2036,63.20743981
int_elec_mark,CO,2037,63.13521226
int_elec_mark,CO,2038,62.9046397
int_elec_mark,CO,2039,63.21855174
int_elec_mark,CO,2040,63.46301421
int_elec_mark,CO,2041,63.62969318
int_elec_mark,CO,2042,63.87137767
int_elec_mark,CO,2043,64.17417778
int_elec_mark,CO,2044,65.02979644
int_elec_mark,CO,2045,65.51316543
int_elec_mark,CO,2046,65.60761684
int_elec_mark,CO,2047,65.62428474
int_elec_mark,CO,2048,65.50760946
int_elec_mark,CO,2049,65.30481673
int_elec_mark,CO,2050,65.28537085
int_elec_mark,ND,2010,66.15210144
int_elec_mark,ND,2011,66.15210144
int_elec_mark,ND,2012,66.15210144
int_elec_mark,ND,2013,66.15210144
int_elec_mark,ND,2014,66.15210144
int_elec_mark,ND,2015,66.15210144
int_elec_mark,ND,2016,66.15210144
int_elec_mark,ND,2017,66.15210144
int_elec_mark,ND,2018,66.15210144
int_elec_mark,ND,2019,66.15210144
int_elec_mark,ND,2020,66.15210144
int_elec_mark,ND,2021,66.15210144
int_elec_mark,ND,2022,66.15210144
int_elec_mark,ND,2023,66.15210144
int_elec_mark,ND,2024,66.15210144
int_elec_mark,ND,2025,65.41871402
int_elec_mark,ND,2026,62.18514218
int_elec_mark,ND,2027,61.19618035
int_elec_mark,ND,2028,61.1406207
int_elec_mark,ND,2029,61.64899153
int_elec_mark,ND,2030,63.09909848
int_elec_mark,ND,2031,64.71866238
int_elec_mark,ND,2032,66.32155839
int_elec_mark,ND,2033,67.2660725
int_elec_mark,ND,2034,66.51879516
int_elec_mark,ND,2035,65.07702215
int_elec_mark,ND,2036,64.47142193
int_elec_mark,ND,2037,63.99638689
int_elec_mark,ND,2038,63.56024361
int_elec_mark,ND,2039,63.93527127
int_elec_mark,ND,2040,63.83526389
int_elec_mark,ND,2041,64.50197974
int_elec_mark,ND,2042,64.59920913
int_elec_mark,ND,2043,64.49920175
int_elec_mark,ND,2044,64.16306585
int_elec_mark,ND,2045,65.5492792
int_elec_mark,ND,2046,66.08265188
int_elec_mark,ND,2047,65.89097107
int_elec_mark,ND,2048,65.60483886
int_elec_mark,ND,2049,65.41871402
int_elec_mark,ND,2050,65.18814146
int_elec_mark,NE,2010,66.15210144
int_elec_mark,NE,2011,66.15210144
int_elec_mark,NE,2012,66.15210144
int_elec_mark,NE,2013,66.15210144
int_elec_mark,NE,2014,66.15210144
int_elec_mark,NE,2015,66.15210144
int_elec_mark,NE,2016,66.15210144
int_elec_mark,NE,2017,66.15210144
int_elec_mark,NE,2018,66.15210144
int_elec_mark,NE,2019,66.15210144
int_elec_mark,NE,2020,66.15210144
int_elec_mark,NE,2021,66.15210144
int_elec_mark,NE,2022,66.15210144
int_elec_mark,NE,2023,66.15210144
int_elec_mark,NE,2024,66.15210144
int_elec_mark,NE,2025,65.41871402
int_elec_mark,NE,2026,62.18514218
int_elec_mark,NE,2027,61.19618035
int_elec_mark,NE,2028,61.1406207
int_elec_mark,NE,2029,61.64899153
int_elec_mark,NE,2030,63.09909848
int_elec_mark,NE,2031,64.71866238
int_elec_mark,NE,2032,66.32155839
int_elec_mark,NE,2033,67.2660725
int_elec_mark,NE,2034,66.51879516
int_elec_mark,NE,2035,65.07702215
int_elec_mark,NE,2036,64.47142193
int_elec_mark,NE,2037,63.99638689
int_elec_mark,NE,2038,63.56024361
int_elec_mark,NE,2039,63.93527127
int_elec_mark,NE,2040,63.83526389
int_elec_mark,NE,2041,64.50197974
int_elec_mark,NE,2042,64.59920913
int_elec_mark,NE,2043,64.49920175
int_elec_mark,NE,2044,64.16306585
int_elec_mark,NE,2045,65.5492792
int_elec_mark,NE,2046,66.08265188
int_elec_mark,NE,2047,65.89097107
int_elec_mark,NE,2048,65.60483886
int_elec_mark,NE,2049,65.41871402
int_elec_mark,NE,2050,65.18814146
int_elec_mark,MN,2010,66.15210144
int_elec_mark,MN,2011,66.15210144
int_elec_mark,MN,2012,66.15210144
int_elec_mark,MN,2013,66.15210144
int_elec_mark,MN,2014,66.15210144
int_elec_mark,MN,2015,66.15210144
int_elec_mark,MN,2016,66.15210144
int_elec_mark,MN,2017,66.15210144
int_elec_mark,MN,2018,66.15210144
int_elec_mark,MN,2019,66.15210144
int_elec_mark,MN,2020,66.15210144
int_elec_mark,MN,2021,66.15210144
int_elec_mark,MN,2022,66.15210144
int_elec_mark,MN,2023,66.15210144
int_elec_mark,MN,2024,66.15210144
int_elec_mark,MN,2025,65.41871402
int_elec_mark,MN,2026,62.18514218
int_elec_mark,MN,2027,61.19618035
int_elec_mark,MN,2028,61.1406207
int_elec_mark,MN,2029,61.64899153
int_elec_mark,MN,2030,63.09909848
int_elec_mark,MN,2031,64.71866238
int_elec_mark,MN,2032,66.32155839
int_elec_mark,MN,2033,67.2660725
int_elec_mark,MN,2034,66.51879516
int_elec_mark,MN,2035,65.07702215
int_elec_mark,MN,2036,64.47142193
int_elec_mark,MN,2037,63.99638689
int_elec_mark,MN,2038,63.56024361
int_elec_mark,MN,2039,63.93527127
int_elec_mark,MN,2040,63.83526389
int_elec_mark,MN,2041,64.50197974
int_elec_mark,MN,2042,64.59920913
int_elec_mark,MN,2043,64.49920175
int_elec_mark,MN,2044,64.16306585
int_elec_mark,MN,2045,65.5492792
int_elec_mark,MN,2046,66.08265188
int_elec_mark,MN,2047,65.89097107
int_elec_mark,MN,2048,65.60483886
int_elec_mark,MN,2049,65.41871402
int_elec_mark,MN,2050,65.18814146
int_elec_mark,IA,2010,66.15210144
int_elec_mark,IA,2011,66.15210144
int_elec_mark,IA,2012,66.15210144
int_elec_mark,IA,2013,66.15210144
int_elec_mark,IA,2014,66.15210144
int_elec_mark,IA,2015,66.15210144
int_elec_mark,IA,2016,66.15210144
int_elec_mark,IA,2017,66.15210144
int_elec_mark,IA,2018,66.15210144
int_elec_mark,IA,2019,66.15210144
int_elec_mark,IA,2020,66.15210144
int_elec_mark,IA,2021,66.15210144
int_elec_mark,IA,2022,66.15210144
int_elec_mark,IA,2023,66.15210144
int_elec_mark,IA,2024,66.15210144
int_elec_mark,IA,2025,65.41871402
int_elec_mark,IA,2026,62.18514218
int_elec_mark,IA,2027,61.19618035
int_elec_mark,IA,2028,61.1406207
int_elec_mark,IA,2029,61.64899153
int_elec_mark,IA,2030,63.09909848
int_elec_mark,IA,2031,64.71866238
int_elec_mark,IA,2032,66.32155839
int_elec_mark,IA,2033,67.2660725
int_elec_mark,IA,2034,66.51879516
int_elec_mark,IA,2035,65.07702215
int_elec_mark,IA,2036,64.47142193
int_elec_mark,IA,2037,63.99638689
int_elec_mark,IA,2038,63.56024361
int_elec_mark,IA,2039,63.93527127
int_elec_mark,IA,2040,63.83526389
int_elec_mark,IA,2041,64.50197974
int_elec_mark,IA,2042,64.59920913
int_elec_mark,IA,2043,64.49920175
int_elec_mark,IA,2044,64.16306585
int_elec_mark,IA,2045,65.5492792
int_elec_mark,IA,2046,66.08265188
int_elec_mark,IA,2047,65.89097107
int_elec_mark,IA,2048,65.60483886
int_elec_mark,IA,2049,65.41871402
int_elec_mark,IA,2050,65.18814146
int_elec_mark,WI,2010,71.79140628
int_elec_mark,WI,2011,71.79140628
int_elec_mark,WI,2012,71.79140628
int_elec_mark,WI,2013,71.79140628
int_elec_mark,WI,2014,71.79140628
int_elec_mark,WI,2015,71.79140628
int_elec_mark,WI,2016,71.79140628
int_elec_mark,WI,2017,71.79140628
int_elec_mark,WI,2018,71.79140628
int_elec_mark,WI,2019,71.79140628
int_elec_mark,WI,2020,71.79140628
int_elec_mark,WI,2021,71.79140628
int_elec_mark,WI,2022,71.79140628
int_elec_mark,WI,2023,71.79140628
int_elec_mark,WI,2024,71.79140628
int_elec_mark,WI,2025,71.08024271
int_elec_mark,WI,2026,66.19654917
int_elec_mark,WI,2027,62.42682668
int_elec_mark,WI,2028,61.92123383
int_elec_mark,WI,2029,62.87130391
int_elec_mark,WI,2030,63.79637214
int_elec_mark,WI,2031,65.48816359
int_elec_mark,WI,2032,65.84930133
int_elec_mark,WI,2033,67.90500851
int_elec_mark,WI,2034,67.46053128
int_elec_mark,WI,2035,66.47156945
int_elec_mark,WI,2036,64.48808982
int_elec_mark,WI,2037,63.99638689
int_elec_mark,WI,2038,62.81852223
int_elec_mark,WI,2039,61.28785378
int_elec_mark,WI,2040,60.34611765
int_elec_mark,WI,2041,60.17666071
int_elec_mark,WI,2042,60.15721483
int_elec_mark,WI,2043,59.809967
int_elec_mark,WI,2044,59.66828988
int_elec_mark,WI,2045,60.0822093
int_elec_mark,WI,2046,60.4183452
int_elec_mark,WI,2047,60.20166255
int_elec_mark,WI,2048,60.68780952
int_elec_mark,WI,2049,61.09339499
int_elec_mark,WI,2050,61.13228675
int_elec_mark,TX,2010,63.43523439
int_elec_mark,TX,2011,63.43523439
int_elec_mark,TX,2012,63.43523439
int_elec_mark,TX,2013,63.43523439
int_elec_mark,TX,2014,63.43523439
int_elec_mark,TX,2015,63.43523439
int_elec_mark,TX,2016,63.43523439
int_elec_mark,TX,2017,63.43523439
int_elec_mark,TX,2018,63.43523439
int_elec_mark,TX,2019,63.43523439
int_elec_mark,TX,2020,63.43523439
int_elec_mark,TX,2021,63.43523439
int_elec_mark,TX,2022,63.43523439
int_elec_mark,TX,2023,63.43523439
int_elec_mark,TX,2024,63.43523439
int_elec_mark,TX,2025,63.02687093
int_elec_mark,TX,2026,59.60300729
int_elec_mark,TX,2027,57.3889551
int_elec_mark,TX,2028,57.10560086
int_elec_mark,TX,2029,58.45292246
int_elec_mark,TX,2030,59.37243473
int_elec_mark,TX,2031,60.34472866
int_elec_mark,TX,2032,61.68093833
int_elec_mark,TX,2033,62.96714431
int_elec_mark,TX,2034,62.94630944
int_elec_mark,TX,2035,62.24903579
int_elec_mark,TX,2036,60.77253799
int_elec_mark,TX,2037,59.10991536
int_elec_mark,TX,2038,58.84045104
int_elec_mark,TX,2039,58.98490614
int_elec_mark,TX,2040,59.53911369
int_elec_mark,TX,2041,59.96275604
int_elec_mark,TX,2042,60.38917638
int_elec_mark,TX,2043,60.66419667
int_elec_mark,TX,2044,61.2045143
int_elec_mark,TX,2045,62.06152196
int_elec_mark,TX,2046,62.91019566
int_elec_mark,TX,2047,63.50746194
int_elec_mark,TX,2048,63.99777588
int_elec_mark,TX,2049,64.01444378
int_elec_mark,TX,2050,63.23383064
int_elec_mark,OK,2010,58.3348582
int_elec_mark,OK,2011,58.3348582
int_elec_mark,OK,2012,58.3348582
int_elec_mark,OK,2013,58.3348582
int_elec_mark,OK,2014,58.3348582
int_elec_mark,OK,2015,58.3348582
int_elec_mark,OK,2016,58.3348582
int_elec_mark,OK,2017,58.3348582
int_elec_mark,OK,2018,58.3348582
int_elec_mark,OK,2019,58.3348582
int_elec_mark,OK,2020,58.3348582
int_elec_mark,OK,2021,58.3348582
int_elec_mark,OK,2022,58.3348582
int_elec_mark,OK,2023,58.3348582
int_elec_mark,OK,2024,58.3348582
int_elec_mark,OK,2025,58.00427826
int_elec_mark,OK,2026,54.69570089
int_elec_mark,OK,2027,51.91494023
int_elec_mark,OK,2028,52.07884121
int_elec_mark,OK,2029,54.26233559
int_elec_mark,OK,2030,55.76522422
int_elec_mark,OK,2031,57.97649843
int_elec_mark,OK,2032,59.26826038
int_elec_mark,OK,2033,61.61565574
int_elec_mark,OK,2034,62.20736605
int_elec_mark,OK,2035,61.16840053
int_elec_mark,OK,2036,58.33763618
int_elec_mark,OK,2037,55.08461847
int_elec_mark,OK,2038,54.77626239
int_elec_mark,OK,2039,54.75126055
int_elec_mark,OK,2040,55.61521316
int_elec_mark,OK,2041,56.29581891
int_elec_mark,OK,2042,56.9069751
int_elec_mark,OK,2043,57.15421556
int_elec_mark,OK,2044,57.37923216
int_elec_mark,OK,2045,58.60987848
int_elec_mark,OK,2046,60.21277449
int_elec_mark,OK,2047,61.39063914
int_elec_mark,OK,2048,62.4879423
int_elec_mark,OK,2049,62.72407082
int_elec_mark,OK,2050,61.18229044
int_elec_mark,KS,2010,66.15210144
int_elec_mark,KS,2011,66.15210144
int_elec_mark,KS,2012,66.15210144
int_elec_mark,KS,2013,66.15210144
int_elec_mark,KS,2014,66.15210144
int_elec_mark,KS,2015,66.15210144
int_elec_mark,KS,2016,66.15210144
int_elec_mark,KS,2017,66.15210144
int_elec_mark,KS,2018,66.15210144
int_elec_mark,KS,2019,66.15210144
int_elec_mark,KS,2020,66.15210144
int_elec_mark,KS,2021,66.15210144
int_elec_mark,KS,2022,66.15210144
int_elec_mark,KS,2023,66.15210144
int_elec_mark,KS,2024,66.15210144
int_elec_mark,KS,2025,65.41871402
int_elec_mark,KS,2026,62.18514218
int_elec_mark,KS,2027,61.19618035
int_elec_mark,KS,2028,61.1406207
int_elec_mark,KS,2029,61.64899153
int_elec_mark,KS,2030,63.09909848
int_elec_mark,KS,2031,64.71866238
int_elec_mark,KS,2032,66.32155839
int_elec_mark,KS,2033,67.2660725
int_elec_mark,KS,2034,66.51879516
int_elec_mark,KS,2035,65.07702215
int_elec_mark,KS,2036,64.47142193
int_elec_mark,KS,2037,63.99638689
int_elec_mark,KS,2038,63.56024361
int_elec_mark,KS,2039,63.93527127
int_elec_mark,KS,2040,63.83526389
int_elec_mark,KS,2041,64.50197974
int_elec_mark,KS,2042,64.59920913
int_elec_mark,KS,2043,64.49920175
int_elec_mark,KS,2044,64.16306585
int_elec_mark,KS,2045,65.5492792
int_elec_mark,KS,2046,66.08265188
int_elec_mark,KS,2047,65.89097107
int_elec_mark,KS,2048,65.60483886
int_elec_mark,KS,2049,65.41871402
int_elec_mark,KS,2050,65.18814146
int_elec_mark,MO,2010,66.15210144
int_elec_mark,MO,2011,66.15210144
int_elec_mark,MO,2012,66.15210144
int_elec_mark,MO,2013,66.15210144
int_elec_mark,MO,2014,66.15210144
int_elec_mark,MO,2015,66.15210144
int_elec_mark,MO,2016,66.15210144
int_elec_mark,MO,2017,66.15210144
int_elec_mark,MO,2018,66.15210144
int_elec_mark,MO,2019,66.15210144
int_elec_mark,MO,2020,66.15210144
int_elec_mark,MO,2021,66.15210144
int_elec_mark,MO,2022,66.15210144
int_elec_mark,MO,2023,66.15210144
int_elec_mark,MO,2024,66.15210144
int_elec_mark,MO,2025,65.41871402
int_elec_mark,MO,2026,62.18514218
int_elec_mark,MO,2027,61.19618035
int_elec_mark,MO,2028,61.1406207
int_elec_mark,MO,2029,61.64899153
int_elec_mark,MO,2030,63.09909848
int_elec_mark,MO,2031,64.71866238
int_elec_mark,MO,2032,66.32155839
int_elec_mark,MO,2033,67.2660725
int_elec_mark,MO,2034,66.51879516
int_elec_mark,MO,2035,65.07702215
int_elec_mark,MO,2036,64.47142193
int_elec_mark,MO,2037,63.99638689
int_elec_mark,MO,2038,63.56024361
int_elec_mark,MO,2039,63.93527127
int_elec_mark,MO,2040,63.83526389
int_elec_mark,MO,2041,64.50197974
int_elec_mark,MO,2042,64.59920913
int_elec_mark,MO,2043,64.49920175
int_elec_mark,MO,2044,64.16306585
int_elec_mark,MO,2045,65.5492792
int_elec_mark,MO,2046,66.08265188
int_elec_mark,MO,2047,65.89097107
int_elec_mark,MO,2048,65.60483886
int_elec_mark,MO,2049,65.41871402
int_elec_mark,MO,2050,65.18814146
int_elec_mark,AR,2010,58.3348582
int_elec_mark,AR,2011,58.3348582
int_elec_mark,AR,2012,58.3348582
int_elec_mark,AR,2013,58.3348582
int_elec_mark,AR,2014,58.3348582
int_elec_mark,AR,2015,58.3348582
int_elec_mark,AR,2016,58.3348582
int_elec_mark,AR,2017,58.3348582
int_elec_mark,AR,2018,58.3348582
int_elec_mark,AR,2019,58.3348582
int_elec_mark,AR,2020,58.3348582
int_elec_mark,AR,2021,58.3348582
int_elec_mark,AR,2022,58.3348582
int_elec_mark,AR,2023,58.3348582
int_elec_mark,AR,2024,58.3348582
int_elec_mark,AR,2025,58.00427826
int_elec_mark,AR,2026,54.69570089
int_elec_mark,AR,2027,51.91494023
int_elec_mark,AR,2028,52.07884121
int_elec_mark,AR,2029,54.26233559
int_elec_mark,AR,2030,55.76522422
int_elec_mark,AR,2031,57.97649843
int_elec_mark,AR,2032,59.26826038
int_elec_mark,AR,2033,61.61565574
int_elec_mark,AR,2034,62.20736605
int_elec_mark,AR,2035,61.16840053
int_elec_mark,AR,2036,58.33763618
int_elec_mark,AR,2037,55.08461847
int_elec_mark,AR,2038,54.77626239
int_elec_mark,AR,2039,54.75126055
int_elec_mark,AR,2040,55.61521316
int_elec_mark,AR,2041,56.29581891
int_elec_mark,AR,2042,56.9069751
int_elec_mark,AR,2043,57.15421556
int_elec_mark,AR,2044,57.37923216
int_elec_mark,AR,2045,58.60987848
int_elec_mark,AR,2046,60.21277449
int_elec_mark,AR,2047,61.39063914
int_elec_mark,AR,2048,62.4879423
int_elec_mark,AR,2049,62.72407082
int_elec_mark,AR,2050,61.18229044
int_elec_mark,LA,2010,58.3348582
int_elec_mark,LA,2011,58.3348582
int_elec_mark,LA,2012,58.3348582
int_elec_mark,LA,2013,58.3348582
int_elec_mark,LA,2014,58.3348582
int_elec_mark,LA,2015,58.3348582
int_elec_mark,LA,2016,58.3348582
int_elec_mark,LA,2017,58.3348582
int_elec_mark,LA,2018,58.3348582
int_elec_mark,LA,2019,58.3348582
int_elec_mark,LA,2020,58.3348582
int_elec_mark,LA,2021,58.3348582
int_elec_mark,LA,2022,58.3348582
int_elec_mark,LA,2023,58.3348582
int_elec_mark,LA,2024,58.3348582
int_elec_mark,LA,2025,58.00427826
int_elec_mark,LA,2026,54.69570089
int_elec_mark,LA,2027,51.91494023
int_elec_mark,LA,2028,52.07884121
int_elec_mark,LA,2029,54.26233559
int_elec_mark,LA,2030,55.76522422
int_elec_mark,LA,2031,57.97649843
int_elec_mark,LA,2032,59.26826038
int_elec_mark,LA,2033,61.61565574
int_elec_mark,LA,2034,62.20736605
int_elec_mark,LA,2035,61.16840053
int_elec_mark,LA,2036,58.33763618
int_elec_mark,LA,2037,55.08461847
int_elec_mark,LA,2038,54.77626239
int_elec_mark,LA,2039,54.75126055
int_elec_mark,LA,2040,55.61521316
int_elec_mark,LA,2041,56.29581891
int_elec_mark,LA,2042,56.9069751
int_elec_mark,LA,2043,57.15421556
int_elec_mark,LA,2044,57.37923216
int_elec_mark,LA,2045,58.60987848
int_elec_mark,LA,2046,60.21277449
int_elec_mark,LA,2047,61.39063914
int_elec_mark,LA,2048,62.4879423
int_elec_mark,LA,2049,62.72407082
int_elec_mark,LA,2050,61.18229044
int_elec_mark,MI,2010,71.79140628
int_elec_mark,MI,2011,71.79140628
int_elec_mark,MI,2012,71.79140628
int_elec_mark,MI,2013,71.79140628
int_elec_mark,MI,2014,71.79140628
int_elec_mark,MI,2015,71.79140628
int_elec_mark,MI,2016,71.79140628
int_elec_mark,MI,2017,71.79140628
int_elec_mark,MI,2018,71.79140628
int_elec_mark,MI,2019,71.79140628
int_elec_mark,MI,2020,71.79140628
int_elec_mark,MI,2021,71.79140628
int_elec_mark,MI,2022,71.79140628
int_elec_mark,MI,2023,71.79140628
int_elec_mark,MI,2024,71.79140628
int_elec_mark,MI,2025,71.08024271
int_elec_mark,MI,2026,66.19654917
int_elec_mark,MI,2027,62.42682668
int_elec_mark,MI,2028,61.92123383
int_elec_mark,MI,2029,62.87130391
int_elec_mark,MI,2030,63.79637214
int_elec_mark,MI,2031,65.48816359
int_elec_mark,MI,2032,65.84930133
int_elec_mark,MI,2033,67.90500851
int_elec_mark,MI,2034,67.46053128
int_elec_mark,MI,2035,66.47156945
int_elec_mark,MI,2036,64.48808982
int_elec_mark,MI,2037,63.99638689
int_elec_mark,MI,2038,62.81852223
int_elec_mark,MI,2039,61.28785378
int_elec_mark,MI,2040,60.34611765
int_elec_mark,MI,2041,60.17666071
int_elec_mark,MI,2042,60.15721483
int_elec_mark,MI,2043,59.809967
int_elec_mark,MI,2044,59.66828988
int_elec_mark,MI,2045,60.0822093
int_elec_mark,MI,2046,60.4183452
int_elec_mark,MI,2047,60.20166255
int_elec_mark,MI,2048,60.68780952
int_elec_mark,MI,2049,61.09339499
int_elec_mark,MI,2050,61.13228675
int_elec_mark,IL,2010,71.79140628
int_elec_mark,IL,2011,71.79140628
int_elec_mark,IL,2012,71.79140628
int_elec_mark,IL,2013,71.79140628
int_elec_mark,IL,2014,71.79140628
int_elec_mark,IL,2015,71.79140628
int_elec_mark,IL,2016,71.79140628
int_elec_mark,IL,2017,71.79140628
int_elec_mark,IL,2018,71.79140628
int_elec_mark,IL,2019,71.79140628
int_elec_mark,IL,2020,71.79140628
int_elec_mark,IL,2021,71.79140628
int_elec_mark,IL,2022,71.79140628
int_elec_mark,IL,2023,71.79140628
int_elec_mark,IL,2024,71.79140628
int_elec_mark,IL,2025,71.08024271
int_elec_mark,IL,2026,66.19654917
int_elec_mark,IL,2027,62.42682668
int_elec_mark,IL,2028,61.92123383
int_elec_mark,IL,2029,62.87130391
int_elec_mark,IL,2030,63.79637214
int_elec_mark,IL,2031,65.48816359
int_elec_mark,IL,2032,65.84930133
int_elec_mark,IL,2033,67.90500851
int_elec_mark,IL,2034,67.46053128
int_elec_mark,IL,2035,66.47156945
int_elec_mark,IL,2036,64.48808982
int_elec_mark,IL,2037,63.99638689
int_elec_mark,IL,2038,62.81852223
int_elec_mark,IL,2039,61.28785378
int_elec_mark,IL,2040,60.34611765
int_elec_mark,IL,2041,60.17666071
int_elec_mark,IL,2042,60.15721483
int_elec_mark,IL,2043,59.809967
int_elec_mark,IL,2044,59.66828988
int_elec_mark,IL,2045,60.0822093
int_elec_mark,IL,2046,60.4183452
int_elec_mark,IL,2047,60.20166255
int_elec_mark,IL,2048,60.68780952
int_elec_mark,IL,2049,61.09339499
int_elec_mark,IL,2050,61.13228675
int_elec_mark,MS,2010,58.82933911
int_elec_mark,MS,2011,58.82933911
int_elec_mark,MS,2012,58.82933911
int_elec_mark,MS,2013,58.82933911
int_elec_mark,MS,2014,58.82933911
int_elec_mark,MS,2015,58.82933911
int_elec_mark,MS,2016,58.82933911
int_elec_mark,MS,2017,58.82933911
int_elec_mark,MS,2018,58.82933911
int_elec_mark,MS,2019,58.82933911
int_elec_mark,MS,2020,58.82933911
int_elec_mark,MS,2021,58.82933911
int_elec_mark,MS,2022,58.82933911
int_elec_mark,MS,2023,58.82933911
int_elec_mark,MS,2024,58.82933911
int_elec_mark,MS,2025,57.42645786
int_elec_mark,MS,2026,50.25926256
int_elec_mark,MS,2027,48.58413901
int_elec_mark,MS,2028,47.73407631
int_elec_mark,MS,2029,48.6008069
int_elec_mark,MS,2030,49.18140528
int_elec_mark,MS,2031,49.73144585
int_elec_mark,MS,2032,51.44268318
int_elec_mark,MS,2033,53.1872563
int_elec_mark,MS,2034,53.65117941
int_elec_mark,MS,2035,54.98738907
int_elec_mark,MS,2036,56.55694928
int_elec_mark,MS,2037,55.90690134
int_elec_mark,MS,2038,55.3513048
int_elec_mark,MS,2039,54.60680545
int_elec_mark,MS,2040,54.63180729
int_elec_mark,MS,2041,54.61236141
int_elec_mark,MS,2042,54.87904775
int_elec_mark,MS,2043,56.04857845
int_elec_mark,MS,2044,57.25144495
int_elec_mark,MS,2045,58.00150028
int_elec_mark,MS,2046,59.47938706
int_elec_mark,MS,2047,60.70447742
int_elec_mark,MS,2048,60.31833783
int_elec_mark,MS,2049,59.91553034
int_elec_mark,MS,2050,59.82663489
int_elec_mark,AL,2010,58.82933911
int_elec_mark,AL,2011,58.82933911
int_elec_mark,AL,2012,58.82933911
int_elec_mark,AL,2013,58.82933911
int_elec_mark,AL,2014,58.82933911
int_elec_mark,AL,2015,58.82933911
int_elec_mark,AL,2016,58.82933911
int_elec_mark,AL,2017,58.82933911
int_elec_mark,AL,2018,58.82933911
int_elec_mark,AL,2019,58.82933911
int_elec_mark,AL,2020,58.82933911
int_elec_mark,AL,2021,58.82933911
int_elec_mark,AL,2022,58.82933911
int_elec_mark,AL,2023,58.82933911
int_elec_mark,AL,2024,58.82933911
int_elec_mark,AL,2025,57.42645786
int_elec_mark,AL,2026,50.25926256
int_elec_mark,AL,2027,48.58413901
int_elec_mark,AL,2028,47.73407631
int_elec_mark,AL,2029,48.6008069
int_elec_mark,AL,2030,49.18140528
int_elec_mark,AL,2031,49.73144585
int_elec_mark,AL,2032,51.44268318
int_elec_mark,AL,2033,53.1872563
int_elec_mark,AL,2034,53.65117941
int_elec_mark,AL,2035,54.98738907
int_elec_mark,AL,2036,56.55694928
int_elec_mark,AL,2037,55.90690134
int_elec_mark,AL,2038,55.3513048
int_elec_mark,AL,2039,54.60680545
int_elec_mark,AL,2040,54.63180729
int_elec_mark,AL,2041,54.61236141
int_elec_mark,AL,2042,54.87904775
int_elec_mark,AL,2043,56.04857845
int_elec_mark,AL,2044,57.25144495
int_elec_mark,AL,2045,58.00150028
int_elec_mark,AL,2046,59.47938706
int_elec_mark,AL,2047,60.70447742
int_elec_mark,AL,2048,60.31833783
int_elec_mark,AL,2049,59.91553034
int_elec_mark,AL,2050,59.82663489
int_elec_mark,FL,2010,65.96319862
int_elec_mark,FL,2011,65.96319862
int_elec_mark,FL,2012,65.96319862
int_elec_mark,FL,2013,65.96319862
int_elec_mark,FL,2014,65.96319862
int_elec_mark,FL,2015,65.96319862
int_elec_mark,FL,2016,65.96319862
int_elec_mark,FL,2017,65.96319862
int_elec_mark,FL,2018,65.96319862
int_elec_mark,FL,2019,65.96319862
int_elec_mark,FL,2020,65.96319862
int_elec_mark,FL,2021,65.96319862
int_elec_mark,FL,2022,65.96319862
int_elec_mark,FL,2023,65.96319862
int_elec_mark,FL,2024,65.96319862
int_elec_mark,FL,2025,63.37134079
int_elec_mark,FL,2026,58.71821981
int_elec_mark,FL,2027,55.83467379
int_elec_mark,FL,2028,55.08739645
int_elec_mark,FL,2029,55.52909569
int_elec_mark,FL,2030,55.73466641
int_elec_mark,FL,2031,56.41249419
int_elec_mark,FL,2032,57.50424138
int_elec_mark,FL,2033,59.65162198
int_elec_mark,FL,2034,60.97671972
int_elec_mark,FL,2035,62.2795936
int_elec_mark,FL,2036,62.32404132
int_elec_mark,FL,2037,62.02679717
int_elec_mark,FL,2038,61.29618773
int_elec_mark,FL,2039,60.5794682
int_elec_mark,FL,2040,60.5155746
int_elec_mark,FL,2041,60.9156041
int_elec_mark,FL,2042,61.85178426
int_elec_mark,FL,2043,62.98520119
int_elec_mark,FL,2044,64.34363472
int_elec_mark,FL,2045,65.3409305
int_elec_mark,FL,2046,66.41045383
int_elec_mark,FL,2047,66.32989234
int_elec_mark,FL,2048,66.15765741
int_elec_mark,FL,2049,65.9354188
int_elec_mark,FL,2050,65.49649753
int_elec_mark,TN,2010,58.82933911
int_elec_mark,TN,2011,58.82933911
int_elec_mark,TN,2012,58.82933911
int_elec_mark,TN,2013,58.82933911
int_elec_mark,TN,2014,58.82933911
int_elec_mark,TN,2015,58.82933911
int_elec_mark,TN,2016,58.82933911
int_elec_mark,TN,2017,58.82933911
int_elec_mark,TN,2018,58.82933911
int_elec_mark,TN,2019,58.82933911
int_elec_mark,TN,2020,58.82933911
int_elec_mark,TN,2021,58.82933911
int_elec_mark,TN,2022,58.82933911
int_elec_mark,TN,2023,58.82933911
int_elec_mark,TN,2024,58.82933911
int_elec_mark,TN,2025,57.42645786
int_elec_mark,TN,2026,50.25926256
int_elec_mark,TN,2027,48.58413901
int_elec_mark,TN,2028,47.73407631
int_elec_mark,TN,2029,48.6008069
int_elec_mark,TN,2030,49.18140528
int_elec_mark,TN,2031,49.73144585
int_elec_mark,TN,2032,51.44268318
int_elec_mark,TN,2033,53.1872563
int_elec_mark,TN,2034,53.65117941
int_elec_mark,TN,2035,54.98738907
int_elec_mark,TN,2036,56.55694928
int_elec_mark,TN,2037,55.90690134
int_elec_mark,TN,2038,55.3513048
int_elec_mark,TN,2039,54.60680545
int_elec_mark,TN,2040,54.63180729
int_elec_mark,TN,2041,54.61236141
int_elec_mark,TN,2042,54.87904775
int_elec_mark,TN,2043,56.04857845
int_elec_mark,TN,2044,57.25144495
int_elec_mark,TN,2045,58.00150028
int_elec_mark,TN,2046,59.47938706
int_elec_mark,TN,2047,60.70447742
int_elec_mark,TN,2048,60.31833783
int_elec_mark,TN,2049,59.91553034
int_elec_mark,TN,2050,59.82663489
int_elec_mark,KY,2010,58.82933911
int_elec_mark,KY,2011,58.82933911
int_elec_mark,KY,2012,58.82933911
int_elec_mark,KY,2013,58.82933911
int_elec_mark,KY,2014,58.82933911
int_elec_mark,KY,2015,58.82933911
int_elec_mark,KY,2016,58.82933911
int_elec_mark,KY,2017,58.82933911
int_elec_mark,KY,2018,58.82933911
int_elec_mark,KY,2019,58.82933911
int_elec_mark,KY,2020,58.82933911
int_elec_mark,KY,2021,58.82933911
int_elec_mark,KY,2022,58.82933911
int_elec_mark,KY,2023,58.82933911
int_elec_mark,KY,2024,58.82933911
int_elec_mark,KY,2025,57.42645786
int_elec_mark,KY,2026,50.25926256
int_elec_mark,KY,2027,48.58413901
int_elec_mark,KY,2028,47.73407631
int_elec_mark,KY,2029,48.6008069
int_elec_mark,KY,2030,49.18140528
int_elec_mark,KY,2031,49.73144585
int_elec_mark,KY,2032,51.44268318
int_elec_mark,KY,2033,53.1872563
int_elec_mark,KY,2034,53.65117941
int_elec_mark,KY,2035,54.98738907
int_elec_mark,KY,2036,56.55694928
int_elec_mark,KY,2037,55.90690134
int_elec_mark,KY,2038,55.3513048
int_elec_mark,KY,2039,54.60680545
int_elec_mark,KY,2040,54.63180729
int_elec_mark,KY,2041,54.61236141
int_elec_mark,KY,2042,54.87904775
int_elec_mark,KY,2043,56.04857845
int_elec_mark,KY,2044,57.25144495
int_elec_mark,KY,2045,58.00150028
int_elec_mark,KY,2046,59.47938706
int_elec_mark,KY,2047,60.70447742
int_elec_mark,KY,2048,60.31833783
int_elec_mark,KY,2049,59.91553034
int_elec_mark,KY,2050,59.82663489
int_elec_mark,GA,2010,65.96319862
int_elec_mark,GA,2011,65.96319862
int_elec_mark,GA,2012,65.96319862
int_elec_mark,GA,2013,65.96319862
int_elec_mark,GA,2014,65.96319862
int_elec_mark,GA,2015,65.96319862
int_elec_mark,GA,2016,65.96319862
int_elec_mark,GA,2017,65.96319862
int_elec_mark,GA,2018,65.96319862
int_elec_mark,GA,2019,65.96319862
int_elec_mark,GA,2020,65.96319862
int_elec_mark,GA,2021,65.96319862
int_elec_mark,GA,2022,65.96319862
int_elec_mark,GA,2023,65.96319862
int_elec_mark,GA,2024,65.96319862
int_elec_mark,GA,2025,63.37134079
int_elec_mark,GA,2026,58.71821981
int_elec_mark,GA,2027,55.83467379
int_elec_mark,GA,2028,55.08739645
int_elec_mark,GA,2029,55.52909569
int_elec_mark,GA,2030,55.73466641
int_elec_mark,GA,2031,56.41249419
int_elec_mark,GA,2032,57.50424138
int_elec_mark,GA,2033,59.65162198
int_elec_mark,GA,2034,60.97671972
int_elec_mark,GA,2035,62.2795936
int_elec_mark,GA,2036,62.32404132
int_elec_mark,GA,2037,62.02679717
int_elec_mark,GA,2038,61.29618773
int_elec_mark,GA,2039,60.5794682
int_elec_mark,GA,2040,60.5155746
int_elec_mark,GA,2041,60.9156041
int_elec_mark,GA,2042,61.85178426
int_elec_mark,GA,2043,62.98520119
int_elec_mark,GA,2044,64.34363472
int_elec_mark,GA,2045,65.3409305
int_elec_mark,GA,2046,66.41045383
int_elec_mark,GA,2047,66.32989234
int_elec_mark,GA,2048,66.15765741
int_elec_mark,GA,2049,65.9354188
int_elec_mark,GA,2050,65.49649753
int_elec_mark,SC,2010,65.96319862
int_elec_mark,SC,2011,65.96319862
int_elec_mark,SC,2012,65.96319862
int_elec_mark,SC,2013,65.96319862
int_elec_mark,SC,2014,65.96319862
int_elec_mark,SC,2015,65.96319862
int_elec_mark,SC,2016,65.96319862
int_elec_mark,SC,2017,65.96319862
int_elec_mark,SC,2018,65.96319862
int_elec_mark,SC,2019,65.96319862
int_elec_mark,SC,2020,65.96319862
int_elec_mark,SC,2021,65.96319862
int_elec_mark,SC,2022,65.96319862
int_elec_mark,SC,2023,65.96319862
int_elec_mark,SC,2024,65.96319862
int_elec_mark,SC,2025,63.37134079
int_elec_mark,SC,2026,58.71821981
int_elec_mark,SC,2027,55.83467379
int_elec_mark,SC,2028,55.08739645
int_elec_mark,SC,2029,55.52909569
int_elec_mark,SC,2030,55.73466641
int_elec_mark,SC,2031,56.41249419
int_elec_mark,SC,2032,57.50424138
int_elec_mark,SC,2033,59.65162198
int_elec_mark,SC,2034,60.97671972
int_elec_mark,SC,2035,62.2795936
int_elec_mark,SC,2036,62.32404132
int_elec_mark,SC,2037,62.02679717
int_elec_mark,SC,2038,61.29618773
int_elec_mark,SC,2039,60.5794682
int_elec_mark,SC,2040,60.5155746
int_elec_mark,SC,2041,60.9156041
int_elec_mark,SC,2042,61.85178426
int_elec_mark,SC,2043,62.98520119
int_elec_mark,SC,2044,64.34363472
int_elec_mark,SC,2045,65.3409305
int_elec_mark,SC,2046,66.41045383
int_elec_mark,SC,2047,66.32989234
int_elec_mark,SC,2048,66.15765741
int_elec_mark,SC,2049,65.9354188
int_elec_mark,SC,2050,65.49649753
int_elec_mark,NC,2010,65.96319862
int_elec_mark,NC,2011,65.96319862
int_elec_mark,NC,2012,65.96319862
int_elec_mark,NC,2013,65.96319862
int_elec_mark,NC,2014,65.96319862
int_elec_mark,NC,2015,65.96319862
int_elec_mark,NC,2016,65.96319862
int_elec_mark,NC,2017,65.96319862
int_elec_mark,NC,2018,65.96319862
int_elec_mark,NC,2019,65.96319862
int_elec_mark,NC,2020,65.96319862
int_elec_mark,NC,2021,65.96319862
int_elec_mark,NC,2022,65.96319862
int_elec_mark,NC,2023,65.96319862
int_elec_mark,NC,2024,65.96319862
int_elec_mark,NC,2025,63.37134079
int_elec_mark,NC,2026,58.71821981
int_elec_mark,NC,2027,55.83467379
int_elec_mark,NC,2028,55.08739645
int_elec_mark,NC,2029,55.52909569
int_elec_mark,NC,2030,55.73466641
int_elec_mark,NC,2031,56.41249419
int_elec_mark,NC,2032,57.50424138
int_elec_mark,NC,2033,59.65162198
int_elec_mark,NC,2034,60.97671972
int_elec_mark,NC,2035,62.2795936
int_elec_mark,NC,2036,62.32404132
int_elec_mark,NC,2037,62.02679717
int_elec_mark,NC,2038,61.29618773
int_elec_mark,NC,2039,60.5794682
int_elec_mark,NC,2040,60.5155746
int_elec_mark,NC,2041,60.9156041
int_elec_mark,NC,2042,61.85178426
int_elec_mark,NC,2043,62.98520119
int_elec_mark,NC,2044,64.34363472
int_elec_mark,NC,2045,65.3409305
int_elec_mark,NC,2046,66.41045383
int_elec_mark,NC,2047,66.32989234
int_elec_mark,NC,2048,66.15765741
int_elec_mark,NC,2049,65.9354188
int_elec_mark,NC,2050,65.49649753
int_elec_mark,VA,2010,65.96319862
int_elec_mark,VA,2011,65.96319862
int_elec_mark,VA,2012,65.96319862
int_elec_mark,VA,2013,65.96319862
int_elec_mark,VA,2014,65.96319862
int_elec_mark,VA,2015,65.96319862
int_elec_mark,VA,2016,65.96319862
int_elec_mark,VA,2017,65.96319862
int_elec_mark,VA,2018,65.96319862
int_elec_mark,VA,2019,65.96319862
int_elec_mark,VA,2020,65.96319862
int_elec_mark,VA,2021,65.96319862
int_elec_mark,VA,2022,65.96319862
int_elec_mark,VA,2023,65.96319862
int_elec_mark,VA,2024,65.96319862
int_elec_mark,VA,2025,63.37134079
int_elec_mark,VA,2026,58.71821981
int_elec_mark,VA,2027,55.83467379
int_elec_mark,VA,2028,55.08739645
int_elec_mark,VA,2029,55.52909569
int_elec_mark,VA,2030,55.73466641
int_elec_mark,VA,2031,56.41249419
int_elec_mark,VA,2032,57.50424138
int_elec_mark,VA,2033,59.65162198
int_elec_mark,VA,2034,60.97671972
int_elec_mark,VA,2035,62.2795936
int_elec_mark,VA,2036,62.32404132
int_elec_mark,VA,2037,62.02679717
int_elec_mark,VA,2038,61.29618773
int_elec_mark,VA,2039,60.5794682
int_elec_mark,VA,2040,60.5155746
int_elec_mark,VA,2041,60.9156041
int_elec_mark,VA,2042,61.85178426
int_elec_mark,VA,2043,62.98520119
int_elec_mark,VA,2044,64.34363472
int_elec_mark,VA,2045,65.3409305
int_elec_mark,VA,2046,66.41045383
int_elec_mark,VA,2047,66.32989234
int_elec_mark,VA,2048,66.15765741
int_elec_mark,VA,2049,65.9354188
int_elec_mark,VA,2050,65.49649753
int_elec_mark,IN,2010,71.79140628
int_elec_mark,IN,2011,71.79140628
int_elec_mark,IN,2012,71.79140628
int_elec_mark,IN,2013,71.79140628
int_elec_mark,IN,2014,71.79140628
int_elec_mark,IN,2015,71.79140628
int_elec_mark,IN,2016,71.79140628
int_elec_mark,IN,2017,71.79140628
int_elec_mark,IN,2018,71.79140628
int_elec_mark,IN,2019,71.79140628
int_elec_mark,IN,2020,71.79140628
int_elec_mark,IN,2021,71.79140628
int_elec_mark,IN,2022,71.79140628
int_elec_mark,IN,2023,71.79140628
int_elec_mark,IN,2024,71.79140628
int_elec_mark,IN,2025,71.08024271
int_elec_mark,IN,2026,66.19654917
int_elec_mark,IN,2027,62.42682668
int_elec_mark,IN,2028,61.92123383
int_elec_mark,IN,2029,62.87130391
int_elec_mark,IN,2030,63.79637214
int_elec_mark,IN,2031,65.48816359
int_elec_mark,IN,2032,65.84930133
int_elec_mark,IN,2033,67.90500851
int_elec_mark,IN,2034,67.46053128
int_elec_mark,IN,2035,66.47156945
int_elec_mark,IN,2036,64.48808982
int_elec_mark,IN,2037,63.99638689
int_elec_mark,IN,2038,62.81852223
int_elec_mark,IN,2039,61.28785378
int_elec_mark,IN,2040,60.34611765
int_elec_mark,IN,2041,60.17666071
int_elec_mark,IN,2042,60.15721483
int_elec_mark,IN,2043,59.809967
int_elec_mark,IN,2044,59.66828988
int_elec_mark,IN,2045,60.0822093
int_elec_mark,IN,2046,60.4183452
int_elec_mark,IN,2047,60.20166255
int_elec_mark,IN,2048,60.68780952
int_elec_mark,IN,2049,61.09339499
int_elec_mark,IN,2050,61.13228675
int_elec_mark,OH,2010,71.79140628
int_elec_mark,OH,2011,71.79140628
int_elec_mark,OH,2012,71.79140628
int_elec_mark,OH,2013,71.79140628
int_elec_mark,OH,2014,71.79140628
int_elec_mark,OH,2015,71.79140628
int_elec_mark,OH,2016,71.79140628
int_elec_mark,OH,2017,71.79140628
int_elec_mark,OH,2018,71.79140628
int_elec_mark,OH,2019,71.79140628
int_elec_mark,OH,2020,71.79140628
int_elec_mark,OH,2021,71.79140628
int_elec_mark,OH,2022,71.79140628
int_elec_mark,OH,2023,71.79140628
int_elec_mark,OH,2024,71.79140628
int_elec_mark,OH,2025,71.08024271
int_elec_mark,OH,2026,66.19654917
int_elec_mark,OH,2027,62.42682668
int_elec_mark,OH,2028,61.92123383
int_elec_mark,OH,2029,62.87130391
int_elec_mark,OH,2030,63.79637214
int_elec_mark,OH,2031,65.48816359
int_elec_mark,OH,2032,65.84930133
int_elec_mark,OH,2033,67.90500851
int_elec_mark,OH,2034,67.46053128
int_elec_mark,OH,2035,66.47156945
int_elec_mark,OH,2036,64.48808982
int_elec_mark,OH,2037,63.99638689
int_elec_mark,OH,2038,62.81852223
int_elec_mark,OH,2039,61.28785378
int_elec_mark,OH,2040,60.34611765
int_elec_mark,OH,2041,60.17666071
int_elec_mark,OH,2042,60.15721483
int_elec_mark,OH,2043,59.809967
int_elec_mark,OH,2044,59.66828988
int_elec_mark,OH,2045,60.0822093
int_elec_mark,OH,2046,60.4183452
int_elec_mark,OH,2047,60.20166255
int_elec_mark,OH,2048,60.68780952
int_elec_mark,OH,2049,61.09339499
int_elec_mark,OH,2050,61.13228675
int_elec_mark,PA,2010,89.2010237
int_elec_mark,PA,2011,89.2010237
int_elec_mark,PA,2012,89.2010237
int_elec_mark,PA,2013,89.2010237
int_elec_mark,PA,2014,89.2010237
int_elec_mark,PA,2015,89.2010237
int_elec_mark,PA,2016,89.2010237
int_elec_mark,PA,2017,89.2010237
int_elec_mark,PA,2018,89.2010237
int_elec_mark,PA,2019,89.2010237
int_elec_mark,PA,2020,89.2010237
int_elec_mark,PA,2021,89.2010237
int_elec_mark,PA,2022,89.2010237
int_elec_mark,PA,2023,89.2010237
int_elec_mark,PA,2024,89.2010237
int_elec_mark,PA,2025,88.7204327
int_elec_mark,PA,2026,85.07294145
int_elec_mark,PA,2027,75.58890859
int_elec_mark,PA,2028,77.10013117
int_elec_mark,PA,2029,76.82788887
int_elec_mark,PA,2030,77.10568713
int_elec_mark,PA,2031,79.52253206
int_elec_mark,PA,2032,80.13646623
int_elec_mark,PA,2033,83.06445997
int_elec_mark,PA,2034,83.10335173
int_elec_mark,PA,2035,82.44774782
int_elec_mark,PA,2036,80.84485181
int_elec_mark,PA,2037,81.71158241
int_elec_mark,PA,2038,80.75873435
int_elec_mark,PA,2039,79.16972826
int_elec_mark,PA,2040,78.53634821
int_elec_mark,PA,2041,79.05860895
int_elec_mark,PA,2042,80.09479649
int_elec_mark,PA,2043,80.56705355
int_elec_mark,PA,2044,80.79484813
int_elec_mark,PA,2045,81.07542438
int_elec_mark,PA,2046,81.55601538
int_elec_mark,PA,2047,81.5532374
int_elec_mark,PA,2048,81.65602275
int_elec_mark,PA,2049,81.90048523
int_elec_mark,PA,2050,81.68380258
int_elec_mark,WV,2010,65.96319862
int_elec_mark,WV,2011,65.96319862
int_elec_mark,WV,2012,65.96319862
int_elec_mark,WV,2013,65.96319862
int_elec_mark,WV,2014,65.96319862
int_elec_mark,WV,2015,65.96319862
int_elec_mark,WV,2016,65.96319862
int_elec_mark,WV,2017,65.96319862
int_elec_mark,WV,2018,65.96319862
int_elec_mark,WV,2019,65.96319862
int_elec_mark,WV,2020,65.96319862
int_elec_mark,WV,2021,65.96319862
int_elec_mark,WV,2022,65.96319862
int_elec_mark,WV,2023,65.96319862
int_elec_mark,WV,2024,65.96319862
int_elec_mark,WV,2025,63.37134079
int_elec_mark,WV,2026,58.71821981
int_elec_mark,WV,2027,55.83467379
int_elec_mark,WV,2028,55.08739645
int_elec_mark,WV,2029,55.52909569
int_elec_mark,WV,2030,55.73466641
int_elec_mark,WV,2031,56.41249419
int_elec_mark,WV,2032,57.50424138
int_elec_mark,WV,2033,59.65162198
int_elec_mark,WV,2034,60.97671972
int_elec_mark,WV,2035,62.2795936
int_elec_mark,WV,2036,62.32404132
int_elec_mark,WV,2037,62.02679717
int_elec_mark,WV,2038,61.29618773
int_elec_mark,WV,2039,60.5794682
int_elec_mark,WV,2040,60.5155746
int_elec_mark,WV,2041,60.9156041
int_elec_mark,WV,2042,61.85178426
int_elec_mark,WV,2043,62.98520119
int_elec_mark,WV,2044,64.34363472
int_elec_mark,WV,2045,65.3409305
int_elec_mark,WV,2046,66.41045383
int_elec_mark,WV,2047,66.32989234
int_elec_mark,WV,2048,66.15765741
int_elec_mark,WV,2049,65.9354188
int_elec_mark,WV,2050,65.49649753
int_elec_mark,MD,2010,65.96319862
int_elec_mark,MD,2011,65.96319862
int_elec_mark,MD,2012,65.96319862
int_elec_mark,MD,2013,65.96319862
int_elec_mark,MD,2014,65.96319862
int_elec_mark,MD,2015,65.96319862
int_elec_mark,MD,2016,65.96319862
int_elec_mark,MD,2017,65.96319862
int_elec_mark,MD,2018,65.96319862
int_elec_mark,MD,2019,65.96319862
int_elec_mark,MD,2020,65.96319862
int_elec_mark,MD,2021,65.96319862
int_elec_mark,MD,2022,65.96319862
int_elec_mark,MD,2023,65.96319862
int_elec_mark,MD,2024,65.96319862
int_elec_mark,MD,2025,63.37134079
int_elec_mark,MD,2026,58.71821981
int_elec_mark,MD,2027,55.83467379
int_elec_mark,MD,2028,55.08739645
int_elec_mark,MD,2029,55.52909569
int_elec_mark,MD,2030,55.73466641
int_elec_mark,MD,2031,56.41249419
int_elec_mark,MD,2032,57.50424138
int_elec_mark,MD,2033,59.65162198
int_elec_mark,MD,2034,60.97671972
int_elec_mark,MD,2035,62.2795936
int_elec_mark,MD,2036,62.32404132
int_elec_mark,MD,2037,62.02679717
int_elec_mark,MD,2038,61.29618773
int_elec_mark,MD,2039,60.5794682
int_elec_mark,MD,2040,60.5155746
int_elec_mark,MD,2041,60.9156041
int_elec_mark,MD,2042,61.85178426
int_elec_mark,MD,2043,62.98520119
int_elec_mark,MD,2044,64.34363472
int_elec_mark,MD,2045,65.3409305
int_elec_mark,MD,2046,66.41045383
int_elec_mark,MD,2047,66.32989234
int_elec_mark,MD,2048,66.15765741
int_elec_mark,MD,2049,65.9354188
int_elec_mark,MD,2050,65.49649753
int_elec_mark,DE,2010,65.96319862
int_elec_mark,DE,2011,65.96319862
int_elec_mark,DE,2012,65.96319862
int_elec_mark,DE,2013,65.96319862
int_elec_mark,DE,2014,65.96319862
int_elec_mark,DE,2015,65.96319862
int_elec_mark,DE,2016,65.96319862
int_elec_mark,DE,2017,65.96319862
int_elec_mark,DE,2018,65.96319862
int_elec_mark,DE,2019,65.96319862
int_elec_mark,DE,2020,65.96319862
int_elec_mark,DE,2021,65.96319862
int_elec_mark,DE,2022,65.96319862
int_elec_mark,DE,2023,65.96319862
int_elec_mark,DE,2024,65.96319862
int_elec_mark,DE,2025,63.37134079
int_elec_mark,DE,2026,58.71821981
int_elec_mark,DE,2027,55.83467379
int_elec_mark,DE,2028,55.08739645
int_elec_mark,DE,2029,55.52909569
int_elec_mark,DE,2030,55.73466641
int_elec_mark,DE,2031,56.41249419
int_elec_mark,DE,2032,57.50424138
int_elec_mark,DE,2033,59.65162198
int_elec_mark,DE,2034,60.97671972
int_elec_mark,DE,2035,62.2795936
int_elec_mark,DE,2036,62.32404132
int_elec_mark,DE,2037,62.02679717
int_elec_mark,DE,2038,61.29618773
int_elec_mark,DE,2039,60.5794682
int_elec_mark,DE,2040,60.5155746
int_elec_mark,DE,2041,60.9156041
int_elec_mark,DE,2042,61.85178426
int_elec_mark,DE,2043,62.98520119
int_elec_mark,DE,2044,64.34363472
int_elec_mark,DE,2045,65.3409305
int_elec_mark,DE,2046,66.41045383
int_elec_mark,DE,2047,66.32989234
int_elec_mark,DE,2048,66.15765741
int_elec_mark,DE,2049,65.9354188
int_elec_mark,DE,2050,65.49649753
int_elec_mark,NJ,2010,89.2010237
int_elec_mark,NJ,2011,89.2010237
int_elec_mark,NJ,2012,89.2010237
int_elec_mark,NJ,2013,89.2010237
int_elec_mark,NJ,2014,89.2010237
int_elec_mark,NJ,2015,89.2010237
int_elec_mark,NJ,2016,89.2010237
int_elec_mark,NJ,2017,89.2010237
int_elec_mark,NJ,2018,89.2010237
int_elec_mark,NJ,2019,89.2010237
int_elec_mark,NJ,2020,89.2010237
int_elec_mark,NJ,2021,89.2010237
int_elec_mark,NJ,2022,89.2010237
int_elec_mark,NJ,2023,89.2010237
int_elec_mark,NJ,2024,89.2010237
int_elec_mark,NJ,2025,88.7204327
int_elec_mark,NJ,2026,85.07294145
int_elec_mark,NJ,2027,75.58890859
int_elec_mark,NJ,2028,77.10013117
int_elec_mark,NJ,2029,76.82788887
int_elec_mark,NJ,2030,77.10568713
int_elec_mark,NJ,2031,79.52253206
int_elec_mark,NJ,2032,80.13646623
int_elec_mark,NJ,2033,83.06445997
int_elec_mark,NJ,2034,83.10335173
int_elec_mark,NJ,2035,82.44774782
int_elec_mark,NJ,2036,80.84485181
int_elec_mark,NJ,2037,81.71158241
int_elec_mark,NJ,2038,80.75873435
int_elec_mark,NJ,2039,79.16972826
int_elec_mark,NJ,2040,78.53634821
int_elec_mark,NJ,2041,79.05860895
int_elec_mark,NJ,2042,80.09479649
int_elec_mark,NJ,2043,80.56705355
int_elec_mark,NJ,2044,80.79484813
int_elec_mark,NJ,2045,81.07542438
int_elec_mark,NJ,2046,81.55601538
int_elec_mark,NJ,2047,81.5532374
int_elec_mark,NJ,2048,81.65602275
int_elec_mark,NJ,2049,81.90048523
int_elec_mark,NJ,2050,81.68380258
int_elec_mark,NY,2010,89.2010237
int_elec_mark,NY,2011,89.2010237
int_elec_mark,NY,2012,89.2010237
int_elec_mark,NY,2013,89.2010237
int_elec_mark,NY,2014,89.2010237
int_elec_mark,NY,2015,89.2010237
int_elec_mark,NY,2016,89.2010237
int_elec_mark,NY,2017,89.2010237
int_elec_mark,NY,2018,89.2010237
int_elec_mark,NY,2019,89.2010237
int_elec_mark,NY,2020,89.2010237
int_elec_mark,NY,2021,89.2010237
int_elec_mark,NY,2022,89.2010237
int_elec_mark,NY,2023,89.2010237
int_elec_mark,NY,2024,89.2010237
int_elec_mark,NY,2025,88.7204327
int_elec_mark,NY,2026,85.07294145
int_elec_mark,NY,2027,75.58890859
int_elec_mark,NY,2028,77.10013117
int_elec_mark,NY,2029,76.82788887
int_elec_mark,NY,2030,77.10568713
int_elec_mark,NY,2031,79.52253206
int_elec_mark,NY,2032,80.13646623
int_elec_mark,NY,2033,83.06445997
int_elec_mark,NY,2034,83.10335173
int_elec_mark,NY,2035,82.44774782
int_elec_mark,NY,2036,80.84485181
int_elec_mark,NY,2037,81.71158241
int_elec_mark,NY,2038,80.75873435
int_elec_mark,NY,2039,79.16972826
int_elec_mark,NY,2040,78.53634821
int_elec_mark,NY,2041,79.05860895
int_elec_mark,NY,2042,80.09479649
int_elec_mark,NY,2043,80.56705355
int_elec_mark,NY,2044,80.79484813
int_elec_mark,NY,2045,81.07542438
int_elec_mark,NY,2046,81.55601538
int_elec_mark,NY,2047,81.5532374
int_elec_mark,NY,2048,81.65602275
int_elec_mark,NY,2049,81.90048523
int_elec_mark,NY,2050,81.68380258
int_elec_mark,VT,2010,152.4529112
int_elec_mark,VT,2011,152.4529112
int_elec_mark,VT,2012,152.4529112
int_elec_mark,VT,2013,152.4529112
int_elec_mark,VT,2014,152.4529112
int_elec_mark,VT,2015,152.4529112
int_elec_mark,VT,2016,152.4529112
int_elec_mark,VT,2017,152.4529112
int_elec_mark,VT,2018,152.4529112
int_elec_mark,VT,2019,152.4529112
int_elec_mark,VT,2020,152.4529112
int_elec_mark,VT,2021,152.4529112
int_elec_mark,VT,2022,152.4529112
int_elec_mark,VT,2023,152.4529112
int_elec_mark,VT,2024,152.4529112
int_elec_mark,VT,2025,156.4670962
int_elec_mark,VT,2026,140.468694
int_elec_mark,VT,2027,117.5725608
int_elec_mark,VT,2028,114.9362552
int_elec_mark,VT,2029,113.050005
int_elec_mark,VT,2030,113.0638949
int_elec_mark,VT,2031,112.6083057
int_elec_mark,VT,2032,115.7918739
int_elec_mark,VT,2033,121.8895458
int_elec_mark,VT,2034,122.020111
int_elec_mark,VT,2035,121.9062137
int_elec_mark,VT,2036,121.2506098
int_elec_mark,VT,2037,121.4422906
int_elec_mark,VT,2038,120.5616701
int_elec_mark,VT,2039,119.9255121
int_elec_mark,VT,2040,119.2171265
int_elec_mark,VT,2041,119.7449432
int_elec_mark,VT,2042,120.6533435
int_elec_mark,VT,2043,120.7783528
int_elec_mark,VT,2044,120.8339124
int_elec_mark,VT,2045,121.4589585
int_elec_mark,VT,2046,122.82017
int_elec_mark,VT,2047,123.7396823
int_elec_mark,VT,2048,124.1841595
int_elec_mark,VT,2049,124.4675138
int_elec_mark,VT,2050,124.8758772
int_elec_mark,NH,2010,152.4529112
int_elec_mark,NH,2011,152.4529112
int_elec_mark,NH,2012,152.4529112
int_elec_mark,NH,2013,152.4529112
int_elec_mark,NH,2014,152.4529112
int_elec_mark,NH,2015,152.4529112
int_elec_mark,NH,2016,152.4529112
int_elec_mark,NH,2017,152.4529112
int_elec_mark,NH,2018,152.4529112
int_elec_mark,NH,2019,152.4529112
int_elec_mark,NH,2020,152.4529112
int_elec_mark,NH,2021,152.4529112
int_elec_mark,NH,2022,152.4529112
int_elec_mark,NH,2023,152.4529112
int_elec_mark,NH,2024,152.4529112
int_elec_mark,NH,2025,156.4670962
int_elec_mark,NH,2026,140.468694
int_elec_mark,NH,2027,117.5725608
int_elec_mark,NH,2028,114.9362552
int_elec_mark,NH,2029,113.050005
int_elec_mark,NH,2030,113.0638949
int_elec_mark,NH,2031,112.6083057
int_elec_mark,NH,2032,115.7918739
int_elec_mark,NH,2033,121.8895458
int_elec_mark,NH,2034,122.020111
int_elec_mark,NH,2035,121.9062137
int_elec_mark,NH,2036,121.2506098
int_elec_mark,NH,2037,121.4422906
int_elec_mark,NH,2038,120.5616701
int_elec_mark,NH,2039,119.9255121
int_elec_mark,NH,2040,119.2171265
int_elec_mark,NH,2041,119.7449432
int_elec_mark,NH,2042,120.6533435
int_elec_mark,NH,2043,120.7783528
int_elec_mark,NH,2044,120.8339124
int_elec_mark,NH,2045,121.4589585
int_elec_mark,NH,2046,122.82017
int_elec_mark,NH,2047,123.7396823
int_elec_mark,NH,2048,124.1841595
int_elec_mark,NH,2049,124.4675138
int_elec_mark,NH,2050,124.8758772
int_elec_mark,MA,2010,152.4529112
int_elec_mark,MA,2011,152.4529112
int_elec_mark,MA,2012,152.4529112
int_elec_mark,MA,2013,152.4529112
int_elec_mark,MA,2014,152.4529112
int_elec_mark,MA,2015,152.4529112
int_elec_mark,MA,2016,152.4529112
int_elec_mark,MA,2017,152.4529112
int_elec_mark,MA,2018,152.4529112
int_elec_mark,MA,2019,152.4529112
int_elec_mark,MA,2020,152.4529112
int_elec_mark,MA,2021,152.4529112
int_elec_mark,MA,2022,152.4529112
int_elec_mark,MA,2023,152.4529112
int_elec_mark,MA,2024,152.4529112
int_elec_mark,MA,2025,156.4670962
int_elec_mark,MA,2026,140.468694
int_elec_mark,MA,2027,117.5725608
int_elec_mark,MA,2028,114.9362552
int_elec_mark,MA,2029,113.050005
int_elec_mark,MA,2030,113.0638949
int_elec_mark,MA,2031,112.6083057
int_elec_mark,MA,2032,115.7918739
int_elec_mark,MA,2033,121.8895458
int_elec_mark,MA,2034,122.020111
int_elec_mark,MA,2035,121.9062137
int_elec_mark,MA,2036,121.2506098
int_elec_mark,MA,2037,121.4422906
int_elec_mark,MA,2038,120.5616701
int_elec_mark,MA,2039,119.9255121
int_elec_mark,MA,2040,119.2171265
int_elec_mark,MA,2041,119.7449432
int_elec_mark,MA,2042,120.6533435
int_elec_mark,MA,2043,120.7783528
int_elec_mark,MA,2044,120.8339124
int_elec_mark,MA,2045,121.4589585
int_elec_mark,MA,2046,122.82017
int_elec_mark,MA,2047,123.7396823
int_elec_mark,MA,2048,124.1841595
int_elec_mark,MA,2049,124.4675138
int_elec_mark,MA,2050,124.8758772
int_elec_mark,CT,2010,152.4529112
int_elec_mark,CT,2011,152.4529112
int_elec_mark,CT,2012,152.4529112
int_elec_mark,CT,2013,152.4529112
int_elec_mark,CT,2014,152.4529112
int_elec_mark,CT,2015,152.4529112
int_elec_mark,CT,2016,152.4529112
int_elec_mark,CT,2017,152.4529112
int_elec_mark,CT,2018,152.4529112
int_elec_mark,CT,2019,152.4529112
int_elec_mark,CT,2020,152.4529112
int_elec_mark,CT,2021,152.4529112
int_elec_mark,CT,2022,152.4529112
int_elec_mark,CT,2023,152.4529112
int_elec_mark,CT,2024,152.4529112
int_elec_mark,CT,2025,156.4670962
int_elec_mark,CT,2026,140.468694
int_elec_mark,CT,2027,117.5725608
int_elec_mark,CT,2028,114.9362552
int_elec_mark,CT,2029,113.050005
int_elec_mark,CT,2030,113.0638949
int_elec_mark,CT,2031,112.6083057
int_elec_mark,CT,2032,115.7918739
int_elec_mark,CT,2033,121.8895458
int_elec_mark,CT,2034,122.020111
int_elec_mark,CT,2035,121.9062137
int_elec_mark,CT,2036,121.2506098
int_elec_mark,CT,2037,121.4422906
int_elec_mark,CT,2038,120.5616701
int_elec_mark,CT,2039,119.9255121
int_elec_mark,CT,2040,119.2171265
int_elec_mark,CT,2041,119.7449432
int_elec_mark,CT,2042,120.6533435
int_elec_mark,CT,2043,120.7783528
int_elec_mark,CT,2044,120.8339124
int_elec_mark,CT,2045,121.4589585
int_elec_mark,CT,2046,122.82017
int_elec_mark,CT,2047,123.7396823
int_elec_mark,CT,2048,124.1841595
int_elec_mark,CT,2049,124.4675138
int_elec_mark,CT,2050,124.8758772
int_elec_mark,RI,2010,152.4529112
int_elec_mark,RI,2011,152.4529112
int_elec_mark,RI,2012,152.4529112
int_elec_mark,RI,2013,152.4529112
int_elec_mark,RI,2014,152.4529112
int_elec_mark,RI,2015,152.4529112
int_elec_mark,RI,2016,152.4529112
int_elec_mark,RI,2017,152.4529112
int_elec_mark,RI,2018,152.4529112
int_elec_mark,RI,2019,152.4529112
int_elec_mark,RI,2020,152.4529112
int_elec_mark,RI,2021,152.4529112
int_elec_mark,RI,2022,152.4529112
int_elec_mark,RI,2023,152.4529112
int_elec_mark,RI,2024,152.4529112
int_elec_mark,RI,2025,156.4670962
int_elec_mark,RI,2026,140.468694
int_elec_mark,RI,2027,117.5725608
int_elec_mark,RI,2028,114.9362552
int_elec_mark,RI,2029,113.050005
int_elec_mark,RI,2030,113.0638949
int_elec_mark,RI,2031,112.6083057
int_elec_mark,RI,2032,115.7918739
int_elec_mark,RI,2033,121.8895458
int_elec_mark,RI,2034,122.020111
int_elec_mark,RI,2035,121.9062137
int_elec_mark,RI,2036,121.2506098
int_elec_mark,RI,2037,121.4422906
int_elec_mark,RI,2038,120.5616701
int_elec_mark,RI,2039,119.9255121
int_elec_mark,RI,2040,119.2171265
int_elec_mark,RI,2041,119.7449432
int_elec_mark,RI,2042,120.6533435
int_elec_mark,RI,2043,120.7783528
int_elec_mark,RI,2044,120.8339124
int_elec_mark,RI,2045,121.4589585
int_elec_mark,RI,2046,122.82017
int_elec_mark,RI,2047,123.7396823
int_elec_mark,RI,2048,124.1841595
int_elec_mark,RI,2049,124.4675138
int_elec_mark,RI,2050,124.8758772
int_elec_mark,ME,2010,152.4529112
int_elec_mark,ME,2011,152.4529112
int_elec_mark,ME,2012,152.4529112
int_elec_mark,ME,2013,152.4529112
int_elec_mark,ME,2014,152.4529112
int_elec_mark,ME,2015,152.4529112
int_elec_mark,ME,2016,152.4529112
int_elec_mark,ME,2017,152.4529112
int_elec_mark,ME,2018,152.4529112
int_elec_mark,ME,2019,152.4529112
int_elec_mark,ME,2020,152.4529112
int_elec_mark,ME,2021,152.4529112
int_elec_mark,ME,2022,152.4529112
int_elec_mark,ME,2023,152.4529112
int_elec_mark,ME,2024,152.4529112
int_elec_mark,ME,2025,156.4670962
int_elec_mark,ME,2026,140.468694
int_elec_mark,ME,2027,117.5725608
int_elec_mark,ME,2028,114.9362552
int_elec_mark,ME,2029,113.050005
int_elec_mark,ME,2030,113.0638949
int_elec_mark,ME,2031,112.6083057
int_elec_mark,ME,2032,115.7918739
int_elec_mark,ME,2033,121.8895458
int_elec_mark,ME,2034,122.020111
int_elec_mark,ME,2035,121.9062137
int_elec_mark,ME,2036,121.2506098
int_elec_mark,ME,2037,121.4422906
int_elec_mark,ME,2038,120.5616701
int_elec_mark,ME,2039,119.9255121
int_elec_mark,ME,2040,119.2171265
int_elec_mark,ME,2041,119.7449432
int_elec_mark,ME,2042,120.6533435
int_elec_mark,ME,2043,120.7783528
int_elec_mark,ME,2044,120.8339124
int_elec_mark,ME,2045,121.4589585
int_elec_mark,ME,2046,122.82017
int_elec_mark,ME,2047,123.7396823
int_elec_mark,ME,2048,124.1841595
int_elec_mark,ME,2049,124.4675138
int_elec_mark,ME,2050,124.8758772
int_elec_mark,voluntary,2010,81.94950505
int_elec_mark,voluntary,2011,81.94950505
int_elec_mark,voluntary,2012,81.94950505
int_elec_mark,voluntary,2013,81.94950505
int_elec_mark,voluntary,2014,81.94950505
int_elec_mark,voluntary,2015,81.94950505
int_elec_mark,voluntary,2016,81.94950505
int_elec_mark,voluntary,2017,81.94950505
int_elec_mark,voluntary,2018,81.94950505
int_elec_mark,voluntary,2019,81.94950505
int_elec_mark,voluntary,2020,81.94950505
int_elec_mark,voluntary,2021,81.94950505
int_elec_mark,voluntary,2022,81.94950505
int_elec_mark,voluntary,2023,81.94950505
int_elec_mark,voluntary,2024,81.94950505
int_elec_mark,voluntary,2025,81.25043728
int_elec_mark,voluntary,2026,74.0884507
int_elec_mark,voluntary,2027,68.33571158
int_elec_mark,voluntary,2028,67.59798355
int_elec_mark,voluntary,2029,67.99170472
int_elec_mark,voluntary,2030,68.66901162
int_elec_mark,voluntary,2031,69.61479897
int_elec_mark,voluntary,2032,71.05807672
int_elec_mark,voluntary,2033,73.12472221
int_elec_mark,voluntary,2034,73.18520121
int_elec_mark,voluntary,2035,73.0142974
int_elec_mark,voluntary,2036,72.38722568
int_elec_mark,voluntary,2037,71.94257483
int_elec_mark,voluntary,2038,71.32372132
int_elec_mark,voluntary,2039,70.83317588
int_elec_mark,voluntary,2040,70.64982902
int_elec_mark,voluntary,2041,70.98243457
int_elec_mark,voluntary,2042,71.45660149
int_elec_mark,voluntary,2043,71.83602762
int_elec_mark,voluntary,2044,72.28281984
int_elec_mark,voluntary,2045,73.05504114
int_elec_mark,voluntary,2046,73.85400054
int_elec_mark,voluntary,2047,74.11964513
int_elec_mark,voluntary,2048,74.19453491
int_elec_mark,voluntary,2049,74.24992094
int_elec_mark,voluntary,2050,74.10563947
int_elec_self,id,2010,68.53561058
int_elec_self,id,2011,68.53561058
int_elec_self,id,2012,68.53561058
int_elec_self,id,2013,68.53561058
int_elec_self,id,2014,68.53561058
int_elec_self,id,2015,68.53561058
int_elec_self,id,2016,68.53561058
int_elec_self,id,2017,68.53561058
int_elec_self,id,2018,68.53561058
int_elec_self,id,2019,68.53561058
int_elec_self,id,2020,68.53561058
int_elec_self,id,2021,68.53561058
int_elec_self,id,2022,68.53561058
int_elec_self,id,2023,68.53561058
int_elec_self,id,2024,68.53561058
int_elec_self,id,2025,68.04946361
int_elec_self,id,2026,64.51031368
int_elec_self,id,2027,62.86296996
int_elec_self,id,2028,62.13236051
int_elec_self,id,2029,62.64350933
int_elec_self,id,2030,62.97964523
int_elec_self,id,2031,62.71295889
int_elec_self,id,2032,64.09361628
int_elec_self,id,2033,64.31863288
int_elec_self,id,2034,63.68525283
int_elec_self,id,2035,63.32967105
int_elec_self,id,2036,63.20743981
int_elec_self,id,2037,63.13521226
int_elec_self,id,2038,62.9046397
int_elec_self,id,2039,63.21855174
int_elec_self,id,2040,63.46301421
int_elec_self,id,2041,63.62969318
int_elec_self,id,2042,63.87137767
int_elec_self,id,2043,64.17417778
int_elec_self,id,2044,65.02979644
int_elec_self,id,2045,65.51316543
int_elec_self,id,2046,65.60761684
int_elec_self,id,2047,65.62428474
int_elec_self,id,2048,65.50760946
int_elec_self,id,2049,65.30481673
int_elec_self,id,2050,65.28537085
int_elec_self,WA,2010,128.1955665
int_elec_self,WA,2011,128.1955665
int_elec_self,WA,2012,128.1955665
int_elec_self,WA,2013,128.1955665
int_elec_self,WA,2014,128.1955665
int_elec_self,WA,2015,128.1955665
int_elec_self,WA,2016,128.1955665
int_elec_self,WA,2017,128.1955665
int_elec_self,WA,2018,128.1955665
int_elec_self,WA,2019,128.1955665
int_elec_self,WA,2020,128.1955665
int_elec_self,WA,2021,128.1955665
int_elec_self,WA,2022,128.1955665
int_elec_self,WA,2023,128.1955665
int_elec_self,WA,2024,128.1955665
int_elec_self,WA,2025,122.8785077
int_elec_self,WA,2026,95.42926086
int_elec_self,WA,2027,85.27573418
int_elec_self,WA,2028,83.06168199
int_elec_self,WA,2029,84.02841996
int_elec_self,WA,2030,85.41185533
int_elec_self,WA,2031,87.6620213
int_elec_self,WA,2032,88.83432999
int_elec_self,WA,2033,89.36492468
int_elec_self,WA,2034,89.2649173
int_elec_self,WA,2035,89.50382381
int_elec_self,WA,2036,88.992675
int_elec_self,WA,2037,88.74543454
int_elec_self,WA,2038,88.25373161
int_elec_self,WA,2039,87.04253116
int_elec_self,WA,2040,86.29525382
int_elec_self,WA,2041,86.37303734
int_elec_self,WA,2042,86.60083192
int_elec_self,WA,2043,87.04253116
int_elec_self,WA,2044,87.06475502
int_elec_self,WA,2045,87.37588908
int_elec_self,WA,2046,87.93981957
int_elec_self,WA,2047,88.12872239
int_elec_self,WA,2048,88.0148251
int_elec_self,WA,2049,89.20380168
int_elec_self,WA,2050,90.16498369
int_elec_self,OR,2010,128.1955665
int_elec_self,OR,2011,128.1955665
int_elec_self,OR,2012,128.1955665
int_elec_self,OR,2013,128.1955665
int_elec_self,OR,2014,128.1955665
int_elec_self,OR,2015,128.1955665
int_elec_self,OR,2016,128.1955665
int_elec_self,OR,2017,128.1955665
int_elec_self,OR,2018,128.1955665
int_elec_self,OR,2019,128.1955665
int_elec_self,OR,2020,128.1955665
int_elec_self,OR,2021,128.1955665
int_elec_self,OR,2022,128.1955665
int_elec_self,OR,2023,128.1955665
int_elec_self,OR,2024,128.1955665
int_elec_self,OR,2025,122.8785077
int_elec_self,OR,2026,95.42926086
int_elec_self,OR,2027,85.27573418
int_elec_self,OR,2028,83.06168199
int_elec_self,OR,2029,84.02841996
int_elec_self,OR,2030,85.41185533
int_elec_self,OR,2031,87.6620213
int_elec_self,OR,2032,88.83432999
int_elec_self,OR,2033,89.36492468
int_elec_self,OR,2034,89.2649173
int_elec_self,OR,2035,89.50382381
int_elec_self,OR,2036,88.992675
int_elec_self,OR,2037,88.74543454
int_elec_self,OR,2038,88.25373161
int_elec_self,OR,2039,87.04253116
int_elec_self,OR,2040,86.29525382
int_elec_self,OR,2041,86.37303734
int_elec_self,OR,2042,86.60083192
int_elec_self,OR,2043,87.04253116
int_elec_self,OR,2044,87.06475502
int_elec_self,OR,2045,87.37588908
int_elec_self,OR,2046,87.93981957
int_elec_self,OR,2047,88.12872239
int_elec_self,OR,2048,88.0148251
int_elec_self,OR,2049,89.20380168
int_elec_self,OR,2050,90.16498369
int_elec_self,CA,2010,128.1955665
int_elec_self,CA,2011,128.1955665
int_elec_self,CA,2012,128.1955665
int_elec_self,CA,2013,128.1955665
int_elec_self,CA,2014,128.1955665
int_elec_self,CA,2015,128.1955665
int_elec_self,CA,2016,128.1955665
int_elec_self,CA,2017,128.1955665
int_elec_self,CA,2018,128.1955665
int_elec_self,CA,2019,128.1955665
int_elec_self,CA,2020,128.1955665
int_elec_self,CA,2021,128.1955665
int_elec_self,CA,2022,128.1955665
int_elec_self,CA,2023,128.1955665
int_elec_self,CA,2024,128.1955665
int_elec_self,CA,2025,122.8785077
int_elec_self,CA,2026,95.42926086
int_elec_self,CA,2027,85.27573418
int_elec_self,CA,2028,83.06168199
int_elec_self,CA,2029,84.02841996
int_elec_self,CA,2030,85.41185533
int_elec_self,CA,2031,87.6620213
int_elec_self,CA,2032,88.83432999
int_elec_self,CA,2033,89.36492468
int_elec_self,CA,2034,89.2649173
int_elec_self,CA,2035,89.50382381
int_elec_self,CA,2036,88.992675
int_elec_self,CA,2037,88.74543454
int_elec_self,CA,2038,88.25373161
int_elec_self,CA,2039,87.04253116
int_elec_self,CA,2040,86.29525382
int_elec_self,CA,2041,86.37303734
int_elec_self,CA,2042,86.60083192
int_elec_self,CA,2043,87.04253116
int_elec_self,CA,2044,87.06475502
int_elec_self,CA,2045,87.37588908
int_elec_self,CA,2046,87.93981957
int_elec_self,CA,2047,88.12872239
int_elec_self,CA,2048,88.0148251
int_elec_self,CA,2049,89.20380168
int_elec_self,CA,2050,90.16498369
int_elec_self,NV,2010,68.53561058
int_elec_self,NV,2011,68.53561058
int_elec_self,NV,2012,68.53561058
int_elec_self,NV,2013,68.53561058
int_elec_self,NV,2014,68.53561058
int_elec_self,NV,2015,68.53561058
int_elec_self,NV,2016,68.53561058
int_elec_self,NV,2017,68.53561058
int_elec_self,NV,2018,68.53561058
int_elec_self,NV,2019,68.53561058
int_elec_self,NV,2020,68.53561058
int_elec_self,NV,2021,68.53561058
int_elec_self,NV,2022,68.53561058
int_elec_self,NV,2023,68.53561058
int_elec_self,NV,2024,68.53561058
int_elec_self,NV,2025,68.04946361
int_elec_self,NV,2026,64.51031368
int_elec_self,NV,2027,62.86296996
int_elec_self,NV,2028,62.13236051
int_elec_self,NV,2029,62.64350933
int_elec_self,NV,2030,62.97964523
int_elec_self,NV,2031,62.71295889
int_elec_self,NV,2032,64.09361628
int_elec_self,NV,2033,64.31863288
int_elec_self,NV,2034,63.68525283
int_elec_self,NV,2035,63.32967105
int_elec_self,NV,2036,63.20743981
int_elec_self,NV,2037,63.13521226
int_elec_self,NV,2038,62.9046397
int_elec_self,NV,2039,63.21855174
int_elec_self,NV,2040,63.46301421
int_elec_self,NV,2041,63.62969318
int_elec_self,NV,2042,63.87137767
int_elec_self,NV,2043,64.17417778
int_elec_self,NV,2044,65.02979644
int_elec_self,NV,2045,65.51316543
int_elec_self,NV,2046,65.60761684
int_elec_self,NV,2047,65.62428474
int_elec_self,NV,2048,65.50760946
int_elec_self,NV,2049,65.30481673
int_elec_self,NV,2050,65.28537085
int_elec_self,MT,2010,67.34385601
int_elec_self,MT,2011,67.34385601
int_elec_self,MT,2012,67.34385601
int_elec_self,MT,2013,67.34385601
int_elec_self,MT,2014,67.34385601
int_elec_self,MT,2015,67.34385601
int_elec_self,MT,2016,67.34385601
int_elec_self,MT,2017,67.34385601
int_elec_self,MT,2018,67.34385601
int_elec_self,MT,2019,67.34385601
int_elec_self,MT,2020,67.34385601
int_elec_self,MT,2021,67.34385601
int_elec_self,MT,2022,67.34385601
int_elec_self,MT,2023,67.34385601
int_elec_self,MT,2024,67.34385601
int_elec_self,MT,2025,66.73408882
int_elec_self,MT,2026,63.34772793
int_elec_self,MT,2027,62.02957515
int_elec_self,MT,2028,61.63649061
int_elec_self,MT,2029,62.14625043
int_elec_self,MT,2030,63.03937186
int_elec_self,MT,2031,63.71581064
int_elec_self,MT,2032,65.20758733
int_elec_self,MT,2033,65.79235269
int_elec_self,MT,2034,65.10202399
int_elec_self,MT,2035,64.2033466
int_elec_self,MT,2036,63.83943087
int_elec_self,MT,2037,63.56579957
int_elec_self,MT,2038,63.23244165
int_elec_self,MT,2039,63.5769115
int_elec_self,MT,2040,63.64913905
int_elec_self,MT,2041,64.06583646
int_elec_self,MT,2042,64.2352934
int_elec_self,MT,2043,64.33668977
int_elec_self,MT,2044,64.59643115
int_elec_self,MT,2045,65.53122232
int_elec_self,MT,2046,65.84513436
int_elec_self,MT,2047,65.7576279
int_elec_self,MT,2048,65.55622416
int_elec_self,MT,2049,65.36176537
int_elec_self,MT,2050,65.23675615
int_elec_self,WY,2010,68.53561058
int_elec_self,WY,2011,68.53561058
int_elec_self,WY,2012,68.53561058
int_elec_self,WY,2013,68.53561058
int_elec_self,WY,2014,68.53561058
int_elec_self,WY,2015,68.53561058
int_elec_self,WY,2016,68.53561058
int_elec_self,WY,2017,68.53561058
int_elec_self,WY,2018,68.53561058
int_elec_self,WY,2019,68.53561058
int_elec_self,WY,2020,68.53561058
int_elec_self,WY,2021,68.53561058
int_elec_self,WY,2022,68.53561058
int_elec_self,WY,2023,68.53561058
int_elec_self,WY,2024,68.53561058
int_elec_self,WY,2025,68.04946361
int_elec_self,WY,2026,64.51031368
int_elec_self,WY,2027,62.86296996
int_elec_self,WY,2028,62.13236051
int_elec_self,WY,2029,62.64350933
int_elec_self,WY,2030,62.97964523
int_elec_self,WY,2031,62.71295889
int_elec_self,WY,2032,64.09361628
int_elec_self,WY,2033,64.31863288
int_elec_self,WY,2034,63.68525283
int_elec_self,WY,2035,63.32967105
int_elec_self,WY,2036,63.20743981
int_elec_self,WY,2037,63.13521226
int_elec_self,WY,2038,62.9046397
int_elec_self,WY,2039,63.21855174
int_elec_self,WY,2040,63.46301421
int_elec_self,WY,2041,63.62969318
int_elec_self,WY,2042,63.87137767
int_elec_self,WY,2043,64.17417778
int_elec_self,WY,2044,65.02979644
int_elec_self,WY,2045,65.51316543
int_elec_self,WY,2046,65.60761684
int_elec_self,WY,2047,65.62428474
int_elec_self,WY,2048,65.50760946
int_elec_self,WY,2049,65.30481673
int_elec_self,WY,2050,65.28537085
int_elec_self,UT,2010,68.53561058
int_elec_self,UT,2011,68.53561058
int_elec_self,UT,2012,68.53561058
int_elec_self,UT,2013,68.53561058
int_elec_self,UT,2014,68.53561058
int_elec_self,UT,2015,68.53561058
int_elec_self,UT,2016,68.53561058
int_elec_self,UT,2017,68.53561058
int_elec_self,UT,2018,68.53561058
int_elec_self,UT,2019,68.53561058
int_elec_self,UT,2020,68.53561058
int_elec_self,UT,2021,68.53561058
int_elec_self,UT,2022,68.53561058
int_elec_self,UT,2023,68.53561058
int_elec_self,UT,2024,68.53561058
int_elec_self,UT,2025,68.04946361
int_elec_self,UT,2026,64.51031368
int_elec_self,UT,2027,62.86296996
int_elec_self,UT,2028,62.13236051
int_elec_self,UT,2029,62.64350933
int_elec_self,UT,2030,62.97964523
int_elec_self,UT,2031,62.71295889
int_elec_self,UT,2032,64.09361628
int_elec_self,UT,2033,64.31863288
int_elec_self,UT,2034,63.68525283
int_elec_self,UT,2035,63.32967105
int_elec_self,UT,2036,63.20743981
int_elec_self,UT,2037,63.13521226
int_elec_self,UT,2038,62.9046397
int_elec_self,UT,2039,63.21855174
int_elec_self,UT,2040,63.46301421
int_elec_self,UT,2041,63.62969318
int_elec_self,UT,2042,63.87137767
int_elec_self,UT,2043,64.17417778
int_elec_self,UT,2044,65.02979644
int_elec_self,UT,2045,65.51316543
int_elec_self,UT,2046,65.60761684
int_elec_self,UT,2047,65.62428474
int_elec_self,UT,2048,65.50760946
int_elec_self,UT,2049,65.30481673
int_elec_self,UT,2050,65.28537085
int_elec_self,AZ,2010,68.53561058
int_elec_self,AZ,2011,68.53561058
int_elec_self,AZ,2012,68.53561058
int_elec_self,AZ,2013,68.53561058
int_elec_self,AZ,2014,68.53561058
int_elec_self,AZ,2015,68.53561058
int_elec_self,AZ,2016,68.53561058
int_elec_self,AZ,2017,68.53561058
int_elec_self,AZ,2018,68.53561058
int_elec_self,AZ,2019,68.53561058
int_elec_self,AZ,2020,68.53561058
int_elec_self,AZ,2021,68.53561058
int_elec_self,AZ,2022,68.53561058
int_elec_self,AZ,2023,68.53561058
int_elec_self,AZ,2024,68.53561058
int_elec_self,AZ,2025,68.04946361
int_elec_self,AZ,2026,64.51031368
int_elec_self,AZ,2027,62.86296996
int_elec_self,AZ,2028,62.13236051
int_elec_self,AZ,2029,62.64350933
int_elec_self,AZ,2030,62.97964523
int_elec_self,AZ,2031,62.71295889
int_elec_self,AZ,2032,64.09361628
int_elec_self,AZ,2033,64.31863288
int_elec_self,AZ,2034,63.68525283
int_elec_self,AZ,2035,63.32967105
int_elec_self,AZ,2036,63.20743981
int_elec_self,AZ,2037,63.13521226
int_elec_self,AZ,2038,62.9046397
int_elec_self,AZ,2039,63.21855174
int_elec_self,AZ,2040,63.46301421
int_elec_self,AZ,2041,63.62969318
int_elec_self,AZ,2042,63.87137767
int_elec_self,AZ,2043,64.17417778
int_elec_self,AZ,2044,65.02979644
int_elec_self,AZ,2045,65.51316543
int_elec_self,AZ,2046,65.60761684
int_elec_self,AZ,2047,65.62428474
int_elec_self,AZ,2048,65.50760946
int_elec_self,AZ,2049,65.30481673
int_elec_self,AZ,2050,65.28537085
int_elec_self,NM,2010,63.43523439
int_elec_self,NM,2011,63.43523439
int_elec_self,NM,2012,63.43523439
int_elec_self,NM,2013,63.43523439
int_elec_self,NM,2014,63.43523439
int_elec_self,NM,2015,63.43523439
int_elec_self,NM,2016,63.43523439
int_elec_self,NM,2017,63.43523439
int_elec_self,NM,2018,63.43523439
int_elec_self,NM,2019,63.43523439
int_elec_self,NM,2020,63.43523439
int_elec_self,NM,2021,63.43523439
int_elec_self,NM,2022,63.43523439
int_elec_self,NM,2023,63.43523439
int_elec_self,NM,2024,63.43523439
int_elec_self,NM,2025,63.02687093
int_elec_self,NM,2026,59.60300729
int_elec_self,NM,2027,57.3889551
int_elec_self,NM,2028,57.10560086
int_elec_self,NM,2029,58.45292246
int_elec_self,NM,2030,59.37243473
int_elec_self,NM,2031,60.34472866
int_elec_self,NM,2032,61.68093833
int_elec_self,NM,2033,62.96714431
int_elec_self,NM,2034,62.94630944
int_elec_self,NM,2035,62.24903579
int_elec_self,NM,2036,60.77253799
int_elec_self,NM,2037,59.10991536
int_elec_self,NM,2038,58.84045104
int_elec_self,NM,2039,58.98490614
int_elec_self,NM,2040,59.53911369
int_elec_self,NM,2041,59.96275604
int_elec_self,NM,2042,60.38917638
int_elec_self,NM,2043,60.66419667
int_elec_self,NM,2044,61.2045143
int_elec_self,NM,2045,62.06152196
int_elec_self,NM,2046,62.91019566
int_elec_self,NM,2047,63.50746194
int_elec_self,NM,2048,63.99777588
int_elec_self,NM,2049,64.01444378
int_elec_self,NM,2050,63.23383064
int_elec_self,SD,2010,67.34385601
int_elec_self,SD,2011,67.34385601
int_elec_self,SD,2012,67.34385601
int_elec_self,SD,2013,67.34385601
int_elec_self,SD,2014,67.34385601
int_elec_self,SD,2015,67.34385601
int_elec_self,SD,2016,67.34385601
int_elec_self,SD,2017,67.34385601
int_elec_self,SD,2018,67.34385601
int_elec_self,SD,2019,67.34385601
int_elec_self,SD,2020,67.34385601
int_elec_self,SD,2021,67.34385601
int_elec_self,SD,2022,67.34385601
int_elec_self,SD,2023,67.34385601
int_elec_self,SD,2024,67.34385601
int_elec_self,SD,2025,66.73408882
int_elec_self,SD,2026,63.34772793
int_elec_self,SD,2027,62.02957515
int_elec_self,SD,2028,61.63649061
int_elec_self,SD,2029,62.14625043
int_elec_self,SD,2030,63.03937186
int_elec_self,SD,2031,63.71581064
int_elec_self,SD,2032,65.20758733
int_elec_self,SD,2033,65.79235269
int_elec_self,SD,2034,65.10202399
int_elec_self,SD,2035,64.2033466
int_elec_self,SD,2036,63.83943087
int_elec_self,SD,2037,63.56579957
int_elec_self,SD,2038,63.23244165
int_elec_self,SD,2039,63.5769115
int_elec_self,SD,2040,63.64913905
int_elec_self,SD,2041,64.06583646
int_elec_self,SD,2042,64.2352934
int_elec_self,SD,2043,64.33668977
int_elec_self,SD,2044,64.59643115
int_elec_self,SD,2045,65.53122232
int_elec_self,SD,2046,65.84513436
int_elec_self,SD,2047,65.7576279
int_elec_self,SD,2048,65.55622416
int_elec_self,SD,2049,65.36176537
int_elec_self,SD,2050,65.23675615
int_elec_self,CO,2010,68.53561058
int_elec_self,CO,2011,68.53561058
int_elec_self,CO,2012,68.53561058
int_elec_self,CO,2013,68.53561058
int_elec_self,CO,2014,68.53561058
int_elec_self,CO,2015,68.53561058
int_elec_self,CO,2016,68.53561058
int_elec_self,CO,2017,68.53561058
int_elec_self,CO,2018,68.53561058
int_elec_self,CO,2019,68.53561058
int_elec_self,CO,2020,68.53561058
int_elec_self,CO,2021,68.53561058
int_elec_self,CO,2022,68.53561058
int_elec_self,CO,2023,68.53561058
int_elec_self,CO,2024,68.53561058
int_elec_self,CO,2025,68.04946361
int_elec_self,CO,2026,64.51031368
int_elec_self,CO,2027,62.86296996
int_elec_self,CO,2028,62.13236051
int_elec_self,CO,2029,62.64350933
int_elec_self,CO,2030,62.97964523
int_elec_self,CO,2031,62.71295889
int_elec_self,CO,2032,64.09361628
int_elec_self,CO,2033,64.31863288
int_elec_self,CO,2034,63.68525283
int_elec_self,CO,2035,63.32967105
int_elec_self,CO,2036,63.20743981
int_elec_self,CO,2037,63.13521226
int_elec_self,CO,2038,62.9046397
int_elec_self,CO,2039,63.21855174
int_elec_self,CO,2040,63.46301421
int_elec_self,CO,2041,63.62969318
int_elec_self,CO,2042,63.87137767
int_elec_self,CO,2043,64.17417778
int_elec_self,CO,2044,65.02979644
int_elec_self,CO,2045,65.51316543
int_elec_self,CO,2046,65.60761684
int_elec_self,CO,2047,65.62428474
int_elec_self,CO,2048,65.50760946
int_elec_self,CO,2049,65.30481673
int_elec_self,CO,2050,65.28537085
int_elec_self,ND,2010,66.15210144
int_elec_self,ND,2011,66.15210144
int_elec_self,ND,2012,66.15210144
int_elec_self,ND,2013,66.15210144
int_elec_self,ND,2014,66.15210144
int_elec_self,ND,2015,66.15210144
int_elec_self,ND,2016,66.15210144
int_elec_self,ND,2017,66.15210144
int_elec_self,ND,2018,66.15210144
int_elec_self,ND,2019,66.15210144
int_elec_self,ND,2020,66.15210144
int_elec_self,ND,2021,66.15210144
int_elec_self,ND,2022,66.15210144
int_elec_self,ND,2023,66.15210144
int_elec_self,ND,2024,66.15210144
int_elec_self,ND,2025,65.41871402
int_elec_self,ND,2026,62.18514218
int_elec_self,ND,2027,61.19618035
int_elec_self,ND,2028,61.1406207
int_elec_self,ND,2029,61.64899153
int_elec_self,ND,2030,63.09909848
int_elec_self,ND,2031,64.71866238
int_elec_self,ND,2032,66.32155839
int_elec_self,ND,2033,67.2660725
int_elec_self,ND,2034,66.51879516
int_elec_self,ND,2035,65.07702215
int_elec_self,ND,2036,64.47142193
int_elec_self,ND,2037,63.99638689
int_elec_self,ND,2038,63.56024361
int_elec_self,ND,2039,63.93527127
int_elec_self,ND,2040,63.83526389
int_elec_self,ND,2041,64.50197974
int_elec_self,ND,2042,64.59920913
int_elec_self,ND,2043,64.49920175
int_elec_self,ND,2044,64.16306585
int_elec_self,ND,2045,65.5492792
int_elec_self,ND,2046,66.08265188
int_elec_self,ND,2047,65.89097107
int_elec_self,ND,2048,65.60483886
int_elec_self,ND,2049,65.41871402
int_elec_self,ND,2050,65.18814146
int_elec_self,NE,2010,66.15210144
int_elec_self,NE,2011,66.15210144
int_elec_self,NE,2012,66.15210144
int_elec_self,NE,2013,66.15210144
int_elec_self,NE,2014,66.15210144
int_elec_self,NE,2015,66.15210144
int_elec_self,NE,2016,66.15210144
int_elec_self,NE,2017,66.15210144
int_elec_self,NE,2018,66.15210144
int_elec_self,NE,2019,66.15210144
int_elec_self,NE,2020,66.15210144
int_elec_self,NE,2021,66.15210144
int_elec_self,NE,2022,66.15210144
int_elec_self,NE,2023,66.15210144
int_elec_self,NE,2024,66.15210144
int_elec_self,NE,2025,65.41871402
int_elec_self,NE,2026,62.18514218
int_elec_self,NE,2027,61.19618035
int_elec_self,NE,2028,61.1406207
int_elec_self,NE,2029,61.64899153
int_elec_self,NE,2030,63.09909848
int_elec_self,NE,2031,64.71866238
int_elec_self,NE,2032,66.32155839
int_elec_self,NE,2033,67.2660725
int_elec_self,NE,2034,66.51879516
int_elec_self,NE,2035,65.07702215
int_elec_self,NE,2036,64.47142193
int_elec_self,NE,2037,63.99638689
int_elec_self,NE,2038,63.56024361
int_elec_self,NE,2039,63.93527127
int_elec_self,NE,2040,63.83526389
int_elec_self,NE,2041,64.50197974
int_elec_self,NE,2042,64.59920913
int_elec_self,NE,2043,64.49920175
int_elec_self,NE,2044,64.16306585
int_elec_self,NE,2045,65.5492792
int_elec_self,NE,2046,66.08265188
int_elec_self,NE,2047,65.89097107
int_elec_self,NE,2048,65.60483886
int_elec_self,NE,2049,65.41871402
int_elec_self,NE,2050,65.18814146
int_elec_self,MN,2010,66.15210144
int_elec_self,MN,2011,66.15210144
int_elec_self,MN,2012,66.15210144
int_elec_self,MN,2013,66.15210144
int_elec_self,MN,2014,66.15210144
int_elec_self,MN,2015,66.15210144
int_elec_self,MN,2016,66.15210144
int_elec_self,MN,2017,66.15210144
int_elec_self,MN,2018,66.15210144
int_elec_self,MN,2019,66.15210144
int_elec_self,MN,2020,66.15210144
int_elec_self,MN,2021,66.15210144
int_elec_self,MN,2022,66.15210144
int_elec_self,MN,2023,66.15210144
int_elec_self,MN,2024,66.15210144
int_elec_self,MN,2025,65.41871402
int_elec_self,MN,2026,62.18514218
int_elec_self,MN,2027,61.19618035
int_elec_self,MN,2028,61.1406207
int_elec_self,MN,2029,61.64899153
int_elec_self,MN,2030,63.09909848
int_elec_self,MN,2031,64.71866238
int_elec_self,MN,2032,66.32155839
int_elec_self,MN,2033,67.2660725
int_elec_self,MN,2034,66.51879516
int_elec_self,MN,2035,65.07702215
int_elec_self,MN,2036,64.47142193
int_elec_self,MN,2037,63.99638689
int_elec_self,MN,2038,63.56024361
int_elec_self,MN,2039,63.93527127
int_elec_self,MN,2040,63.83526389
int_elec_self,MN,2041,64.50197974
int_elec_self,MN,2042,64.59920913
int_elec_self,MN,2043,64.49920175
int_elec_self,MN,2044,64.16306585
int_elec_self,MN,2045,65.5492792
int_elec_self,MN,2046,66.08265188
int_elec_self,MN,2047,65.89097107
int_elec_self,MN,2048,65.60483886
int_elec_self,MN,2049,65.41871402
int_elec_self,MN,2050,65.18814146
int_elec_self,IA,2010,66.15210144
int_elec_self,IA,2011,66.15210144
int_elec_self,IA,2012,66.15210144
int_elec_self,IA,2013,66.15210144
int_elec_self,IA,2014,66.15210144
int_elec_self,IA,2015,66.15210144
int_elec_self,IA,2016,66.15210144
int_elec_self,IA,2017,66.15210144
int_elec_self,IA,2018,66.15210144
int_elec_self,IA,2019,66.15210144
int_elec_self,IA,2020,66.15210144
int_elec_self,IA,2021,66.15210144
int_elec_self,IA,2022,66.15210144
int_elec_self,IA,2023,66.15210144
int_elec_self,IA,2024,66.15210144
int_elec_self,IA,2025,65.41871402
int_elec_self,IA,2026,62.18514218
int_elec_self,IA,2027,61.19618035
int_elec_self,IA,2028,61.1406207
int_elec_self,IA,2029,61.64899153
int_elec_self,IA,2030,63.09909848
int_elec_self,IA,2031,64.71866238
int_elec_self,IA,2032,66.32155839
int_elec_self,IA,2033,67.2660725
int_elec_self,IA,2034,66.51879516
int_elec_self,IA,2035,65.07702215
int_elec_self,IA,2036,64.47142193
int_elec_self,IA,2037,63.99638689
int_elec_self,IA,2038,63.56024361
int_elec_self,IA,2039,63.93527127
int_elec_self,IA,2040,63.83526389
int_elec_self,IA,2041,64.50197974
int_elec_self,IA,2042,64.59920913
int_elec_self,IA,2043,64.49920175
int_elec_self,IA,2044,64.16306585
int_elec_self,IA,2045,65.5492792
int_elec_self,IA,2046,66.08265188
int_elec_self,IA,2047,65.89097107
int_elec_self,IA,2048,65.60483886
int_elec_self,IA,2049,65.41871402
int_elec_self,IA,2050,65.18814146
int_elec_self,WI,2010,71.79140628
int_elec_self,WI,2011,71.79140628
int_elec_self,WI,2012,71.79140628
int_elec_self,WI,2013,71.79140628
int_elec_self,WI,2014,71.79140628
int_elec_self,WI,2015,71.79140628
int_elec_self,WI,2016,71.79140628
int_elec_self,WI,2017,71.79140628
int_elec_self,WI,2018,71.79140628
int_elec_self,WI,2019,71.79140628
int_elec_self,WI,2020,71.79140628
int_elec_self,WI,2021,71.79140628
int_elec_self,WI,2022,71.79140628
int_elec_self,WI,2023,71.79140628
int_elec_self,WI,2024,71.79140628
int_elec_self,WI,2025,71.08024271
int_elec_self,WI,2026,66.19654917
int_elec_self,WI,2027,62.42682668
int_elec_self,WI,2028,61.92123383
int_elec_self,WI,2029,62.87130391
int_elec_self,WI,2030,63.79637214
int_elec_self,WI,2031,65.48816359
int_elec_self,WI,2032,65.84930133
int_elec_self,WI,2033,67.90500851
int_elec_self,WI,2034,67.46053128
int_elec_self,WI,2035,66.47156945
int_elec_self,WI,2036,64.48808982
int_elec_self,WI,2037,63.99638689
int_elec_self,WI,2038,62.81852223
int_elec_self,WI,2039,61.28785378
int_elec_self,WI,2040,60.34611765
int_elec_self,WI,2041,60.17666071
int_elec_self,WI,2042,60.15721483
int_elec_self,WI,2043,59.809967
int_elec_self,WI,2044,59.66828988
int_elec_self,WI,2045,60.0822093
int_elec_self,WI,2046,60.4183452
int_elec_self,WI,2047,60.20166255
int_elec_self,WI,2048,60.68780952
int_elec_self,WI,2049,61.09339499
int_elec_self,WI,2050,61.13228675
int_elec_self,TX,2010,63.43523439
int_elec_self,TX,2011,63.43523439
int_elec_self,TX,2012,63.43523439
int_elec_self,TX,2013,63.43523439
int_elec_self,TX,2014,63.43523439
int_elec_self,TX,2015,63.43523439
int_elec_self,TX,2016,63.43523439
int_elec_self,TX,2017,63.43523439
int_elec_self,TX,2018,63.43523439
int_elec_self,TX,2019,63.43523439
int_elec_self,TX,2020,63.43523439
int_elec_self,TX,2021,63.43523439
int_elec_self,TX,2022,63.43523439
int_elec_self,TX,2023,63.43523439
int_elec_self,TX,2024,63.43523439
int_elec_self,TX,2025,63.02687093
int_elec_self,TX,2026,59.60300729
int_elec_self,TX,2027,57.3889551
int_elec_self,TX,2028,57.10560086
int_elec_self,TX,2029,58.45292246
int_elec_self,TX,2030,59.37243473
int_elec_self,TX,2031,60.34472866
int_elec_self,TX,2032,61.68093833
int_elec_self,TX,2033,62.96714431
int_elec_self,TX,2034,62.94630944
int_elec_self,TX,2035,62.24903579
int_elec_self,TX,2036,60.77253799
int_elec_self,TX,2037,59.10991536
int_elec_self,TX,2038,58.84045104
int_elec_self,TX,2039,58.98490614
int_elec_self,TX,2040,59.53911369
int_elec_self,TX,2041,59.96275604
int_elec_self,TX,2042,60.38917638
int_elec_self,TX,2043,60.66419667
int_elec_self,TX,2044,61.2045143
int_elec_self,TX,2045,62.06152196
int_elec_self,TX,2046,62.91019566
int_elec_self,TX,2047,63.50746194
int_elec_self,TX,2048,63.99777588
int_elec_self,TX,2049,64.01444378
int_elec_self,TX,2050,63.23383064
int_elec_self,OK,2010,58.3348582
int_elec_self,OK,2011,58.3348582
int_elec_self,OK,2012,58.3348582
int_elec_self,OK,2013,58.3348582
int_elec_self,OK,2014,58.3348582
int_elec_self,OK,2015,58.3348582
int_elec_self,OK,2016,58.3348582
int_elec_self,OK,2017,58.3348582
int_elec_self,OK,2018,58.3348582
int_elec_self,OK,2019,58.3348582
int_elec_self,OK,2020,58.3348582
int_elec_self,OK,2021,58.3348582
int_elec_self,OK,2022,58.3348582
int_elec_self,OK,2023,58.3348582
int_elec_self,OK,2024,58.3348582
int_elec_self,OK,2025,58.00427826
int_elec_self,OK,2026,54.69570089
int_elec_self,OK,2027,51.91494023
int_elec_self,OK,2028,52.07884121
int_elec_self,OK,2029,54.26233559
int_elec_self,OK,2030,55.76522422
int_elec_self,OK,2031,57.97649843
int_elec_self,OK,2032,59.26826038
int_elec_self,OK,2033,61.61565574
int_elec_self,OK,2034,62.20736605
int_elec_self,OK,2035,61.16840053
int_elec_self,OK,2036,58.33763618
int_elec_self,OK,2037,55.08461847
int_elec_self,OK,2038,54.77626239
int_elec_self,OK,2039,54.75126055
int_elec_self,OK,2040,55.61521316
int_elec_self,OK,2041,56.29581891
int_elec_self,OK,2042,56.9069751
int_elec_self,OK,2043,57.15421556
int_elec_self,OK,2044,57.37923216
int_elec_self,OK,2045,58.60987848
int_elec_self,OK,2046,60.21277449
int_elec_self,OK,2047,61.39063914
int_elec_self,OK,2048,62.4879423
int_elec_self,OK,2049,62.72407082
int_elec_self,OK,2050,61.18229044
int_elec_self,KS,2010,66.15210144
int_elec_self,KS,2011,66.15210144
int_elec_self,KS,2012,66.15210144
int_elec_self,KS,2013,66.15210144
int_elec_self,KS,2014,66.15210144
int_elec_self,KS,2015,66.15210144
int_elec_self,KS,2016,66.15210144
int_elec_self,KS,2017,66.15210144
int_elec_self,KS,2018,66.15210144
int_elec_self,KS,2019,66.15210144
int_elec_self,KS,2020,66.15210144
int_elec_self,KS,2021,66.15210144
int_elec_self,KS,2022,66.15210144
int_elec_self,KS,2023,66.15210144
int_elec_self,KS,2024,66.15210144
int_elec_self,KS,2025,65.41871402
int_elec_self,KS,2026,62.18514218
int_elec_self,KS,2027,61.19618035
int_elec_self,KS,2028,61.1406207
int_elec_self,KS,2029,61.64899153
int_elec_self,KS,2030,63.09909848
int_elec_self,KS,2031,64.71866238
int_elec_self,KS,2032,66.32155839
int_elec_self,KS,2033,67.2660725
int_elec_self,KS,2034,66.51879516
int_elec_self,KS,2035,65.07702215
int_elec_self,KS,2036,64.47142193
int_elec_self,KS,2037,63.99638689
int_elec_self,KS,2038,63.56024361
int_elec_self,KS,2039,63.93527127
int_elec_self,KS,2040,63.83526389
int_elec_self,KS,2041,64.50197974
int_elec_self,KS,2042,64.59920913
int_elec_self,KS,2043,64.49920175
int_elec_self,KS,2044,64.16306585
int_elec_self,KS,2045,65.5492792
int_elec_self,KS,2046,66.08265188
int_elec_self,KS,2047,65.89097107
int_elec_self,KS,2048,65.60483886
int_elec_self,KS,2049,65.41871402
int_elec_self,KS,2050,65.18814146
int_elec_self,MO,2010,66.15210144
int_elec_self,MO,2011,66.15210144
int_elec_self,MO,2012,66.15210144
int_elec_self,MO,2013,66.15210144
int_elec_self,MO,2014,66.15210144
int_elec_self,MO,2015,66.15210144
int_elec_self,MO,2016,66.15210144
int_elec_self,MO,2017,66.15210144
int_elec_self,MO,2018,66.15210144
int_elec_self,MO,2019,66.15210144
int_elec_self,MO,2020,66.15210144
int_elec_self,MO,2021,66.15210144
int_elec_self,MO,2022,66.15210144
int_elec_self,MO,2023,66.15210144
int_elec_self,MO,2024,66.15210144
int_elec_self,MO,2025,65.41871402
int_elec_self,MO,2026,62.18514218
int_elec_self,MO,2027,61.19618035
int_elec_self,MO,2028,61.1406207
int_elec_self,MO,2029,61.64899153
int_elec_self,MO,2030,63.09909848
int_elec_self,MO,2031,64.71866238
int_elec_self,MO,2032,66.32155839
int_elec_self,MO,2033,67.2660725
int_elec_self,MO,2034,66.51879516
int_elec_self,MO,2035,65.07702215
int_elec_self,MO,2036,64.47142193
int_elec_self,MO,2037,63.99638689
int_elec_self,MO,2038,63.56024361
int_elec_self,MO,2039,63.93527127
int_elec_self,MO,2040,63.83526389
int_elec_self,MO,2041,64.50197974
int_elec_self,MO,2042,64.59920913
int_elec_self,MO,2043,64.49920175
int_elec_self,MO,2044,64.16306585
int_elec_self,MO,2045,65.5492792
int_elec_self,MO,2046,66.08265188
int_elec_self,MO,2047,65.89097107
int_elec_self,MO,2048,65.60483886
int_elec_self,MO,2049,65.41871402
int_elec_self,MO,2050,65.18814146
int_elec_self,AR,2010,58.3348582
int_elec_self,AR,2011,58.3348582
int_elec_self,AR,2012,58.3348582
int_elec_self,AR,2013,58.3348582
int_elec_self,AR,2014,58.3348582
int_elec_self,AR,2015,58.3348582
int_elec_self,AR,2016,58.3348582
int_elec_self,AR,2017,58.3348582
int_elec_self,AR,2018,58.3348582
int_elec_self,AR,2019,58.3348582
int_elec_self,AR,2020,58.3348582
int_elec_self,AR,2021,58.3348582
int_elec_self,AR,2022,58.3348582
int_elec_self,AR,2023,58.3348582
int_elec_self,AR,2024,58.3348582
int_elec_self,AR,2025,58.00427826
int_elec_self,AR,2026,54.69570089
int_elec_self,AR,2027,51.91494023
int_elec_self,AR,2028,52.07884121
int_elec_self,AR,2029,54.26233559
int_elec_self,AR,2030,55.76522422
int_elec_self,AR,2031,57.97649843
int_elec_self,AR,2032,59.26826038
int_elec_self,AR,2033,61.61565574
int_elec_self,AR,2034,62.20736605
int_elec_self,AR,2035,61.16840053
int_elec_self,AR,2036,58.33763618
int_elec_self,AR,2037,55.08461847
int_elec_self,AR,2038,54.77626239
int_elec_self,AR,2039,54.75126055
int_elec_self,AR,2040,55.61521316
int_elec_self,AR,2041,56.29581891
int_elec_self,AR,2042,56.9069751
int_elec_self,AR,2043,57.15421556
int_elec_self,AR,2044,57.37923216
int_elec_self,AR,2045,58.60987848
int_elec_self,AR,2046,60.21277449
int_elec_self,AR,2047,61.39063914
int_elec_self,AR,2048,62.4879423
int_elec_self,AR,2049,62.72407082
int_elec_self,AR,2050,61.18229044
int_elec_self,LA,2010,58.3348582
int_elec_self,LA,2011,58.3348582
int_elec_self,LA,2012,58.3348582
int_elec_self,LA,2013,58.3348582
int_elec_self,LA,2014,58.3348582
int_elec_self,LA,2015,58.3348582
int_elec_self,LA,2016,58.3348582
int_elec_self,LA,2017,58.3348582
int_elec_self,LA,2018,58.3348582
int_elec_self,LA,2019,58.3348582
int_elec_self,LA,2020,58.3348582
int_elec_self,LA,2021,58.3348582
int_elec_self,LA,2022,58.3348582
int_elec_self,LA,2023,58.3348582
int_elec_self,LA,2024,58.3348582
int_elec_self,LA,2025,58.00427826
int_elec_self,LA,2026,54.69570089
int_elec_self,LA,2027,51.91494023
int_elec_self,LA,2028,52.07884121
int_elec_self,LA,2029,54.26233559
int_elec_self,LA,2030,55.76522422
int_elec_self,LA,2031,57.97649843
int_elec_self,LA,2032,59.26826038
int_elec_self,LA,2033,61.61565574
int_elec_self,LA,2034,62.20736605
int_elec_self,LA,2035,61.16840053
int_elec_self,LA,2036,58.33763618
int_elec_self,LA,2037,55.08461847
int_elec_self,LA,2038,54.77626239
int_elec_self,LA,2039,54.75126055
int_elec_self,LA,2040,55.61521316
int_elec_self,LA,2041,56.29581891
int_elec_self,LA,2042,56.9069751
int_elec_self,LA,2043,57.15421556
int_elec_self,LA,2044,57.37923216
int_elec_self,LA,2045,58.60987848
int_elec_self,LA,2046,60.21277449
int_elec_self,LA,2047,61.39063914
int_elec_self,LA,2048,62.4879423
int_elec_self,LA,2049,62.72407082
int_elec_self,LA,2050,61.18229044
int_elec_self,MI,2010,71.79140628
int_elec_self,MI,2011,71.79140628
int_elec_self,MI,2012,71.79140628
int_elec_self,MI,2013,71.79140628
int_elec_self,MI,2014,71.79140628
int_elec_self,MI,2015,71.79140628
int_elec_self,MI,2016,71.79140628
int_elec_self,MI,2017,71.79140628
int_elec_self,MI,2018,71.79140628
int_elec_self,MI,2019,71.79140628
int_elec_self,MI,2020,71.79140628
int_elec_self,MI,2021,71.79140628
int_elec_self,MI,2022,71.79140628
int_elec_self,MI,2023,71.79140628
int_elec_self,MI,2024,71.79140628
int_elec_self,MI,2025,71.08024271
int_elec_self,MI,2026,66.19654917
int_elec_self,MI,2027,62.42682668
int_elec_self,MI,2028,61.92123383
int_elec_self,MI,2029,62.87130391
int_elec_self,MI,2030,63.79637214
int_elec_self,MI,2031,65.48816359
int_elec_self,MI,2032,65.84930133
int_elec_self,MI,2033,67.90500851
int_elec_self,MI,2034,67.46053128
int_elec_self,MI,2035,66.47156945
int_elec_self,MI,2036,64.48808982
int_elec_self,MI,2037,63.99638689
int_elec_self,MI,2038,62.81852223
int_elec_self,MI,2039,61.28785378
int_elec_self,MI,2040,60.34611765
int_elec_self,MI,2041,60.17666071
int_elec_self,MI,2042,60.15721483
int_elec_self,MI,2043,59.809967
int_elec_self,MI,2044,59.66828988
int_elec_self,MI,2045,60.0822093
int_elec_self,MI,2046,60.4183452
int_elec_self,MI,2047,60.20166255
int_elec_self,MI,2048,60.68780952
int_elec_self,MI,2049,61.09339499
int_elec_self,MI,2050,61.13228675
int_elec_self,IL,2010,71.79140628
int_elec_self,IL,2011,71.79140628
int_elec_self,IL,2012,71.79140628
int_elec_self,IL,2013,71.79140628
int_elec_self,IL,2014,71.79140628
int_elec_self,IL,2015,71.79140628
int_elec_self,IL,2016,71.79140628
int_elec_self,IL,2017,71.79140628
int_elec_self,IL,2018,71.79140628
int_elec_self,IL,2019,71.79140628
int_elec_self,IL,2020,71.79140628
int_elec_self,IL,2021,71.79140628
int_elec_self,IL,2022,71.79140628
int_elec_self,IL,2023,71.79140628
int_elec_self,IL,2024,71.79140628
int_elec_self,IL,2025,71.08024271
int_elec_self,IL,2026,66.19654917
int_elec_self,IL,2027,62.42682668
int_elec_self,IL,2028,61.92123383
int_elec_self,IL,2029,62.87130391
int_elec_self,IL,2030,63.79637214
int_elec_self,IL,2031,65.48816359
int_elec_self,IL,2032,65.84930133
int_elec_self,IL,2033,67.90500851
int_elec_self,IL,2034,67.46053128
int_elec_self,IL,2035,66.47156945
int_elec_self,IL,2036,64.48808982
int_elec_self,IL,2037,63.99638689
int_elec_self,IL,2038,62.81852223
int_elec_self,IL,2039,61.28785378
int_elec_self,IL,2040,60.34611765
int_elec_self,IL,2041,60.17666071
int_elec_self,IL,2042,60.15721483
int_elec_self,IL,2043,59.809967
int_elec_self,IL,2044,59.66828988
int_elec_self,IL,2045,60.0822093
int_elec_self,IL,2046,60.4183452
int_elec_self,IL,2047,60.20166255
int_elec_self,IL,2048,60.68780952
int_elec_self,IL,2049,61.09339499
int_elec_self,IL,2050,61.13228675
int_elec_self,MS,2010,58.82933911
int_elec_self,MS,2011,58.82933911
int_elec_self,MS,2012,58.82933911
int_elec_self,MS,2013,58.82933911
int_elec_self,MS,2014,58.82933911
int_elec_self,MS,2015,58.82933911
int_elec_self,MS,2016,58.82933911
int_elec_self,MS,2017,58.82933911
int_elec_self,MS,2018,58.82933911
int_elec_self,MS,2019,58.82933911
int_elec_self,MS,2020,58.82933911
int_elec_self,MS,2021,58.82933911
int_elec_self,MS,2022,58.82933911
int_elec_self,MS,2023,58.82933911
int_elec_self,MS,2024,58.82933911
int_elec_self,MS,2025,57.42645786
int_elec_self,MS,2026,50.25926256
int_elec_self,MS,2027,48.58413901
int_elec_self,MS,2028,47.73407631
int_elec_self,MS,2029,48.6008069
int_elec_self,MS,2030,49.18140528
int_elec_self,MS,2031,49.73144585
int_elec_self,MS,2032,51.44268318
int_elec_self,MS,2033,53.1872563
int_elec_self,MS,2034,53.65117941
int_elec_self,MS,2035,54.98738907
int_elec_self,MS,2036,56.55694928
int_elec_self,MS,2037,55.90690134
int_elec_self,MS,2038,55.3513048
int_elec_self,MS,2039,54.60680545
int_elec_self,MS,2040,54.63180729
int_elec_self,MS,2041,54.61236141
int_elec_self,MS,2042,54.87904775
int_elec_self,MS,2043,56.04857845
int_elec_self,MS,2044,57.25144495
int_elec_self,MS,2045,58.00150028
int_elec_self,MS,2046,59.47938706
int_elec_self,MS,2047,60.70447742
int_elec_self,MS,2048,60.31833783
int_elec_self,MS,2049,59.91553034
int_elec_self,MS,2050,59.82663489
int_elec_self,AL,2010,58.82933911
int_elec_self,AL,2011,58.82933911
int_elec_self,AL,2012,58.82933911
int_elec_self,AL,2013,58.82933911
int_elec_self,AL,2014,58.82933911
int_elec_self,AL,2015,58.82933911
int_elec_self,AL,2016,58.82933911
int_elec_self,AL,2017,58.82933911
int_elec_self,AL,2018,58.82933911
int_elec_self,AL,2019,58.82933911
int_elec_self,AL,2020,58.82933911
int_elec_self,AL,2021,58.82933911
int_elec_self,AL,2022,58.82933911
int_elec_self,AL,2023,58.82933911
int_elec_self,AL,2024,58.82933911
int_elec_self,AL,2025,57.42645786
int_elec_self,AL,2026,50.25926256
int_elec_self,AL,2027,48.58413901
int_elec_self,AL,2028,47.73407631
int_elec_self,AL,2029,48.6008069
int_elec_self,AL,2030,49.18140528
int_elec_self,AL,2031,49.73144585
int_elec_self,AL,2032,51.44268318
int_elec_self,AL,2033,53.1872563
int_elec_self,AL,2034,53.65117941
int_elec_self,AL,2035,54.98738907
int_elec_self,AL,2036,56.55694928
int_elec_self,AL,2037,55.90690134
int_elec_self,AL,2038,55.3513048
int_elec_self,AL,2039,54.60680545
int_elec_self,AL,2040,54.63180729
int_elec_self,AL,2041,54.61236141
int_elec_self,AL,2042,54.87904775
int_elec_self,AL,2043,56.04857845
int_elec_self,AL,2044,57.25144495
int_elec_self,AL,2045,58.00150028
int_elec_self,AL,2046,59.47938706
int_elec_self,AL,2047,60.70447742
int_elec_self,AL,2048,60.31833783
int_elec_self,AL,2049,59.91553034
int_elec_self,AL,2050,59.82663489
int_elec_self,FL,2010,65.96319862
int_elec_self,FL,2011,65.96319862
int_elec_self,FL,2012,65.96319862
int_elec_self,FL,2013,65.96319862
int_elec_self,FL,2014,65.96319862
int_elec_self,FL,2015,65.96319862
int_elec_self,FL,2016,65.96319862
int_elec_self,FL,2017,65.96319862
int_elec_self,FL,2018,65.96319862
int_elec_self,FL,2019,65.96319862
int_elec_self,FL,2020,65.96319862
int_elec_self,FL,2021,65.96319862
int_elec_self,FL,2022,65.96319862
int_elec_self,FL,2023,65.96319862
int_elec_self,FL,2024,65.96319862
int_elec_self,FL,2025,63.37134079
int_elec_self,FL,2026,58.71821981
int_elec_self,FL,2027,55.83467379
int_elec_self,FL,2028,55.08739645
int_elec_self,FL,2029,55.52909569
int_elec_self,FL,2030,55.73466641
int_elec_self,FL,2031,56.41249419
int_elec_self,FL,2032,57.50424138
int_elec_self,FL,2033,59.65162198
int_elec_self,FL,2034,60.97671972
int_elec_self,FL,2035,62.2795936
int_elec_self,FL,2036,62.32404132
int_elec_self,FL,2037,62.02679717
int_elec_self,FL,2038,61.29618773
int_elec_self,FL,2039,60.5794682
int_elec_self,FL,2040,60.5155746
int_elec_self,FL,2041,60.9156041
int_elec_self,FL,2042,61.85178426
int_elec_self,FL,2043,62.98520119
int_elec_self,FL,2044,64.34363472
int_elec_self,FL,2045,65.3409305
int_elec_self,FL,2046,66.41045383
int_elec_self,FL,2047,66.32989234
int_elec_self,FL,2048,66.15765741
int_elec_self,FL,2049,65.9354188
int_elec_self,FL,2050,65.49649753
int_elec_self,TN,2010,58.82933911
int_elec_self,TN,2011,58.82933911
int_elec_self,TN,2012,58.82933911
int_elec_self,TN,2013,58.82933911
int_elec_self,TN,2014,58.82933911
int_elec_self,TN,2015,58.82933911
int_elec_self,TN,2016,58.82933911
int_elec_self,TN,2017,58.82933911
int_elec_self,TN,2018,58.82933911
int_elec_self,TN,2019,58.82933911
int_elec_self,TN,2020,58.82933911
int_elec_self,TN,2021,58.82933911
int_elec_self,TN,2022,58.82933911
int_elec_self,TN,2023,58.82933911
int_elec_self,TN,2024,58.82933911
int_elec_self,TN,2025,57.42645786
int_elec_self,TN,2026,50.25926256
int_elec_self,TN,2027,48.58413901
int_elec_self,TN,2028,47.73407631
int_elec_self,TN,2029,48.6008069
int_elec_self,TN,2030,49.18140528
int_elec_self,TN,2031,49.73144585
int_elec_self,TN,2032,51.44268318
int_elec_self,TN,2033,53.1872563
int_elec_self,TN,2034,53.65117941
int_elec_self,TN,2035,54.98738907
int_elec_self,TN,2036,56.55694928
int_elec_self,TN,2037,55.90690134
int_elec_self,TN,2038,55.3513048
int_elec_self,TN,2039,54.60680545
int_elec_self,TN,2040,54.63180729
int_elec_self,TN,2041,54.61236141
int_elec_self,TN,2042,54.87904775
int_elec_self,TN,2043,56.04857845
int_elec_self,TN,2044,57.25144495
int_elec_self,TN,2045,58.00150028
int_elec_self,TN,2046,59.47938706
int_elec_self,TN,2047,60.70447742
int_elec_self,TN,2048,60.31833783
int_elec_self,TN,2049,59.91553034
int_elec_self,TN,2050,59.82663489
int_elec_self,KY,2010,58.82933911
int_elec_self,KY,2011,58.82933911
int_elec_self,KY,2012,58.82933911
int_elec_self,KY,2013,58.82933911
int_elec_self,KY,2014,58.82933911
int_elec_self,KY,2015,58.82933911
int_elec_self,KY,2016,58.82933911
int_elec_self,KY,2017,58.82933911
int_elec_self,KY,2018,58.82933911
int_elec_self,KY,2019,58.82933911
int_elec_self,KY,2020,58.82933911
int_elec_self,KY,2021,58.82933911
int_elec_self,KY,2022,58.82933911
int_elec_self,KY,2023,58.82933911
int_elec_self,KY,2024,58.82933911
int_elec_self,KY,2025,57.42645786
int_elec_self,KY,2026,50.25926256
int_elec_self,KY,2027,48.58413901
int_elec_self,KY,2028,47.73407631
int_elec_self,KY,2029,48.6008069
int_elec_self,KY,2030,49.18140528
int_elec_self,KY,2031,49.73144585
int_elec_self,KY,2032,51.44268318
int_elec_self,KY,2033,53.1872563
int_elec_self,KY,2034,53.65117941
int_elec_self,KY,2035,54.98738907
int_elec_self,KY,2036,56.55694928
int_elec_self,KY,2037,55.90690134
int_elec_self,KY,2038,55.3513048
int_elec_self,KY,2039,54.60680545
int_elec_self,KY,2040,54.63180729
int_elec_self,KY,2041,54.61236141
int_elec_self,KY,2042,54.87904775
int_elec_self,KY,2043,56.04857845
int_elec_self,KY,2044,57.25144495
int_elec_self,KY,2045,58.00150028
int_elec_self,KY,2046,59.47938706
int_elec_self,KY,2047,60.70447742
int_elec_self,KY,2048,60.31833783
int_elec_self,KY,2049,59.91553034
int_elec_self,KY,2050,59.82663489
int_elec_self,GA,2010,65.96319862
int_elec_self,GA,2011,65.96319862
int_elec_self,GA,2012,65.96319862
int_elec_self,GA,2013,65.96319862
int_elec_self,GA,2014,65.96319862
int_elec_self,GA,2015,65.96319862
int_elec_self,GA,2016,65.96319862
int_elec_self,GA,2017,65.96319862
int_elec_self,GA,2018,65.96319862
int_elec_self,GA,2019,65.96319862
int_elec_self,GA,2020,65.96319862
int_elec_self,GA,2021,65.96319862
int_elec_self,GA,2022,65.96319862
int_elec_self,GA,2023,65.96319862
int_elec_self,GA,2024,65.96319862
int_elec_self,GA,2025,63.37134079
int_elec_self,GA,2026,58.71821981
int_elec_self,GA,2027,55.83467379
int_elec_self,GA,2028,55.08739645
int_elec_self,GA,2029,55.52909569
int_elec_self,GA,2030,55.73466641
int_elec_self,GA,2031,56.41249419
int_elec_self,GA,2032,57.50424138
int_elec_self,GA,2033,59.65162198
int_elec_self,GA,2034,60.97671972
int_elec_self,GA,2035,62.2795936
int_elec_self,GA,2036,62.32404132
int_elec_self,GA,2037,62.02679717
int_elec_self,GA,2038,61.29618773
int_elec_self,GA,2039,60.5794682
int_elec_self,GA,2040,60.5155746
int_elec_self,GA,2041,60.9156041
int_elec_self,GA,2042,61.85178426
int_elec_self,GA,2043,62.98520119
int_elec_self,GA,2044,64.34363472
int_elec_self,GA,2045,65.3409305
int_elec_self,GA,2046,66.41045383
int_elec_self,GA,2047,66.32989234
int_elec_self,GA,2048,66.15765741
int_elec_self,GA,2049,65.9354188
int_elec_self,GA,2050,65.49649753
int_elec_self,SC,2010,65.96319862
int_elec_self,SC,2011,65.96319862
int_elec_self,SC,2012,65.96319862
int_elec_self,SC,2013,65.96319862
int_elec_self,SC,2014,65.96319862
int_elec_self,SC,2015,65.96319862
int_elec_self,SC,2016,65.96319862
int_elec_self,SC,2017,65.96319862
int_elec_self,SC,2018,65.96319862
int_elec_self,SC,2019,65.96319862
int_elec_self,SC,2020,65.96319862
int_elec_self,SC,2021,65.96319862
int_elec_self,SC,2022,65.96319862
int_elec_self,SC,2023,65.96319862
int_elec_self,SC,2024,65.96319862
int_elec_self,SC,2025,63.37134079
int_elec_self,SC,2026,58.71821981
int_elec_self,SC,2027,55.83467379
int_elec_self,SC,2028,55.08739645
int_elec_self,SC,2029,55.52909569
int_elec_self,SC,2030,55.73466641
int_elec_self,SC,2031,56.41249419
int_elec_self,SC,2032,57.50424138
int_elec_self,SC,2033,59.65162198
int_elec_self,SC,2034,60.97671972
int_elec_self,SC,2035,62.2795936
int_elec_self,SC,2036,62.32404132
int_elec_self,SC,2037,62.02679717
int_elec_self,SC,2038,61.29618773
int_elec_self,SC,2039,60.5794682
int_elec_self,SC,2040,60.5155746
int_elec_self,SC,2041,60.9156041
int_elec_self,SC,2042,61.85178426
int_elec_self,SC,2043,62.98520119
int_elec_self,SC,2044,64.34363472
int_elec_self,SC,2045,65.3409305
int_elec_self,SC,2046,66.41045383
int_elec_self,SC,2047,66.32989234
int_elec_self,SC,2048,66.15765741
int_elec_self,SC,2049,65.9354188
int_elec_self,SC,2050,65.49649753
int_elec_self,NC,2010,65.96319862
int_elec_self,NC,2011,65.96319862
int_elec_self,NC,2012,65.96319862
int_elec_self,NC,2013,65.96319862
int_elec_self,NC,2014,65.96319862
int_elec_self,NC,2015,65.96319862
int_elec_self,NC,2016,65.96319862
int_elec_self,NC,2017,65.96319862
int_elec_self,NC,2018,65.96319862
int_elec_self,NC,2019,65.96319862
int_elec_self,NC,2020,65.96319862
int_elec_self,NC,2021,65.96319862
int_elec_self,NC,2022,65.96319862
int_elec_self,NC,2023,65.96319862
int_elec_self,NC,2024,65.96319862
int_elec_self,NC,2025,63.37134079
int_elec_self,NC,2026,58.71821981
int_elec_self,NC,2027,55.83467379
int_elec_self,NC,2028,55.08739645
int_elec_self,NC,2029,55.52909569
int_elec_self,NC,2030,55.73466641
int_elec_self,NC,2031,56.41249419
int_elec_self,NC,2032,57.50424138
int_elec_self,NC,2033,59.65162198
int_elec_self,NC,2034,60.97671972
int_elec_self,NC,2035,62.2795936
int_elec_self,NC,2036,62.32404132
int_elec_self,NC,2037,62.02679717
int_elec_self,NC,2038,61.29618773
int_elec_self,NC,2039,60.5794682
int_elec_self,NC,2040,60.5155746
int_elec_self,NC,2041,60.9156041
int_elec_self,NC,2042,61.85178426
int_elec_self,NC,2043,62.98520119
int_elec_self,NC,2044,64.34363472
int_elec_self,NC,2045,65.3409305
int_elec_self,NC,2046,66.41045383
int_elec_self,NC,2047,66.32989234
int_elec_self,NC,2048,66.15765741
int_elec_self,NC,2049,65.9354188
int_elec_self,NC,2050,65.49649753
int_elec_self,VA,2010,65.96319862
int_elec_self,VA,2011,65.96319862
int_elec_self,VA,2012,65.96319862
int_elec_self,VA,2013,65.96319862
int_elec_self,VA,2014,65.96319862
int_elec_self,VA,2015,65.96319862
int_elec_self,VA,2016,65.96319862
int_elec_self,VA,2017,65.96319862
int_elec_self,VA,2018,65.96319862
int_elec_self,VA,2019,65.96319862
int_elec_self,VA,2020,65.96319862
int_elec_self,VA,2021,65.96319862
int_elec_self,VA,2022,65.96319862
int_elec_self,VA,2023,65.96319862
int_elec_self,VA,2024,65.96319862
int_elec_self,VA,2025,63.37134079
int_elec_self,VA,2026,58.71821981
int_elec_self,VA,2027,55.83467379
int_elec_self,VA,2028,55.08739645
int_elec_self,VA,2029,55.52909569
int_elec_self,VA,2030,55.73466641
int_elec_self,VA,2031,56.41249419
int_elec_self,VA,2032,57.50424138
int_elec_self,VA,2033,59.65162198
int_elec_self,VA,2034,60.97671972
int_elec_self,VA,2035,62.2795936
int_elec_self,VA,2036,62.32404132
int_elec_self,VA,2037,62.02679717
int_elec_self,VA,2038,61.29618773
int_elec_self,VA,2039,60.5794682
int_elec_self,VA,2040,60.5155746
int_elec_self,VA,2041,60.9156041
int_elec_self,VA,2042,61.85178426
int_elec_self,VA,2043,62.98520119
int_elec_self,VA,2044,64.34363472
int_elec_self,VA,2045,65.3409305
int_elec_self,VA,2046,66.41045383
int_elec_self,VA,2047,66.32989234
int_elec_self,VA,2048,66.15765741
int_elec_self,VA,2049,65.9354188
int_elec_self,VA,2050,65.49649753
int_elec_self,IN,2010,71.79140628
int_elec_self,IN,2011,71.79140628
int_elec_self,IN,2012,71.79140628
int_elec_self,IN,2013,71.79140628
int_elec_self,IN,2014,71.79140628
int_elec_self,IN,2015,71.79140628
int_elec_self,IN,2016,71.79140628
int_elec_self,IN,2017,71.79140628
int_elec_self,IN,2018,71.79140628
int_elec_self,IN,2019,71.79140628
int_elec_self,IN,2020,71.79140628
int_elec_self,IN,2021,71.79140628
int_elec_self,IN,2022,71.79140628
int_elec_self,IN,2023,71.79140628
int_elec_self,IN,2024,71.79140628
int_elec_self,IN,2025,71.08024271
int_elec_self,IN,2026,66.19654917
int_elec_self,IN,2027,62.42682668
int_elec_self,IN,2028,61.92123383
int_elec_self,IN,2029,62.87130391
int_elec_self,IN,2030,63.79637214
int_elec_self,IN,2031,65.48816359
int_elec_self,IN,2032,65.84930133
int_elec_self,IN,2033,67.90500851
int_elec_self,IN,2034,67.46053128
int_elec_self,IN,2035,66.47156945
int_elec_self,IN,2036,64.48808982
int_elec_self,IN,2037,63.99638689
int_elec_self,IN,2038,62.81852223
int_elec_self,IN,2039,61.28785378
int_elec_self,IN,2040,60.34611765
int_elec_self,IN,2041,60.17666071
int_elec_self,IN,2042,60.15721483
int_elec_self,IN,2043,59.809967
int_elec_self,IN,2044,59.66828988
int_elec_self,IN,2045,60.0822093
int_elec_self,IN,2046,60.4183452
int_elec_self,IN,2047,60.20166255
int_elec_self,IN,2048,60.68780952
int_elec_self,IN,2049,61.09339499
int_elec_self,IN,2050,61.13228675
int_elec_self,OH,2010,71.79140628
int_elec_self,OH,2011,71.79140628
int_elec_self,OH,2012,71.79140628
int_elec_self,OH,2013,71.79140628
int_elec_self,OH,2014,71.79140628
int_elec_self,OH,2015,71.79140628
int_elec_self,OH,2016,71.79140628
int_elec_self,OH,2017,71.79140628
int_elec_self,OH,2018,71.79140628
int_elec_self,OH,2019,71.79140628
int_elec_self,OH,2020,71.79140628
int_elec_self,OH,2021,71.79140628
int_elec_self,OH,2022,71.79140628
int_elec_self,OH,2023,71.79140628
int_elec_self,OH,2024,71.79140628
int_elec_self,OH,2025,71.08024271
int_elec_self,OH,2026,66.19654917
int_elec_self,OH,2027,62.42682668
int_elec_self,OH,2028,61.92123383
int_elec_self,OH,2029,62.87130391
int_elec_self,OH,2030,63.79637214
int_elec_self,OH,2031,65.48816359
int_elec_self,OH,2032,65.84930133
int_elec_self,OH,2033,67.90500851
int_elec_self,OH,2034,67.46053128
int_elec_self,OH,2035,66.47156945
int_elec_self,OH,2036,64.48808982
int_elec_self,OH,2037,63.99638689
int_elec_self,OH,2038,62.81852223
int_elec_self,OH,2039,61.28785378
int_elec_self,OH,2040,60.34611765
int_elec_self,OH,2041,60.17666071
int_elec_self,OH,2042,60.15721483
int_elec_self,OH,2043,59.809967
int_elec_self,OH,2044,59.66828988
int_elec_self,OH,2045,60.0822093
int_elec_self,OH,2046,60.4183452
int_elec_self,OH,2047,60.20166255
int_elec_self,OH,2048,60.68780952
int_elec_self,OH,2049,61.09339499
int_elec_self,OH,2050,61.13228675
int_elec_self,PA,2010,89.2010237
int_elec_self,PA,2011,89.2010237
int_elec_self,PA,2012,89.2010237
int_elec_self,PA,2013,89.2010237
int_elec_self,PA,2014,89.2010237
int_elec_self,PA,2015,89.2010237
int_elec_self,PA,2016,89.2010237
int_elec_self,PA,2017,89.2010237
int_elec_self,PA,2018,89.2010237
int_elec_self,PA,2019,89.2010237
int_elec_self,PA,2020,89.2010237
int_elec_self,PA,2021,89.2010237
int_elec_self,PA,2022,89.2010237
int_elec_self,PA,2023,89.2010237
int_elec_self,PA,2024,89.2010237
int_elec_self,PA,2025,88.7204327
int_elec_self,PA,2026,85.07294145
int_elec_self,PA,2027,75.58890859
int_elec_self,PA,2028,77.10013117
int_elec_self,PA,2029,76.82788887
int_elec_self,PA,2030,77.10568713
int_elec_self,PA,2031,79.52253206
int_elec_self,PA,2032,80.13646623
int_elec_self,PA,2033,83.06445997
int_elec_self,PA,2034,83.10335173
int_elec_self,PA,2035,82.44774782
int_elec_self,PA,2036,80.84485181
int_elec_self,PA,2037,81.71158241
int_elec_self,PA,2038,80.75873435
int_elec_self,PA,2039,79.16972826
int_elec_self,PA,2040,78.53634821
int_elec_self,PA,2041,79.05860895
int_elec_self,PA,2042,80.09479649
int_elec_self,PA,2043,80.56705355
int_elec_self,PA,2044,80.79484813
int_elec_self,PA,2045,81.07542438
int_elec_self,PA,2046,81.55601538
int_elec_self,PA,2047,81.5532374
int_elec_self,PA,2048,81.65602275
int_elec_self,PA,2049,81.90048523
int_elec_self,PA,2050,81.68380258
int_elec_self,WV,2010,65.96319862
int_elec_self,WV,2011,65.96319862
int_elec_self,WV,2012,65.96319862
int_elec_self,WV,2013,65.96319862
int_elec_self,WV,2014,65.96319862
int_elec_self,WV,2015,65.96319862
int_elec_self,WV,2016,65.96319862
int_elec_self,WV,2017,65.96319862
int_elec_self,WV,2018,65.96319862
int_elec_self,WV,2019,65.96319862
int_elec_self,WV,2020,65.96319862
int_elec_self,WV,2021,65.96319862
int_elec_self,WV,2022,65.96319862
int_elec_self,WV,2023,65.96319862
int_elec_self,WV,2024,65.96319862
int_elec_self,WV,2025,63.37134079
int_elec_self,WV,2026,58.71821981
int_elec_self,WV,2027,55.83467379
int_elec_self,WV,2028,55.08739645
int_elec_self,WV,2029,55.52909569
int_elec_self,WV,2030,55.73466641
int_elec_self,WV,2031,56.41249419
int_elec_self,WV,2032,57.50424138
int_elec_self,WV,2033,59.65162198
int_elec_self,WV,2034,60.97671972
int_elec_self,WV,2035,62.2795936
int_elec_self,WV,2036,62.32404132
int_elec_self,WV,2037,62.02679717
int_elec_self,WV,2038,61.29618773
int_elec_self,WV,2039,60.5794682
int_elec_self,WV,2040,60.5155746
int_elec_self,WV,2041,60.9156041
int_elec_self,WV,2042,61.85178426
int_elec_self,WV,2043,62.98520119
int_elec_self,WV,2044,64.34363472
int_elec_self,WV,2045,65.3409305
int_elec_self,WV,2046,66.41045383
int_elec_self,WV,2047,66.32989234
int_elec_self,WV,2048,66.15765741
int_elec_self,WV,2049,65.9354188
int_elec_self,WV,2050,65.49649753
int_elec_self,MD,2010,65.96319862
int_elec_self,MD,2011,65.96319862
int_elec_self,MD,2012,65.96319862
int_elec_self,MD,2013,65.96319862
int_elec_self,MD,2014,65.96319862
int_elec_self,MD,2015,65.96319862
int_elec_self,MD,2016,65.96319862
int_elec_self,MD,2017,65.96319862
int_elec_self,MD,2018,65.96319862
int_elec_self,MD,2019,65.96319862
int_elec_self,MD,2020,65.96319862
int_elec_self,MD,2021,65.96319862
int_elec_self,MD,2022,65.96319862
int_elec_self,MD,2023,65.96319862
int_elec_self,MD,2024,65.96319862
int_elec_self,MD,2025,63.37134079
int_elec_self,MD,2026,58.71821981
int_elec_self,MD,2027,55.83467379
int_elec_self,MD,2028,55.08739645
int_elec_self,MD,2029,55.52909569
int_elec_self,MD,2030,55.73466641
int_elec_self,MD,2031,56.41249419
int_elec_self,MD,2032,57.50424138
int_elec_self,MD,2033,59.65162198
int_elec_self,MD,2034,60.97671972
int_elec_self,MD,2035,62.2795936
int_elec_self,MD,2036,62.32404132
int_elec_self,MD,2037,62.02679717
int_elec_self,MD,2038,61.29618773
int_elec_self,MD,2039,60.5794682
int_elec_self,MD,2040,60.5155746
int_elec_self,MD,2041,60.9156041
int_elec_self,MD,2042,61.85178426
int_elec_self,MD,2043,62.98520119
int_elec_self,MD,2044,64.34363472
int_elec_self,MD,2045,65.3409305
int_elec_self,MD,2046,66.41045383
int_elec_self,MD,2047,66.32989234
int_elec_self,MD,2048,66.15765741
int_elec_self,MD,2049,65.9354188
int_elec_self,MD,2050,65.49649753
int_elec_self,DE,2010,65.96319862
int_elec_self,DE,2011,65.96319862
int_elec_self,DE,2012,65.96319862
int_elec_self,DE,2013,65.96319862
int_elec_self,DE,2014,65.96319862
int_elec_self,DE,2015,65.96319862
int_elec_self,DE,2016,65.96319862
int_elec_self,DE,2017,65.96319862
int_elec_self,DE,2018,65.96319862
int_elec_self,DE,2019,65.96319862
int_elec_self,DE,2020,65.96319862
int_elec_self,DE,2021,65.96319862
int_elec_self,DE,2022,65.96319862
int_elec_self,DE,2023,65.96319862
int_elec_self,DE,2024,65.96319862
int_elec_self,DE,2025,63.37134079
int_elec_self,DE,2026,58.71821981
int_elec_self,DE,2027,55.83467379
int_elec_self,DE,2028,55.08739645
int_elec_self,DE,2029,55.52909569
int_elec_self,DE,2030,55.73466641
int_elec_self,DE,2031,56.41249419
int_elec_self,DE,2032,57.50424138
int_elec_self,DE,2033,59.65162198
int_elec_self,DE,2034,60.97671972
int_elec_self,DE,2035,62.2795936
int_elec_self,DE,2036,62.32404132
int_elec_self,DE,2037,62.02679717
int_elec_self,DE,2038,61.29618773
int_elec_self,DE,2039,60.5794682
int_elec_self,DE,2040,60.5155746
int_elec_self,DE,2041,60.9156041
int_elec_self,DE,2042,61.85178426
int_elec_self,DE,2043,62.98520119
int_elec_self,DE,2044,64.34363472
int_elec_self,DE,2045,65.3409305
int_elec_self,DE,2046,66.41045383
int_elec_self,DE,2047,66.32989234
int_elec_self,DE,2048,66.15765741
int_elec_self,DE,2049,65.9354188
int_elec_self,DE,2050,65.49649753
int_elec_self,NJ,2010,89.2010237
int_elec_self,NJ,2011,89.2010237
int_elec_self,NJ,2012,89.2010237
int_elec_self,NJ,2013,89.2010237
int_elec_self,NJ,2014,89.2010237
int_elec_self,NJ,2015,89.2010237
int_elec_self,NJ,2016,89.2010237
int_elec_self,NJ,2017,89.2010237
int_elec_self,NJ,2018,89.2010237
int_elec_self,NJ,2019,89.2010237
int_elec_self,NJ,2020,89.2010237
int_elec_self,NJ,2021,89.2010237
int_elec_self,NJ,2022,89.2010237
int_elec_self,NJ,2023,89.2010237
int_elec_self,NJ,2024,89.2010237
int_elec_self,NJ,2025,88.7204327
int_elec_self,NJ,2026,85.07294145
int_elec_self,NJ,2027,75.58890859
int_elec_self,NJ,2028,77.10013117
int_elec_self,NJ,2029,76.82788887
int_elec_self,NJ,2030,77.10568713
int_elec_self,NJ,2031,79.52253206
int_elec_self,NJ,2032,80.13646623
int_elec_self,NJ,2033,83.06445997
int_elec_self,NJ,2034,83.10335173
int_elec_self,NJ,2035,82.44774782
int_elec_self,NJ,2036,80.84485181
int_elec_self,NJ,2037,81.71158241
int_elec_self,NJ,2038,80.75873435
int_elec_self,NJ,2039,79.16972826
int_elec_self,NJ,2040,78.53634821
int_elec_self,NJ,2041,79.05860895
int_elec_self,NJ,2042,80.09479649
int_elec_self,NJ,2043,80.56705355
int_elec_self,NJ,2044,80.79484813
int_elec_self,NJ,2045,81.07542438
int_elec_self,NJ,2046,81.55601538
int_elec_self,NJ,2047,81.5532374
int_elec_self,NJ,2048,81.65602275
int_elec_self,NJ,2049,81.90048523
int_elec_self,NJ,2050,81.68380258
int_elec_self,NY,2010,89.2010237
int_elec_self,NY,2011,89.2010237
int_elec_self,NY,2012,89.2010237
int_elec_self,NY,2013,89.2010237
int_elec_self,NY,2014,89.2010237
int_elec_self,NY,2015,89.2010237
int_elec_self,NY,2016,89.2010237
int_elec_self,NY,2017,89.2010237
int_elec_self,NY,2018,89.2010237
int_elec_self,NY,2019,89.2010237
int_elec_self,NY,2020,89.2010237
int_elec_self,NY,2021,89.2010237
int_elec_self,NY,2022,89.2010237
int_elec_self,NY,2023,89.2010237
int_elec_self,NY,2024,89.2010237
int_elec_self,NY,2025,88.7204327
int_elec_self,NY,2026,85.07294145
int_elec_self,NY,2027,75.58890859
int_elec_self,NY,2028,77.10013117
int_elec_self,NY,2029,76.82788887
int_elec_self,NY,2030,77.10568713
int_elec_self,NY,2031,79.52253206
int_elec_self,NY,2032,80.13646623
int_elec_self,NY,2033,83.06445997
int_elec_self,NY,2034,83.10335173
int_elec_self,NY,2035,82.44774782
int_elec_self,NY,2036,80.84485181
int_elec_self,NY,2037,81.71158241
int_elec_self,NY,2038,80.75873435
int_elec_self,NY,2039,79.16972826
int_elec_self,NY,2040,78.53634821
int_elec_self,NY,2041,79.05860895
int_elec_self,NY,2042,80.09479649
int_elec_self,NY,2043,80.56705355
int_elec_self,NY,2044,80.79484813
int_elec_self,NY,2045,81.07542438
int_elec_self,NY,2046,81.55601538
int_elec_self,NY,2047,81.5532374
int_elec_self,NY,2048,81.65602275
int_elec_self,NY,2049,81.90048523
int_elec_self,NY,2050,81.68380258
int_elec_self,VT,2010,152.4529112
int_elec_self,VT,2011,152.4529112
int_elec_self,VT,2012,152.4529112
int_elec_self,VT,2013,152.4529112
int_elec_self,VT,2014,152.4529112
int_elec_self,VT,2015,152.4529112
int_elec_self,VT,2016,152.4529112
int_elec_self,VT,2017,152.4529112
int_elec_self,VT,2018,152.4529112
int_elec_self,VT,2019,152.4529112
int_elec_self,VT,2020,152.4529112
int_elec_self,VT,2021,152.4529112
int_elec_self,VT,2022,152.4529112
int_elec_self,VT,2023,152.4529112
int_elec_self,VT,2024,152.4529112
int_elec_self,VT,2025,156.4670962
int_elec_self,VT,2026,140.468694
int_elec_self,VT,2027,117.5725608
int_elec_self,VT,2028,114.9362552
int_elec_self,VT,2029,113.050005
int_elec_self,VT,2030,113.0638949
int_elec_self,VT,2031,112.6083057
int_elec_self,VT,2032,115.7918739
int_elec_self,VT,2033,121.8895458
int_elec_self,VT,2034,122.020111
int_elec_self,VT,2035,121.9062137
int_elec_self,VT,2036,121.2506098
int_elec_self,VT,2037,121.4422906
int_elec_self,VT,2038,120.5616701
int_elec_self,VT,2039,119.9255121
int_elec_self,VT,2040,119.2171265
int_elec_self,VT,2041,119.7449432
int_elec_self,VT,2042,120.6533435
int_elec_self,VT,2043,120.7783528
int_elec_self,VT,2044,120.8339124
int_elec_self,VT,2045,121.4589585
int_elec_self,VT,2046,122.82017
int_elec_self,VT,2047,123.7396823
int_elec_self,VT,2048,124.1841595
int_elec_self,VT,2049,124.4675138
int_elec_self,VT,2050,124.8758772
int_elec_self,NH,2010,152.4529112
int_elec_self,NH,2011,152.4529112
int_elec_self,NH,2012,152.4529112
int_elec_self,NH,2013,152.4529112
int_elec_self,NH,2014,152.4529112
int_elec_self,NH,2015,152.4529112
int_elec_self,NH,2016,152.4529112
int_elec_self,NH,2017,152.4529112
int_elec_self,NH,2018,152.4529112
int_elec_self,NH,2019,152.4529112
int_elec_self,NH,2020,152.4529112
int_elec_self,NH,2021,152.4529112
int_elec_self,NH,2022,152.4529112
int_elec_self,NH,2023,152.4529112
int_elec_self,NH,2024,152.4529112
int_elec_self,NH,2025,156.4670962
int_elec_self,NH,2026,140.468694
int_elec_self,NH,2027,117.5725608
int_elec_self,NH,2028,114.9362552
int_elec_self,NH,2029,113.050005
int_elec_self,NH,2030,113.0638949
int_elec_self,NH,2031,112.6083057
int_elec_self,NH,2032,115.7918739
int_elec_self,NH,2033,121.8895458
int_elec_self,NH,2034,122.020111
int_elec_self,NH,2035,121.9062137
int_elec_self,NH,2036,121.2506098
int_elec_self,NH,2037,121.4422906
int_elec_self,NH,2038,120.5616701
int_elec_self,NH,2039,119.9255121
int_elec_self,NH,2040,119.2171265
int_elec_self,NH,2041,119.7449432
int_elec_self,NH,2042,120.6533435
int_elec_self,NH,2043,120.7783528
int_elec_self,NH,2044,120.8339124
int_elec_self,NH,2045,121.4589585
int_elec_self,NH,2046,122.82017
int_elec_self,NH,2047,123.7396823
int_elec_self,NH,2048,124.1841595
int_elec_self,NH,2049,124.4675138
int_elec_self,NH,2050,124.8758772
int_elec_self,MA,2010,152.4529112
int_elec_self,MA,2011,152.4529112
int_elec_self,MA,2012,152.4529112
int_elec_self,MA,2013,152.4529112
int_elec_self,MA,2014,152.4529112
int_elec_self,MA,2015,152.4529112
int_elec_self,MA,2016,152.4529112
int_elec_self,MA,2017,152.4529112
int_elec_self,MA,2018,152.4529112
int_elec_self,MA,2019,152.4529112
int_elec_self,MA,2020,152.4529112
int_elec_self,MA,2021,152.4529112
int_elec_self,MA,2022,152.4529112
int_elec_self,MA,2023,152.4529112
int_elec_self,MA,2024,152.4529112
int_elec_self,MA,2025,156.4670962
int_elec_self,MA,2026,140.468694
int_elec_self,MA,2027,117.5725608
int_elec_self,MA,2028,114.9362552
int_elec_self,MA,2029,113.050005
int_elec_self,MA,2030,113.0638949
int_elec_self,MA,2031,112.6083057
int_elec_self,MA,2032,115.7918739
int_elec_self,MA,2033,121.8895458
int_elec_self,MA,2034,122.020111
int_elec_self,MA,2035,121.9062137
int_elec_self,MA,2036,121.2506098
int_elec_self,MA,2037,121.4422906
int_elec_self,MA,2038,120.5616701
int_elec_self,MA,2039,119.9255121
int_elec_self,MA,2040,119.2171265
int_elec_self,MA,2041,119.7449432
int_elec_self,MA,2042,120.6533435
int_elec_self,MA,2043,120.7783528
int_elec_self,MA,2044,120.8339124
int_elec_self,MA,2045,121.4589585
int_elec_self,MA,2046,122.82017
int_elec_self,MA,2047,123.7396823
int_elec_self,MA,2048,124.1841595
int_elec_self,MA,2049,124.4675138
int_elec_self,MA,2050,124.8758772
int_elec_self,CT,2010,152.4529112
int_elec_self,CT,2011,152.4529112
int_elec_self,CT,2012,152.4529112
int_elec_self,CT,2013,152.4529112
int_elec_self,CT,2014,152.4529112
int_elec_self,CT,2015,152.4529112
int_elec_self,CT,2016,152.4529112
int_elec_self,CT,2017,152.4529112
int_elec_self,CT,2018,152.4529112
int_elec_self,CT,2019,152.4529112
int_elec_self,CT,2020,152.4529112
int_elec_self,CT,2021,152.4529112
int_elec_self,CT,2022,152.4529112
int_elec_self,CT,2023,152.4529112
int_elec_self,CT,2024,152.4529112
int_elec_self,CT,2025,156.4670962
int_elec_self,CT,2026,140.468694
int_elec_self,CT,2027,117.5725608
int_elec_self,CT,2028,114.9362552
int_elec_self,CT,2029,113.050005
int_elec_self,CT,2030,113.0638949
int_elec_self,CT,2031,112.6083057
int_elec_self,CT,2032,115.7918739
int_elec_self,CT,2033,121.8895458
int_elec_self,CT,2034,122.020111
int_elec_self,CT,2035,121.9062137
int_elec_self,CT,2036,121.2506098
int_elec_self,CT,2037,121.4422906
int_elec_self,CT,2038,120.5616701
int_elec_self,CT,2039,119.9255121
int_elec_self,CT,2040,119.2171265
int_elec_self,CT,2041,119.7449432
int_elec_self,CT,2042,120.6533435
int_elec_self,CT,2043,120.7783528
int_elec_self,CT,2044,120.8339124
int_elec_self,CT,2045,121.4589585
int_elec_self,CT,2046,122.82017
int_elec_self,CT,2047,123.7396823
int_elec_self,CT,2048,124.1841595
int_elec_self,CT,2049,124.4675138
int_elec_self,CT,2050,124.8758772
int_elec_self,RI,2010,152.4529112
int_elec_self,RI,2011,152.4529112
int_elec_self,RI,2012,152.4529112
int_elec_self,RI,2013,152.4529112
int_elec_self,RI,2014,152.4529112
int_elec_self,RI,2015,152.4529112
int_elec_self,RI,2016,152.4529112
int_elec_self,RI,2017,152.4529112
int_elec_self,RI,2018,152.4529112
int_elec_self,RI,2019,152.4529112
int_elec_self,RI,2020,152.4529112
int_elec_self,RI,2021,152.4529112
int_elec_self,RI,2022,152.4529112
int_elec_self,RI,2023,152.4529112
int_elec_self,RI,2024,152.4529112
int_elec_self,RI,2025,156.4670962
int_elec_self,RI,2026,140.468694
int_elec_self,RI,2027,117.5725608
int_elec_self,RI,2028,114.9362552
int_elec_self,RI,2029,113.050005
int_elec_self,RI,2030,113.0638949
int_elec_self,RI,2031,112.6083057
int_elec_self,RI,2032,115.7918739
int_elec_self,RI,2033,121.8895458
int_elec_self,RI,2034,122.020111
int_elec_self,RI,2035,121.9062137
int_elec_self,RI,2036,121.2506098
int_elec_self,RI,2037,121.4422906
int_elec_self,RI,2038,120.5616701
int_elec_self,RI,2039,119.9255121
int_elec_self,RI,2040,119.2171265
int_elec_self,RI,2041,119.7449432
int_elec_self,RI,2042,120.6533435
int_elec_self,RI,2043,120.7783528
int_elec_self,RI,2044,120.8339124
int_elec_self,RI,2045,121.4589585
int_elec_self,RI,2046,122.82017
int_elec_self,RI,2047,123.7396823
int_elec_self,RI,2048,124.1841595
int_elec_self,RI,2049,124.4675138
int_elec_self,RI,2050,124.8758772
int_elec_self,ME,2010,152.4529112
int_elec_self,ME,2011,152.4529112
int_elec_self,ME,2012,152.4529112
int_elec_self,ME,2013,152.4529112
int_elec_self,ME,2014,152.4529112
int_elec_self,ME,2015,152.4529112
int_elec_self,ME,2016,152.4529112
int_elec_self,ME,2017,152.4529112
int_elec_self,ME,2018,152.4529112
int_elec_self,ME,2019,152.4529112
int_elec_self,ME,2020,152.4529112
int_elec_self,ME,2021,152.4529112
int_elec_self,ME,2022,152.4529112
int_elec_self,ME,2023,152.4529112
int_elec_self,ME,2024,152.4529112
int_elec_self,ME,2025,156.4670962
int_elec_self,ME,2026,140.468694
int_elec_self,ME,2027,117.5725608
int_elec_self,ME,2028,114.9362552
int_elec_self,ME,2029,113.050005
int_elec_self,ME,2030,113.0638949
int_elec_self,ME,2031,112.6083057
int_elec_self,ME,2032,115.7918739
int_elec_self,ME,2033,121.8895458
int_elec_self,ME,2034,122.020111
int_elec_self,ME,2035,121.9062137
int_elec_self,ME,2036,121.2506098
int_elec_self,ME,2037,121.4422906
int_elec_self,ME,2038,120.5616701
int_elec_self,ME,2039,119.9255121
int_elec_self,ME,2040,119.2171265
int_elec_self,ME,2041,119.7449432
int_elec_self,ME,2042,120.6533435
int_elec_self,ME,2043,120.7783528
int_elec_self,ME,2044,120.8339124
int_elec_self,ME,2045,121.4589585
int_elec_self,ME,2046,122.82017
int_elec_self,ME,2047,123.7396823
int_elec_self,ME,2048,124.1841595
int_elec_self,ME,2049,124.4675138
int_elec_self,ME,2050,124.8758772
int_elec_self,voluntary,2010,81.94950505
int_elec_self,voluntary,2011,81.94950505
int_elec_self,voluntary,2012,81.94950505
int_elec_self,voluntary,2013,81.94950505
int_elec_self,voluntary,2014,81.94950505
int_elec_self,voluntary,2015,81.94950505
int_elec_self,voluntary,2016,81.94950505
int_elec_self,voluntary,2017,81.94950505
int_elec_self,voluntary,2018,81.94950505
int_elec_self,voluntary,2019,81.94950505
int_elec_self,voluntary,2020,81.94950505
int_elec_self,voluntary,2021,81.94950505
int_elec_self,voluntary,2022,81.94950505
int_elec_self,voluntary,2023,81.94950505
int_elec_self,voluntary,2024,81.94950505
int_elec_self,voluntary,2025,81.25043728
int_elec_self,voluntary,2026,74.0884507
int_elec_self,voluntary,2027,68.33571158
int_elec_self,voluntary,2028,67.59798355
int_elec_self,voluntary,2029,67.99170472
int_elec_self,voluntary,2030,68.66901162
int_elec_self,voluntary,2031,69.61479897
int_elec_self,voluntary,2032,71.05807672
int_elec_self,voluntary,2033,73.12472221
int_elec_self,voluntary,2034,73.18520121
int_elec_self,voluntary,2035,73.0142974
int_elec_self,voluntary,2036,72.38722568
int_elec_self,voluntary,2037,71.94257483
int_elec_self,voluntary,2038,71.32372132
int_elec_self,voluntary,2039,70.83317588
int_elec_self,voluntary,2040,70.64982902
int_elec_self,voluntary,2041,70.98243457
int_elec_self,voluntary,2042,71.45660149
int_elec_self,voluntary,2043,71.83602762
int_elec_self,voluntary,2044,72.28281984
int_elec_self,voluntary,2045,73.05504114
int_elec_self,voluntary,2046,73.85400054
int_elec_self,voluntary,2047,74.11964513
int_elec_self,voluntary,2048,74.19453491
int_elec_self,voluntary,2049,74.24992094
int_elec_self,voluntary,2050,74.10563947
int_met_coal_feed,id,2010,6.144006972
int_met_coal_feed,id,2011,6.144006972
int_met_coal_feed,id,2012,6.144006972
int_met_coal_feed,id,2013,6.144006972
int_met_coal_feed,id,2014,6.144006972
int_met_coal_feed,id,2015,6.144006972
int_met_coal_feed,id,2016,6.144006972
int_met_coal_feed,id,2017,6.144006972
int_met_coal_feed,id,2018,6.144006972
int_met_coal_feed,id,2019,6.144006972
int_met_coal_feed,id,2020,6.144006972
int_met_coal_feed,id,2021,6.144006972
int_met_coal_feed,id,2022,6.144006972
int_met_coal_feed,id,2023,6.144006972
int_met_coal_feed,id,2024,6.144006972
int_met_coal_feed,id,2025,6.033889107
int_met_coal_feed,id,2026,5.986056023
int_met_coal_feed,id,2027,5.954506542
int_met_coal_feed,id,2028,5.932930768
int_met_coal_feed,id,2029,5.930081137
int_met_coal_feed,id,2030,5.931302407
int_met_coal_feed,id,2031,5.936594578
int_met_coal_feed,id,2032,5.956745537
int_met_coal_feed,id,2033,5.957559717
int_met_coal_feed,id,2034,5.932116588
int_met_coal_feed,id,2035,5.952878181
int_met_coal_feed,id,2036,5.953692362
int_met_coal_feed,id,2037,5.953285271
int_met_coal_feed,id,2038,5.953895907
int_met_coal_feed,id,2039,5.938630029
int_met_coal_feed,id,2040,5.939851299
int_met_coal_feed,id,2041,5.920718065
int_met_coal_feed,id,2042,5.921125155
int_met_coal_feed,id,2043,5.917054255
int_met_coal_feed,id,2044,5.922346426
int_met_coal_feed,id,2045,5.934966218
int_met_coal_feed,id,2046,5.938426484
int_met_coal_feed,id,2047,5.937408759
int_met_coal_feed,id,2048,5.936594578
int_met_coal_feed,id,2049,5.939851299
int_met_coal_feed,id,2050,5.937001668
int_met_coal_feed,WA,2010,6.144006972
int_met_coal_feed,WA,2011,6.144006972
int_met_coal_feed,WA,2012,6.144006972
int_met_coal_feed,WA,2013,6.144006972
int_met_coal_feed,WA,2014,6.144006972
int_met_coal_feed,WA,2015,6.144006972
int_met_coal_feed,WA,2016,6.144006972
int_met_coal_feed,WA,2017,6.144006972
int_met_coal_feed,WA,2018,6.144006972
int_met_coal_feed,WA,2019,6.144006972
int_met_coal_feed,WA,2020,6.144006972
int_met_coal_feed,WA,2021,6.144006972
int_met_coal_feed,WA,2022,6.144006972
int_met_coal_feed,WA,2023,6.144006972
int_met_coal_feed,WA,2024,6.144006972
int_met_coal_feed,WA,2025,6.033889107
int_met_coal_feed,WA,2026,5.986056023
int_met_coal_feed,WA,2027,5.954506542
int_met_coal_feed,WA,2028,5.932930768
int_met_coal_feed,WA,2029,5.930081137
int_met_coal_feed,WA,2030,5.931302407
int_met_coal_feed,WA,2031,5.936594578
int_met_coal_feed,WA,2032,5.956745537
int_met_coal_feed,WA,2033,5.957559717
int_met_coal_feed,WA,2034,5.932116588
int_met_coal_feed,WA,2035,5.952878181
int_met_coal_feed,WA,2036,5.953692362
int_met_coal_feed,WA,2037,5.953285271
int_met_coal_feed,WA,2038,5.953895907
int_met_coal_feed,WA,2039,5.938630029
int_met_coal_feed,WA,2040,5.939851299
int_met_coal_feed,WA,2041,5.920718065
int_met_coal_feed,WA,2042,5.921125155
int_met_coal_feed,WA,2043,5.917054255
int_met_coal_feed,WA,2044,5.922346426
int_met_coal_feed,WA,2045,5.934966218
int_met_coal_feed,WA,2046,5.938426484
int_met_coal_feed,WA,2047,5.937408759
int_met_coal_feed,WA,2048,5.936594578
int_met_coal_feed,WA,2049,5.939851299
int_met_coal_feed,WA,2050,5.937001668
int_met_coal_feed,OR,2010,6.144006972
int_met_coal_feed,OR,2011,6.144006972
int_met_coal_feed,OR,2012,6.144006972
int_met_coal_feed,OR,2013,6.144006972
int_met_coal_feed,OR,2014,6.144006972
int_met_coal_feed,OR,2015,6.144006972
int_met_coal_feed,OR,2016,6.144006972
int_met_coal_feed,OR,2017,6.144006972
int_met_coal_feed,OR,2018,6.144006972
int_met_coal_feed,OR,2019,6.144006972
int_met_coal_feed,OR,2020,6.144006972
int_met_coal_feed,OR,2021,6.144006972
int_met_coal_feed,OR,2022,6.144006972
int_met_coal_feed,OR,2023,6.144006972
int_met_coal_feed,OR,2024,6.144006972
int_met_coal_feed,OR,2025,6.033889107
int_met_coal_feed,OR,2026,5.986056023
int_met_coal_feed,OR,2027,5.954506542
int_met_coal_feed,OR,2028,5.932930768
int_met_coal_feed,OR,2029,5.930081137
int_met_coal_feed,OR,2030,5.931302407
int_met_coal_feed,OR,2031,5.936594578
int_met_coal_feed,OR,2032,5.956745537
int_met_coal_feed,OR,2033,5.957559717
int_met_coal_feed,OR,2034,5.932116588
int_met_coal_feed,OR,2035,5.952878181
int_met_coal_feed,OR,2036,5.953692362
int_met_coal_feed,OR,2037,5.953285271
int_met_coal_feed,OR,2038,5.953895907
int_met_coal_feed,OR,2039,5.938630029
int_met_coal_feed,OR,2040,5.939851299
int_met_coal_feed,OR,2041,5.920718065
int_met_coal_feed,OR,2042,5.921125155
int_met_coal_feed,OR,2043,5.917054255
int_met_coal_feed,OR,2044,5.922346426
int_met_coal_feed,OR,2045,5.934966218
int_met_coal_feed,OR,2046,5.938426484
int_met_coal_feed,OR,2047,5.937408759
int_met_coal_feed,OR,2048,5.936594578
int_met_coal_feed,OR,2049,5.939851299
int_met_coal_feed,OR,2050,5.937001668
int_met_coal_feed,CA,2010,6.144006972
int_met_coal_feed,CA,2011,6.144006972
int_met_coal_feed,CA,2012,6.144006972
int_met_coal_feed,CA,2013,6.144006972
int_met_coal_feed,CA,2014,6.144006972
int_met_coal_feed,CA,2015,6.144006972
int_met_coal_feed,CA,2016,6.144006972
int_met_coal_feed,CA,2017,6.144006972
int_met_coal_feed,CA,2018,6.144006972
int_met_coal_feed,CA,2019,6.144006972
int_met_coal_feed,CA,2020,6.144006972
int_met_coal_feed,CA,2021,6.144006972
int_met_coal_feed,CA,2022,6.144006972
int_met_coal_feed,CA,2023,6.144006972
int_met_coal_feed,CA,2024,6.144006972
int_met_coal_feed,CA,2025,6.033889107
int_met_coal_feed,CA,2026,5.986056023
int_met_coal_feed,CA,2027,5.954506542
int_met_coal_feed,CA,2028,5.932930768
int_met_coal_feed,CA,2029,5.930081137
int_met_coal_feed,CA,2030,5.931302407
int_met_coal_feed,CA,2031,5.936594578
int_met_coal_feed,CA,2032,5.956745537
int_met_coal_feed,CA,2033,5.957559717
int_met_coal_feed,CA,2034,5.932116588
int_met_coal_feed,CA,2035,5.952878181
int_met_coal_feed,CA,2036,5.953692362
int_met_coal_feed,CA,2037,5.953285271
int_met_coal_feed,CA,2038,5.953895907
int_met_coal_feed,CA,2039,5.938630029
int_met_coal_feed,CA,2040,5.939851299
int_met_coal_feed,CA,2041,5.920718065
int_met_coal_feed,CA,2042,5.921125155
int_met_coal_feed,CA,2043,5.917054255
int_met_coal_feed,CA,2044,5.922346426
int_met_coal_feed,CA,2045,5.934966218
int_met_coal_feed,CA,2046,5.938426484
int_met_coal_feed,CA,2047,5.937408759
int_met_coal_feed,CA,2048,5.936594578
int_met_coal_feed,CA,2049,5.939851299
int_met_coal_feed,CA,2050,5.937001668
int_met_coal_feed,NV,2010,6.144006972
int_met_coal_feed,NV,2011,6.144006972
int_met_coal_feed,NV,2012,6.144006972
int_met_coal_feed,NV,2013,6.144006972
int_met_coal_feed,NV,2014,6.144006972
int_met_coal_feed,NV,2015,6.144006972
int_met_coal_feed,NV,2016,6.144006972
int_met_coal_feed,NV,2017,6.144006972
int_met_coal_feed,NV,2018,6.144006972
int_met_coal_feed,NV,2019,6.144006972
int_met_coal_feed,NV,2020,6.144006972
int_met_coal_feed,NV,2021,6.144006972
int_met_coal_feed,NV,2022,6.144006972
int_met_coal_feed,NV,2023,6.144006972
int_met_coal_feed,NV,2024,6.144006972
int_met_coal_feed,NV,2025,6.033889107
int_met_coal_feed,NV,2026,5.986056023
int_met_coal_feed,NV,2027,5.954506542
int_met_coal_feed,NV,2028,5.932930768
int_met_coal_feed,NV,2029,5.930081137
int_met_coal_feed,NV,2030,5.931302407
int_met_coal_feed,NV,2031,5.936594578
int_met_coal_feed,NV,2032,5.956745537
int_met_coal_feed,NV,2033,5.957559717
int_met_coal_feed,NV,2034,5.932116588
int_met_coal_feed,NV,2035,5.952878181
int_met_coal_feed,NV,2036,5.953692362
int_met_coal_feed,NV,2037,5.953285271
int_met_coal_feed,NV,2038,5.953895907
int_met_coal_feed,NV,2039,5.938630029
int_met_coal_feed,NV,2040,5.939851299
int_met_coal_feed,NV,2041,5.920718065
int_met_coal_feed,NV,2042,5.921125155
int_met_coal_feed,NV,2043,5.917054255
int_met_coal_feed,NV,2044,5.922346426
int_met_coal_feed,NV,2045,5.934966218
int_met_coal_feed,NV,2046,5.938426484
int_met_coal_feed,NV,2047,5.937408759
int_met_coal_feed,NV,2048,5.936594578
int_met_coal_feed,NV,2049,5.939851299
int_met_coal_feed,NV,2050,5.937001668
int_met_coal_feed,MT,2010,6.144006972
int_met_coal_feed,MT,2011,6.144006972
int_met_coal_feed,MT,2012,6.144006972
int_met_coal_feed,MT,2013,6.144006972
int_met_coal_feed,MT,2014,6.144006972
int_met_coal_feed,MT,2015,6.144006972
int_met_coal_feed,MT,2016,6.144006972
int_met_coal_feed,MT,2017,6.144006972
int_met_coal_feed,MT,2018,6.144006972
int_met_coal_feed,MT,2019,6.144006972
int_met_coal_feed,MT,2020,6.144006972
int_met_coal_feed,MT,2021,6.144006972
int_met_coal_feed,MT,2022,6.144006972
int_met_coal_feed,MT,2023,6.144006972
int_met_coal_feed,MT,2024,6.144006972
int_met_coal_feed,MT,2025,6.033889107
int_met_coal_feed,MT,2026,5.986056023
int_met_coal_feed,MT,2027,5.954506542
int_met_coal_feed,MT,2028,5.932930768
int_met_coal_feed,MT,2029,5.930081137
int_met_coal_feed,MT,2030,5.931302407
int_met_coal_feed,MT,2031,5.936594578
int_met_coal_feed,MT,2032,5.956745537
int_met_coal_feed,MT,2033,5.957559717
int_met_coal_feed,MT,2034,5.932116588
int_met_coal_feed,MT,2035,5.952878181
int_met_coal_feed,MT,2036,5.953692362
int_met_coal_feed,MT,2037,5.953285271
int_met_coal_feed,MT,2038,5.953895907
int_met_coal_feed,MT,2039,5.938630029
int_met_coal_feed,MT,2040,5.939851299
int_met_coal_feed,MT,2041,5.920718065
int_met_coal_feed,MT,2042,5.921125155
int_met_coal_feed,MT,2043,5.917054255
int_met_coal_feed,MT,2044,5.922346426
int_met_coal_feed,MT,2045,5.934966218
int_met_coal_feed,MT,2046,5.938426484
int_met_coal_feed,MT,2047,5.937408759
int_met_coal_feed,MT,2048,5.936594578
int_met_coal_feed,MT,2049,5.939851299
int_met_coal_feed,MT,2050,5.937001668
int_met_coal_feed,WY,2010,6.144006972
int_met_coal_feed,WY,2011,6.144006972
int_met_coal_feed,WY,2012,6.144006972
int_met_coal_feed,WY,2013,6.144006972
int_met_coal_feed,WY,2014,6.144006972
int_met_coal_feed,WY,2015,6.144006972
int_met_coal_feed,WY,2016,6.144006972
int_met_coal_feed,WY,2017,6.144006972
int_met_coal_feed,WY,2018,6.144006972
int_met_coal_feed,WY,2019,6.144006972
int_met_coal_feed,WY,2020,6.144006972
int_met_coal_feed,WY,2021,6.144006972
int_met_coal_feed,WY,2022,6.144006972
int_met_coal_feed,WY,2023,6.144006972
int_met_coal_feed,WY,2024,6.144006972
int_met_coal_feed,WY,2025,6.033889107
int_met_coal_feed,WY,2026,5.986056023
int_met_coal_feed,WY,2027,5.954506542
int_met_coal_feed,WY,2028,5.932930768
int_met_coal_feed,WY,2029,5.930081137
int_met_coal_feed,WY,2030,5.931302407
int_met_coal_feed,WY,2031,5.936594578
int_met_coal_feed,WY,2032,5.956745537
int_met_coal_feed,WY,2033,5.957559717
int_met_coal_feed,WY,2034,5.932116588
int_met_coal_feed,WY,2035,5.952878181
int_met_coal_feed,WY,2036,5.953692362
int_met_coal_feed,WY,2037,5.953285271
int_met_coal_feed,WY,2038,5.953895907
int_met_coal_feed,WY,2039,5.938630029
int_met_coal_feed,WY,2040,5.939851299
int_met_coal_feed,WY,2041,5.920718065
int_met_coal_feed,WY,2042,5.921125155
int_met_coal_feed,WY,2043,5.917054255
int_met_coal_feed,WY,2044,5.922346426
int_met_coal_feed,WY,2045,5.934966218
int_met_coal_feed,WY,2046,5.938426484
int_met_coal_feed,WY,2047,5.937408759
int_met_coal_feed,WY,2048,5.936594578
int_met_coal_feed,WY,2049,5.939851299
int_met_coal_feed,WY,2050,5.937001668
int_met_coal_feed,UT,2010,6.144006972
int_met_coal_feed,UT,2011,6.144006972
int_met_coal_feed,UT,2012,6.144006972
int_met_coal_feed,UT,2013,6.144006972
int_met_coal_feed,UT,2014,6.144006972
int_met_coal_feed,UT,2015,6.144006972
int_met_coal_feed,UT,2016,6.144006972
int_met_coal_feed,UT,2017,6.144006972
int_met_coal_feed,UT,2018,6.144006972
int_met_coal_feed,UT,2019,6.144006972
int_met_coal_feed,UT,2020,6.144006972
int_met_coal_feed,UT,2021,6.144006972
int_met_coal_feed,UT,2022,6.144006972
int_met_coal_feed,UT,2023,6.144006972
int_met_coal_feed,UT,2024,6.144006972
int_met_coal_feed,UT,2025,6.033889107
int_met_coal_feed,UT,2026,5.986056023
int_met_coal_feed,UT,2027,5.954506542
int_met_coal_feed,UT,2028,5.932930768
int_met_coal_feed,UT,2029,5.930081137
int_met_coal_feed,UT,2030,5.931302407
int_met_coal_feed,UT,2031,5.936594578
int_met_coal_feed,UT,2032,5.956745537
int_met_coal_feed,UT,2033,5.957559717
int_met_coal_feed,UT,2034,5.932116588
int_met_coal_feed,UT,2035,5.952878181
int_met_coal_feed,UT,2036,5.953692362
int_met_coal_feed,UT,2037,5.953285271
int_met_coal_feed,UT,2038,5.953895907
int_met_coal_feed,UT,2039,5.938630029
int_met_coal_feed,UT,2040,5.939851299
int_met_coal_feed,UT,2041,5.920718065
int_met_coal_feed,UT,2042,5.921125155
int_met_coal_feed,UT,2043,5.917054255
int_met_coal_feed,UT,2044,5.922346426
int_met_coal_feed,UT,2045,5.934966218
int_met_coal_feed,UT,2046,5.938426484
int_met_coal_feed,UT,2047,5.937408759
int_met_coal_feed,UT,2048,5.936594578
int_met_coal_feed,UT,2049,5.939851299
int_met_coal_feed,UT,2050,5.937001668
int_met_coal_feed,AZ,2010,6.144006972
int_met_coal_feed,AZ,2011,6.144006972
int_met_coal_feed,AZ,2012,6.144006972
int_met_coal_feed,AZ,2013,6.144006972
int_met_coal_feed,AZ,2014,6.144006972
int_met_coal_feed,AZ,2015,6.144006972
int_met_coal_feed,AZ,2016,6.144006972
int_met_coal_feed,AZ,2017,6.144006972
int_met_coal_feed,AZ,2018,6.144006972
int_met_coal_feed,AZ,2019,6.144006972
int_met_coal_feed,AZ,2020,6.144006972
int_met_coal_feed,AZ,2021,6.144006972
int_met_coal_feed,AZ,2022,6.144006972
int_met_coal_feed,AZ,2023,6.144006972
int_met_coal_feed,AZ,2024,6.144006972
int_met_coal_feed,AZ,2025,6.033889107
int_met_coal_feed,AZ,2026,5.986056023
int_met_coal_feed,AZ,2027,5.954506542
int_met_coal_feed,AZ,2028,5.932930768
int_met_coal_feed,AZ,2029,5.930081137
int_met_coal_feed,AZ,2030,5.931302407
int_met_coal_feed,AZ,2031,5.936594578
int_met_coal_feed,AZ,2032,5.956745537
int_met_coal_feed,AZ,2033,5.957559717
int_met_coal_feed,AZ,2034,5.932116588
int_met_coal_feed,AZ,2035,5.952878181
int_met_coal_feed,AZ,2036,5.953692362
int_met_coal_feed,AZ,2037,5.953285271
int_met_coal_feed,AZ,2038,5.953895907
int_met_coal_feed,AZ,2039,5.938630029
int_met_coal_feed,AZ,2040,5.939851299
int_met_coal_feed,AZ,2041,5.920718065
int_met_coal_feed,AZ,2042,5.921125155
int_met_coal_feed,AZ,2043,5.917054255
int_met_coal_feed,AZ,2044,5.922346426
int_met_coal_feed,AZ,2045,5.934966218
int_met_coal_feed,AZ,2046,5.938426484
int_met_coal_feed,AZ,2047,5.937408759
int_met_coal_feed,AZ,2048,5.936594578
int_met_coal_feed,AZ,2049,5.939851299
int_met_coal_feed,AZ,2050,5.937001668
int_met_coal_feed,NM,2010,6.144006972
int_met_coal_feed,NM,2011,6.144006972
int_met_coal_feed,NM,2012,6.144006972
int_met_coal_feed,NM,2013,6.144006972
int_met_coal_feed,NM,2014,6.144006972
int_met_coal_feed,NM,2015,6.144006972
int_met_coal_feed,NM,2016,6.144006972
int_met_coal_feed,NM,2017,6.144006972
int_met_coal_feed,NM,2018,6.144006972
int_met_coal_feed,NM,2019,6.144006972
int_met_coal_feed,NM,2020,6.144006972
int_met_coal_feed,NM,2021,6.144006972
int_met_coal_feed,NM,2022,6.144006972
int_met_coal_feed,NM,2023,6.144006972
int_met_coal_feed,NM,2024,6.144006972
int_met_coal_feed,NM,2025,6.033889107
int_met_coal_feed,NM,2026,5.986056023
int_met_coal_feed,NM,2027,5.954506542
int_met_coal_feed,NM,2028,5.932930768
int_met_coal_feed,NM,2029,5.930081137
int_met_coal_feed,NM,2030,5.931302407
int_met_coal_feed,NM,2031,5.936594578
int_met_coal_feed,NM,2032,5.956745537
int_met_coal_feed,NM,2033,5.957559717
int_met_coal_feed,NM,2034,5.932116588
int_met_coal_feed,NM,2035,5.952878181
int_met_coal_feed,NM,2036,5.953692362
int_met_coal_feed,NM,2037,5.953285271
int_met_coal_feed,NM,2038,5.953895907
int_met_coal_feed,NM,2039,5.938630029
int_met_coal_feed,NM,2040,5.939851299
int_met_coal_feed,NM,2041,5.920718065
int_met_coal_feed,NM,2042,5.921125155
int_met_coal_feed,NM,2043,5.917054255
int_met_coal_feed,NM,2044,5.922346426
int_met_coal_feed,NM,2045,5.934966218
int_met_coal_feed,NM,2046,5.938426484
int_met_coal_feed,NM,2047,5.937408759
int_met_coal_feed,NM,2048,5.936594578
int_met_coal_feed,NM,2049,5.939851299
int_met_coal_feed,NM,2050,5.937001668
int_met_coal_feed,SD,2010,6.144006972
int_met_coal_feed,SD,2011,6.144006972
int_met_coal_feed,SD,2012,6.144006972
int_met_coal_feed,SD,2013,6.144006972
int_met_coal_feed,SD,2014,6.144006972
int_met_coal_feed,SD,2015,6.144006972
int_met_coal_feed,SD,2016,6.144006972
int_met_coal_feed,SD,2017,6.144006972
int_met_coal_feed,SD,2018,6.144006972
int_met_coal_feed,SD,2019,6.144006972
int_met_coal_feed,SD,2020,6.144006972
int_met_coal_feed,SD,2021,6.144006972
int_met_coal_feed,SD,2022,6.144006972
int_met_coal_feed,SD,2023,6.144006972
int_met_coal_feed,SD,2024,6.144006972
int_met_coal_feed,SD,2025,6.033889107
int_met_coal_feed,SD,2026,5.986056023
int_met_coal_feed,SD,2027,5.954506542
int_met_coal_feed,SD,2028,5.932930768
int_met_coal_feed,SD,2029,5.930081137
int_met_coal_feed,SD,2030,5.931302407
int_met_coal_feed,SD,2031,5.936594578
int_met_coal_feed,SD,2032,5.956745537
int_met_coal_feed,SD,2033,5.957559717
int_met_coal_feed,SD,2034,5.932116588
int_met_coal_feed,SD,2035,5.952878181
int_met_coal_feed,SD,2036,5.953692362
int_met_coal_feed,SD,2037,5.953285271
int_met_coal_feed,SD,2038,5.953895907
int_met_coal_feed,SD,2039,5.938630029
int_met_coal_feed,SD,2040,5.939851299
int_met_coal_feed,SD,2041,5.920718065
int_met_coal_feed,SD,2042,5.921125155
int_met_coal_feed,SD,2043,5.917054255
int_met_coal_feed,SD,2044,5.922346426
int_met_coal_feed,SD,2045,5.934966218
int_met_coal_feed,SD,2046,5.938426484
int_met_coal_feed,SD,2047,5.937408759
int_met_coal_feed,SD,2048,5.936594578
int_met_coal_feed,SD,2049,5.939851299
int_met_coal_feed,SD,2050,5.937001668
int_met_coal_feed,CO,2010,6.144006972
int_met_coal_feed,CO,2011,6.144006972
int_met_coal_feed,CO,2012,6.144006972
int_met_coal_feed,CO,2013,6.144006972
int_met_coal_feed,CO,2014,6.144006972
int_met_coal_feed,CO,2015,6.144006972
int_met_coal_feed,CO,2016,6.144006972
int_met_coal_feed,CO,2017,6.144006972
int_met_coal_feed,CO,2018,6.144006972
int_met_coal_feed,CO,2019,6.144006972
int_met_coal_feed,CO,2020,6.144006972
int_met_coal_feed,CO,2021,6.144006972
int_met_coal_feed,CO,2022,6.144006972
int_met_coal_feed,CO,2023,6.144006972
int_met_coal_feed,CO,2024,6.144006972
int_met_coal_feed,CO,2025,6.033889107
int_met_coal_feed,CO,2026,5.986056023
int_met_coal_feed,CO,2027,5.954506542
int_met_coal_feed,CO,2028,5.932930768
int_met_coal_feed,CO,2029,5.930081137
int_met_coal_feed,CO,2030,5.931302407
int_met_coal_feed,CO,2031,5.936594578
int_met_coal_feed,CO,2032,5.956745537
int_met_coal_feed,CO,2033,5.957559717
int_met_coal_feed,CO,2034,5.932116588
int_met_coal_feed,CO,2035,5.952878181
int_met_coal_feed,CO,2036,5.953692362
int_met_coal_feed,CO,2037,5.953285271
int_met_coal_feed,CO,2038,5.953895907
int_met_coal_feed,CO,2039,5.938630029
int_met_coal_feed,CO,2040,5.939851299
int_met_coal_feed,CO,2041,5.920718065
int_met_coal_feed,CO,2042,5.921125155
int_met_coal_feed,CO,2043,5.917054255
int_met_coal_feed,CO,2044,5.922346426
int_met_coal_feed,CO,2045,5.934966218
int_met_coal_feed,CO,2046,5.938426484
int_met_coal_feed,CO,2047,5.937408759
int_met_coal_feed,CO,2048,5.936594578
int_met_coal_feed,CO,2049,5.939851299
int_met_coal_feed,CO,2050,5.937001668
int_met_coal_feed,ND,2010,6.144006972
int_met_coal_feed,ND,2011,6.144006972
int_met_coal_feed,ND,2012,6.144006972
int_met_coal_feed,ND,2013,6.144006972
int_met_coal_feed,ND,2014,6.144006972
int_met_coal_feed,ND,2015,6.144006972
int_met_coal_feed,ND,2016,6.144006972
int_met_coal_feed,ND,2017,6.144006972
int_met_coal_feed,ND,2018,6.144006972
int_met_coal_feed,ND,2019,6.144006972
int_met_coal_feed,ND,2020,6.144006972
int_met_coal_feed,ND,2021,6.144006972
int_met_coal_feed,ND,2022,6.144006972
int_met_coal_feed,ND,2023,6.144006972
int_met_coal_feed,ND,2024,6.144006972
int_met_coal_feed,ND,2025,6.033889107
int_met_coal_feed,ND,2026,5.986056023
int_met_coal_feed,ND,2027,5.954506542
int_met_coal_feed,ND,2028,5.932930768
int_met_coal_feed,ND,2029,5.930081137
int_met_coal_feed,ND,2030,5.931302407
int_met_coal_feed,ND,2031,5.936594578
int_met_coal_feed,ND,2032,5.956745537
int_met_coal_feed,ND,2033,5.957559717
int_met_coal_feed,ND,2034,5.932116588
int_met_coal_feed,ND,2035,5.952878181
int_met_coal_feed,ND,2036,5.953692362
int_met_coal_feed,ND,2037,5.953285271
int_met_coal_feed,ND,2038,5.953895907
int_met_coal_feed,ND,2039,5.938630029
int_met_coal_feed,ND,2040,5.939851299
int_met_coal_feed,ND,2041,5.920718065
int_met_coal_feed,ND,2042,5.921125155
int_met_coal_feed,ND,2043,5.917054255
int_met_coal_feed,ND,2044,5.922346426
int_met_coal_feed,ND,2045,5.934966218
int_met_coal_feed,ND,2046,5.938426484
int_met_coal_feed,ND,2047,5.937408759
int_met_coal_feed,ND,2048,5.936594578
int_met_coal_feed,ND,2049,5.939851299
int_met_coal_feed,ND,2050,5.937001668
int_met_coal_feed,NE,2010,6.144006972
int_met_coal_feed,NE,2011,6.144006972
int_met_coal_feed,NE,2012,6.144006972
int_met_coal_feed,NE,2013,6.144006972
int_met_coal_feed,NE,2014,6.144006972
int_met_coal_feed,NE,2015,6.144006972
int_met_coal_feed,NE,2016,6.144006972
int_met_coal_feed,NE,2017,6.144006972
int_met_coal_feed,NE,2018,6.144006972
int_met_coal_feed,NE,2019,6.144006972
int_met_coal_feed,NE,2020,6.144006972
int_met_coal_feed,NE,2021,6.144006972
int_met_coal_feed,NE,2022,6.144006972
int_met_coal_feed,NE,2023,6.144006972
int_met_coal_feed,NE,2024,6.144006972
int_met_coal_feed,NE,2025,6.033889107
int_met_coal_feed,NE,2026,5.986056023
int_met_coal_feed,NE,2027,5.954506542
int_met_coal_feed,NE,2028,5.932930768
int_met_coal_feed,NE,2029,5.930081137
int_met_coal_feed,NE,2030,5.931302407
int_met_coal_feed,NE,2031,5.936594578
int_met_coal_feed,NE,2032,5.956745537
int_met_coal_feed,NE,2033,5.957559717
int_met_coal_feed,NE,2034,5.932116588
int_met_coal_feed,NE,2035,5.952878181
int_met_coal_feed,NE,2036,5.953692362
int_met_coal_feed,NE,2037,5.953285271
int_met_coal_feed,NE,2038,5.953895907
int_met_coal_feed,NE,2039,5.938630029
int_met_coal_feed,NE,2040,5.939851299
int_met_coal_feed,NE,2041,5.920718065
int_met_coal_feed,NE,2042,5.921125155
int_met_coal_feed,NE,2043,5.917054255
int_met_coal_feed,NE,2044,5.922346426
int_met_coal_feed,NE,2045,5.934966218
int_met_coal_feed,NE,2046,5.938426484
int_met_coal_feed,NE,2047,5.937408759
int_met_coal_feed,NE,2048,5.936594578
int_met_coal_feed,NE,2049,5.939851299
int_met_coal_feed,NE,2050,5.937001668
int_met_coal_feed,MN,2010,6.144006972
int_met_coal_feed,MN,2011,6.144006972
int_met_coal_feed,MN,2012,6.144006972
int_met_coal_feed,MN,2013,6.144006972
int_met_coal_feed,MN,2014,6.144006972
int_met_coal_feed,MN,2015,6.144006972
int_met_coal_feed,MN,2016,6.144006972
int_met_coal_feed,MN,2017,6.144006972
int_met_coal_feed,MN,2018,6.144006972
int_met_coal_feed,MN,2019,6.144006972
int_met_coal_feed,MN,2020,6.144006972
int_met_coal_feed,MN,2021,6.144006972
int_met_coal_feed,MN,2022,6.144006972
int_met_coal_feed,MN,2023,6.144006972
int_met_coal_feed,MN,2024,6.144006972
int_met_coal_feed,MN,2025,6.033889107
int_met_coal_feed,MN,2026,5.986056023
int_met_coal_feed,MN,2027,5.954506542
int_met_coal_feed,MN,2028,5.932930768
int_met_coal_feed,MN,2029,5.930081137
int_met_coal_feed,MN,2030,5.931302407
int_met_coal_feed,MN,2031,5.936594578
int_met_coal_feed,MN,2032,5.956745537
int_met_coal_feed,MN,2033,5.957559717
int_met_coal_feed,MN,2034,5.932116588
int_met_coal_feed,MN,2035,5.952878181
int_met_coal_feed,MN,2036,5.953692362
int_met_coal_feed,MN,2037,5.953285271
int_met_coal_feed,MN,2038,5.953895907
int_met_coal_feed,MN,2039,5.938630029
int_met_coal_feed,MN,2040,5.939851299
int_met_coal_feed,MN,2041,5.920718065
int_met_coal_feed,MN,2042,5.921125155
int_met_coal_feed,MN,2043,5.917054255
int_met_coal_feed,MN,2044,5.922346426
int_met_coal_feed,MN,2045,5.934966218
int_met_coal_feed,MN,2046,5.938426484
int_met_coal_feed,MN,2047,5.937408759
int_met_coal_feed,MN,2048,5.936594578
int_met_coal_feed,MN,2049,5.939851299
int_met_coal_feed,MN,2050,5.937001668
int_met_coal_feed,IA,2010,6.144006972
int_met_coal_feed,IA,2011,6.144006972
int_met_coal_feed,IA,2012,6.144006972
int_met_coal_feed,IA,2013,6.144006972
int_met_coal_feed,IA,2014,6.144006972
int_met_coal_feed,IA,2015,6.144006972
int_met_coal_feed,IA,2016,6.144006972
int_met_coal_feed,IA,2017,6.144006972
int_met_coal_feed,IA,2018,6.144006972
int_met_coal_feed,IA,2019,6.144006972
int_met_coal_feed,IA,2020,6.144006972
int_met_coal_feed,IA,2021,6.144006972
int_met_coal_feed,IA,2022,6.144006972
int_met_coal_feed,IA,2023,6.144006972
int_met_coal_feed,IA,2024,6.144006972
int_met_coal_feed,IA,2025,6.033889107
int_met_coal_feed,IA,2026,5.986056023
int_met_coal_feed,IA,2027,5.954506542
int_met_coal_feed,IA,2028,5.932930768
int_met_coal_feed,IA,2029,5.930081137
int_met_coal_feed,IA,2030,5.931302407
int_met_coal_feed,IA,2031,5.936594578
int_met_coal_feed,IA,2032,5.956745537
int_met_coal_feed,IA,2033,5.957559717
int_met_coal_feed,IA,2034,5.932116588
int_met_coal_feed,IA,2035,5.952878181
int_met_coal_feed,IA,2036,5.953692362
int_met_coal_feed,IA,2037,5.953285271
int_met_coal_feed,IA,2038,5.953895907
int_met_coal_feed,IA,2039,5.938630029
int_met_coal_feed,IA,2040,5.939851299
int_met_coal_feed,IA,2041,5.920718065
int_met_coal_feed,IA,2042,5.921125155
int_met_coal_feed,IA,2043,5.917054255
int_met_coal_feed,IA,2044,5.922346426
int_met_coal_feed,IA,2045,5.934966218
int_met_coal_feed,IA,2046,5.938426484
int_met_coal_feed,IA,2047,5.937408759
int_met_coal_feed,IA,2048,5.936594578
int_met_coal_feed,IA,2049,5.939851299
int_met_coal_feed,IA,2050,5.937001668
int_met_coal_feed,WI,2010,6.699074291
int_met_coal_feed,WI,2011,6.699074291
int_met_coal_feed,WI,2012,6.699074291
int_met_coal_feed,WI,2013,6.699074291
int_met_coal_feed,WI,2014,6.699074291
int_met_coal_feed,WI,2015,6.699074291
int_met_coal_feed,WI,2016,6.699074291
int_met_coal_feed,WI,2017,6.699074291
int_met_coal_feed,WI,2018,6.699074291
int_met_coal_feed,WI,2019,6.699074291
int_met_coal_feed,WI,2020,6.699074291
int_met_coal_feed,WI,2021,6.699074291
int_met_coal_feed,WI,2022,6.699074291
int_met_coal_feed,WI,2023,6.699074291
int_met_coal_feed,WI,2024,6.699074291
int_met_coal_feed,WI,2025,6.621727176
int_met_coal_feed,WI,2026,6.583460709
int_met_coal_feed,WI,2027,6.550893503
int_met_coal_feed,WI,2028,6.525653918
int_met_coal_feed,WI,2029,6.516697937
int_met_coal_feed,WI,2030,6.511812856
int_met_coal_feed,WI,2031,6.510998675
int_met_coal_feed,WI,2032,6.524839738
int_met_coal_feed,WI,2033,6.520768837
int_met_coal_feed,WI,2034,6.491458352
int_met_coal_feed,WI,2035,6.510184495
int_met_coal_feed,WI,2036,6.513441216
int_met_coal_feed,WI,2037,6.515883757
int_met_coal_feed,WI,2038,6.518326297
int_met_coal_feed,WI,2039,6.502856874
int_met_coal_feed,WI,2040,6.503671054
int_met_coal_feed,WI,2041,6.484130731
int_met_coal_feed,WI,2042,6.48331655
int_met_coal_feed,WI,2043,6.48168819
int_met_coal_feed,WI,2044,6.487387451
int_met_coal_feed,WI,2045,6.501228514
int_met_coal_feed,WI,2046,6.508556135
int_met_coal_feed,WI,2047,6.509370315
int_met_coal_feed,WI,2048,6.508556135
int_met_coal_feed,WI,2049,6.511812856
int_met_coal_feed,WI,2050,6.510998675
int_met_coal_feed,TX,2010,6.144006972
int_met_coal_feed,TX,2011,6.144006972
int_met_coal_feed,TX,2012,6.144006972
int_met_coal_feed,TX,2013,6.144006972
int_met_coal_feed,TX,2014,6.144006972
int_met_coal_feed,TX,2015,6.144006972
int_met_coal_feed,TX,2016,6.144006972
int_met_coal_feed,TX,2017,6.144006972
int_met_coal_feed,TX,2018,6.144006972
int_met_coal_feed,TX,2019,6.144006972
int_met_coal_feed,TX,2020,6.144006972
int_met_coal_feed,TX,2021,6.144006972
int_met_coal_feed,TX,2022,6.144006972
int_met_coal_feed,TX,2023,6.144006972
int_met_coal_feed,TX,2024,6.144006972
int_met_coal_feed,TX,2025,6.033889107
int_met_coal_feed,TX,2026,5.986056023
int_met_coal_feed,TX,2027,5.954506542
int_met_coal_feed,TX,2028,5.932930768
int_met_coal_feed,TX,2029,5.930081137
int_met_coal_feed,TX,2030,5.931302407
int_met_coal_feed,TX,2031,5.936594578
int_met_coal_feed,TX,2032,5.956745537
int_met_coal_feed,TX,2033,5.957559717
int_met_coal_feed,TX,2034,5.932116588
int_met_coal_feed,TX,2035,5.952878181
int_met_coal_feed,TX,2036,5.953692362
int_met_coal_feed,TX,2037,5.953285271
int_met_coal_feed,TX,2038,5.953895907
int_met_coal_feed,TX,2039,5.938630029
int_met_coal_feed,TX,2040,5.939851299
int_met_coal_feed,TX,2041,5.920718065
int_met_coal_feed,TX,2042,5.921125155
int_met_coal_feed,TX,2043,5.917054255
int_met_coal_feed,TX,2044,5.922346426
int_met_coal_feed,TX,2045,5.934966218
int_met_coal_feed,TX,2046,5.938426484
int_met_coal_feed,TX,2047,5.937408759
int_met_coal_feed,TX,2048,5.936594578
int_met_coal_feed,TX,2049,5.939851299
int_met_coal_feed,TX,2050,5.937001668
int_met_coal_feed,OK,2010,6.144006972
int_met_coal_feed,OK,2011,6.144006972
int_met_coal_feed,OK,2012,6.144006972
int_met_coal_feed,OK,2013,6.144006972
int_met_coal_feed,OK,2014,6.144006972
int_met_coal_feed,OK,2015,6.144006972
int_met_coal_feed,OK,2016,6.144006972
int_met_coal_feed,OK,2017,6.144006972
int_met_coal_feed,OK,2018,6.144006972
int_met_coal_feed,OK,2019,6.144006972
int_met_coal_feed,OK,2020,6.144006972
int_met_coal_feed,OK,2021,6.144006972
int_met_coal_feed,OK,2022,6.144006972
int_met_coal_feed,OK,2023,6.144006972
int_met_coal_feed,OK,2024,6.144006972
int_met_coal_feed,OK,2025,6.033889107
int_met_coal_feed,OK,2026,5.986056023
int_met_coal_feed,OK,2027,5.954506542
int_met_coal_feed,OK,2028,5.932930768
int_met_coal_feed,OK,2029,5.930081137
int_met_coal_feed,OK,2030,5.931302407
int_met_coal_feed,OK,2031,5.936594578
int_met_coal_feed,OK,2032,5.956745537
int_met_coal_feed,OK,2033,5.957559717
int_met_coal_feed,OK,2034,5.932116588
int_met_coal_feed,OK,2035,5.952878181
int_met_coal_feed,OK,2036,5.953692362
int_met_coal_feed,OK,2037,5.953285271
int_met_coal_feed,OK,2038,5.953895907
int_met_coal_feed,OK,2039,5.938630029
int_met_coal_feed,OK,2040,5.939851299
int_met_coal_feed,OK,2041,5.920718065
int_met_coal_feed,OK,2042,5.921125155
int_met_coal_feed,OK,2043,5.917054255
int_met_coal_feed,OK,2044,5.922346426
int_met_coal_feed,OK,2045,5.934966218
int_met_coal_feed,OK,2046,5.938426484
int_met_coal_feed,OK,2047,5.937408759
int_met_coal_feed,OK,2048,5.936594578
int_met_coal_feed,OK,2049,5.939851299
int_met_coal_feed,OK,2050,5.937001668
int_met_coal_feed,KS,2010,6.144006972
int_met_coal_feed,KS,2011,6.144006972
int_met_coal_feed,KS,2012,6.144006972
int_met_coal_feed,KS,2013,6.144006972
int_met_coal_feed,KS,2014,6.144006972
int_met_coal_feed,KS,2015,6.144006972
int_met_coal_feed,KS,2016,6.144006972
int_met_coal_feed,KS,2017,6.144006972
int_met_coal_feed,KS,2018,6.144006972
int_met_coal_feed,KS,2019,6.144006972
int_met_coal_feed,KS,2020,6.144006972
int_met_coal_feed,KS,2021,6.144006972
int_met_coal_feed,KS,2022,6.144006972
int_met_coal_feed,KS,2023,6.144006972
int_met_coal_feed,KS,2024,6.144006972
int_met_coal_feed,KS,2025,6.033889107
int_met_coal_feed,KS,2026,5.986056023
int_met_coal_feed,KS,2027,5.954506542
int_met_coal_feed,KS,2028,5.932930768
int_met_coal_feed,KS,2029,5.930081137
int_met_coal_feed,KS,2030,5.931302407
int_met_coal_feed,KS,2031,5.936594578
int_met_coal_feed,KS,2032,5.956745537
int_met_coal_feed,KS,2033,5.957559717
int_met_coal_feed,KS,2034,5.932116588
int_met_coal_feed,KS,2035,5.952878181
int_met_coal_feed,KS,2036,5.953692362
int_met_coal_feed,KS,2037,5.953285271
int_met_coal_feed,KS,2038,5.953895907
int_met_coal_feed,KS,2039,5.938630029
int_met_coal_feed,KS,2040,5.939851299
int_met_coal_feed,KS,2041,5.920718065
int_met_coal_feed,KS,2042,5.921125155
int_met_coal_feed,KS,2043,5.917054255
int_met_coal_feed,KS,2044,5.922346426
int_met_coal_feed,KS,2045,5.934966218
int_met_coal_feed,KS,2046,5.938426484
int_met_coal_feed,KS,2047,5.937408759
int_met_coal_feed,KS,2048,5.936594578
int_met_coal_feed,KS,2049,5.939851299
int_met_coal_feed,KS,2050,5.937001668
int_met_coal_feed,MO,2010,6.144006972
int_met_coal_feed,MO,2011,6.144006972
int_met_coal_feed,MO,2012,6.144006972
int_met_coal_feed,MO,2013,6.144006972
int_met_coal_feed,MO,2014,6.144006972
int_met_coal_feed,MO,2015,6.144006972
int_met_coal_feed,MO,2016,6.144006972
int_met_coal_feed,MO,2017,6.144006972
int_met_coal_feed,MO,2018,6.144006972
int_met_coal_feed,MO,2019,6.144006972
int_met_coal_feed,MO,2020,6.144006972
int_met_coal_feed,MO,2021,6.144006972
int_met_coal_feed,MO,2022,6.144006972
int_met_coal_feed,MO,2023,6.144006972
int_met_coal_feed,MO,2024,6.144006972
int_met_coal_feed,MO,2025,6.033889107
int_met_coal_feed,MO,2026,5.986056023
int_met_coal_feed,MO,2027,5.954506542
int_met_coal_feed,MO,2028,5.932930768
int_met_coal_feed,MO,2029,5.930081137
int_met_coal_feed,MO,2030,5.931302407
int_met_coal_feed,MO,2031,5.936594578
int_met_coal_feed,MO,2032,5.956745537
int_met_coal_feed,MO,2033,5.957559717
int_met_coal_feed,MO,2034,5.932116588
int_met_coal_feed,MO,2035,5.952878181
int_met_coal_feed,MO,2036,5.953692362
int_met_coal_feed,MO,2037,5.953285271
int_met_coal_feed,MO,2038,5.953895907
int_met_coal_feed,MO,2039,5.938630029
int_met_coal_feed,MO,2040,5.939851299
int_met_coal_feed,MO,2041,5.920718065
int_met_coal_feed,MO,2042,5.921125155
int_met_coal_feed,MO,2043,5.917054255
int_met_coal_feed,MO,2044,5.922346426
int_met_coal_feed,MO,2045,5.934966218
int_met_coal_feed,MO,2046,5.938426484
int_met_coal_feed,MO,2047,5.937408759
int_met_coal_feed,MO,2048,5.936594578
int_met_coal_feed,MO,2049,5.939851299
int_met_coal_feed,MO,2050,5.937001668
int_met_coal_feed,AR,2010,6.144006972
int_met_coal_feed,AR,2011,6.144006972
int_met_coal_feed,AR,2012,6.144006972
int_met_coal_feed,AR,2013,6.144006972
int_met_coal_feed,AR,2014,6.144006972
int_met_coal_feed,AR,2015,6.144006972
int_met_coal_feed,AR,2016,6.144006972
int_met_coal_feed,AR,2017,6.144006972
int_met_coal_feed,AR,2018,6.144006972
int_met_coal_feed,AR,2019,6.144006972
int_met_coal_feed,AR,2020,6.144006972
int_met_coal_feed,AR,2021,6.144006972
int_met_coal_feed,AR,2022,6.144006972
int_met_coal_feed,AR,2023,6.144006972
int_met_coal_feed,AR,2024,6.144006972
int_met_coal_feed,AR,2025,6.033889107
int_met_coal_feed,AR,2026,5.986056023
int_met_coal_feed,AR,2027,5.954506542
int_met_coal_feed,AR,2028,5.932930768
int_met_coal_feed,AR,2029,5.930081137
int_met_coal_feed,AR,2030,5.931302407
int_met_coal_feed,AR,2031,5.936594578
int_met_coal_feed,AR,2032,5.956745537
int_met_coal_feed,AR,2033,5.957559717
int_met_coal_feed,AR,2034,5.932116588
int_met_coal_feed,AR,2035,5.952878181
int_met_coal_feed,AR,2036,5.953692362
int_met_coal_feed,AR,2037,5.953285271
int_met_coal_feed,AR,2038,5.953895907
int_met_coal_feed,AR,2039,5.938630029
int_met_coal_feed,AR,2040,5.939851299
int_met_coal_feed,AR,2041,5.920718065
int_met_coal_feed,AR,2042,5.921125155
int_met_coal_feed,AR,2043,5.917054255
int_met_coal_feed,AR,2044,5.922346426
int_met_coal_feed,AR,2045,5.934966218
int_met_coal_feed,AR,2046,5.938426484
int_met_coal_feed,AR,2047,5.937408759
int_met_coal_feed,AR,2048,5.936594578
int_met_coal_feed,AR,2049,5.939851299
int_met_coal_feed,AR,2050,5.937001668
int_met_coal_feed,LA,2010,6.144006972
int_met_coal_feed,LA,2011,6.144006972
int_met_coal_feed,LA,2012,6.144006972
int_met_coal_feed,LA,2013,6.144006972
int_met_coal_feed,LA,2014,6.144006972
int_met_coal_feed,LA,2015,6.144006972
int_met_coal_feed,LA,2016,6.144006972
int_met_coal_feed,LA,2017,6.144006972
int_met_coal_feed,LA,2018,6.144006972
int_met_coal_feed,LA,2019,6.144006972
int_met_coal_feed,LA,2020,6.144006972
int_met_coal_feed,LA,2021,6.144006972
int_met_coal_feed,LA,2022,6.144006972
int_met_coal_feed,LA,2023,6.144006972
int_met_coal_feed,LA,2024,6.144006972
int_met_coal_feed,LA,2025,6.033889107
int_met_coal_feed,LA,2026,5.986056023
int_met_coal_feed,LA,2027,5.954506542
int_met_coal_feed,LA,2028,5.932930768
int_met_coal_feed,LA,2029,5.930081137
int_met_coal_feed,LA,2030,5.931302407
int_met_coal_feed,LA,2031,5.936594578
int_met_coal_feed,LA,2032,5.956745537
int_met_coal_feed,LA,2033,5.957559717
int_met_coal_feed,LA,2034,5.932116588
int_met_coal_feed,LA,2035,5.952878181
int_met_coal_feed,LA,2036,5.953692362
int_met_coal_feed,LA,2037,5.953285271
int_met_coal_feed,LA,2038,5.953895907
int_met_coal_feed,LA,2039,5.938630029
int_met_coal_feed,LA,2040,5.939851299
int_met_coal_feed,LA,2041,5.920718065
int_met_coal_feed,LA,2042,5.921125155
int_met_coal_feed,LA,2043,5.917054255
int_met_coal_feed,LA,2044,5.922346426
int_met_coal_feed,LA,2045,5.934966218
int_met_coal_feed,LA,2046,5.938426484
int_met_coal_feed,LA,2047,5.937408759
int_met_coal_feed,LA,2048,5.936594578
int_met_coal_feed,LA,2049,5.939851299
int_met_coal_feed,LA,2050,5.937001668
int_met_coal_feed,MI,2010,6.699074291
int_met_coal_feed,MI,2011,6.699074291
int_met_coal_feed,MI,2012,6.699074291
int_met_coal_feed,MI,2013,6.699074291
int_met_coal_feed,MI,2014,6.699074291
int_met_coal_feed,MI,2015,6.699074291
int_met_coal_feed,MI,2016,6.699074291
int_met_coal_feed,MI,2017,6.699074291
int_met_coal_feed,MI,2018,6.699074291
int_met_coal_feed,MI,2019,6.699074291
int_met_coal_feed,MI,2020,6.699074291
int_met_coal_feed,MI,2021,6.699074291
int_met_coal_feed,MI,2022,6.699074291
int_met_coal_feed,MI,2023,6.699074291
int_met_coal_feed,MI,2024,6.699074291
int_met_coal_feed,MI,2025,6.621727176
int_met_coal_feed,MI,2026,6.583460709
int_met_coal_feed,MI,2027,6.550893503
int_met_coal_feed,MI,2028,6.525653918
int_met_coal_feed,MI,2029,6.516697937
int_met_coal_feed,MI,2030,6.511812856
int_met_coal_feed,MI,2031,6.510998675
int_met_coal_feed,MI,2032,6.524839738
int_met_coal_feed,MI,2033,6.520768837
int_met_coal_feed,MI,2034,6.491458352
int_met_coal_feed,MI,2035,6.510184495
int_met_coal_feed,MI,2036,6.513441216
int_met_coal_feed,MI,2037,6.515883757
int_met_coal_feed,MI,2038,6.518326297
int_met_coal_feed,MI,2039,6.502856874
int_met_coal_feed,MI,2040,6.503671054
int_met_coal_feed,MI,2041,6.484130731
int_met_coal_feed,MI,2042,6.48331655
int_met_coal_feed,MI,2043,6.48168819
int_met_coal_feed,MI,2044,6.487387451
int_met_coal_feed,MI,2045,6.501228514
int_met_coal_feed,MI,2046,6.508556135
int_met_coal_feed,MI,2047,6.509370315
int_met_coal_feed,MI,2048,6.508556135
int_met_coal_feed,MI,2049,6.511812856
int_met_coal_feed,MI,2050,6.510998675
int_met_coal_feed,IL,2010,6.699074291
int_met_coal_feed,IL,2011,6.699074291
int_met_coal_feed,IL,2012,6.699074291
int_met_coal_feed,IL,2013,6.699074291
int_met_coal_feed,IL,2014,6.699074291
int_met_coal_feed,IL,2015,6.699074291
int_met_coal_feed,IL,2016,6.699074291
int_met_coal_feed,IL,2017,6.699074291
int_met_coal_feed,IL,2018,6.699074291
int_met_coal_feed,IL,2019,6.699074291
int_met_coal_feed,IL,2020,6.699074291
int_met_coal_feed,IL,2021,6.699074291
int_met_coal_feed,IL,2022,6.699074291
int_met_coal_feed,IL,2023,6.699074291
int_met_coal_feed,IL,2024,6.699074291
int_met_coal_feed,IL,2025,6.621727176
int_met_coal_feed,IL,2026,6.583460709
int_met_coal_feed,IL,2027,6.550893503
int_met_coal_feed,IL,2028,6.525653918
int_met_coal_feed,IL,2029,6.516697937
int_met_coal_feed,IL,2030,6.511812856
int_met_coal_feed,IL,2031,6.510998675
int_met_coal_feed,IL,2032,6.524839738
int_met_coal_feed,IL,2033,6.520768837
int_met_coal_feed,IL,2034,6.491458352
int_met_coal_feed,IL,2035,6.510184495
int_met_coal_feed,IL,2036,6.513441216
int_met_coal_feed,IL,2037,6.515883757
int_met_coal_feed,IL,2038,6.518326297
int_met_coal_feed,IL,2039,6.502856874
int_met_coal_feed,IL,2040,6.503671054
int_met_coal_feed,IL,2041,6.484130731
int_met_coal_feed,IL,2042,6.48331655
int_met_coal_feed,IL,2043,6.48168819
int_met_coal_feed,IL,2044,6.487387451
int_met_coal_feed,IL,2045,6.501228514
int_met_coal_feed,IL,2046,6.508556135
int_met_coal_feed,IL,2047,6.509370315
int_met_coal_feed,IL,2048,6.508556135
int_met_coal_feed,IL,2049,6.511812856
int_met_coal_feed,IL,2050,6.510998675
int_met_coal_feed,MS,2010,6.405969436
int_met_coal_feed,MS,2011,6.405969436
int_met_coal_feed,MS,2012,6.405969436
int_met_coal_feed,MS,2013,6.405969436
int_met_coal_feed,MS,2014,6.405969436
int_met_coal_feed,MS,2015,6.405969436
int_met_coal_feed,MS,2016,6.405969436
int_met_coal_feed,MS,2017,6.405969436
int_met_coal_feed,MS,2018,6.405969436
int_met_coal_feed,MS,2019,6.405969436
int_met_coal_feed,MS,2020,6.405969436
int_met_coal_feed,MS,2021,6.405969436
int_met_coal_feed,MS,2022,6.405969436
int_met_coal_feed,MS,2023,6.405969436
int_met_coal_feed,MS,2024,6.405969436
int_met_coal_feed,MS,2025,6.312338719
int_met_coal_feed,MS,2026,6.26837299
int_met_coal_feed,MS,2027,6.236619964
int_met_coal_feed,MS,2028,6.21382292
int_met_coal_feed,MS,2029,6.208123659
int_met_coal_feed,MS,2030,6.206495299
int_met_coal_feed,MS,2031,6.208937839
int_met_coal_feed,MS,2032,6.226035622
int_met_coal_feed,MS,2033,6.224407262
int_met_coal_feed,MS,2034,6.197539317
int_met_coal_feed,MS,2035,6.217079641
int_met_coal_feed,MS,2036,6.219522181
int_met_coal_feed,MS,2037,6.220336361
int_met_coal_feed,MS,2038,6.221964722
int_met_coal_feed,MS,2039,6.207309479
int_met_coal_feed,MS,2040,6.208123659
int_met_coal_feed,MS,2041,6.188583335
int_met_coal_feed,MS,2042,6.188583335
int_met_coal_feed,MS,2043,6.185326615
int_met_coal_feed,MS,2044,6.191840056
int_met_coal_feed,MS,2045,6.204866938
int_met_coal_feed,MS,2046,6.209752019
int_met_coal_feed,MS,2047,6.209752019
int_met_coal_feed,MS,2048,6.209752019
int_met_coal_feed,MS,2049,6.21300874
int_met_coal_feed,MS,2050,6.21138038
int_met_coal_feed,AL,2010,6.405969436
int_met_coal_feed,AL,2011,6.405969436
int_met_coal_feed,AL,2012,6.405969436
int_met_coal_feed,AL,2013,6.405969436
int_met_coal_feed,AL,2014,6.405969436
int_met_coal_feed,AL,2015,6.405969436
int_met_coal_feed,AL,2016,6.405969436
int_met_coal_feed,AL,2017,6.405969436
int_met_coal_feed,AL,2018,6.405969436
int_met_coal_feed,AL,2019,6.405969436
int_met_coal_feed,AL,2020,6.405969436
int_met_coal_feed,AL,2021,6.405969436
int_met_coal_feed,AL,2022,6.405969436
int_met_coal_feed,AL,2023,6.405969436
int_met_coal_feed,AL,2024,6.405969436
int_met_coal_feed,AL,2025,6.312338719
int_met_coal_feed,AL,2026,6.26837299
int_met_coal_feed,AL,2027,6.236619964
int_met_coal_feed,AL,2028,6.21382292
int_met_coal_feed,AL,2029,6.208123659
int_met_coal_feed,AL,2030,6.206495299
int_met_coal_feed,AL,2031,6.208937839
int_met_coal_feed,AL,2032,6.226035622
int_met_coal_feed,AL,2033,6.224407262
int_met_coal_feed,AL,2034,6.197539317
int_met_coal_feed,AL,2035,6.217079641
int_met_coal_feed,AL,2036,6.219522181
int_met_coal_feed,AL,2037,6.220336361
int_met_coal_feed,AL,2038,6.221964722
int_met_coal_feed,AL,2039,6.207309479
int_met_coal_feed,AL,2040,6.208123659
int_met_coal_feed,AL,2041,6.188583335
int_met_coal_feed,AL,2042,6.188583335
int_met_coal_feed,AL,2043,6.185326615
int_met_coal_feed,AL,2044,6.191840056
int_met_coal_feed,AL,2045,6.204866938
int_met_coal_feed,AL,2046,6.209752019
int_met_coal_feed,AL,2047,6.209752019
int_met_coal_feed,AL,2048,6.209752019
int_met_coal_feed,AL,2049,6.21300874
int_met_coal_feed,AL,2050,6.21138038
int_met_coal_feed,FL,2010,5.644710994
int_met_coal_feed,FL,2011,5.644710994
int_met_coal_feed,FL,2012,5.644710994
int_met_coal_feed,FL,2013,5.644710994
int_met_coal_feed,FL,2014,5.644710994
int_met_coal_feed,FL,2015,5.644710994
int_met_coal_feed,FL,2016,5.644710994
int_met_coal_feed,FL,2017,5.644710994
int_met_coal_feed,FL,2018,5.644710994
int_met_coal_feed,FL,2019,5.644710994
int_met_coal_feed,FL,2020,5.644710994
int_met_coal_feed,FL,2021,5.644710994
int_met_coal_feed,FL,2022,5.644710994
int_met_coal_feed,FL,2023,5.644710994
int_met_coal_feed,FL,2024,5.644710994
int_met_coal_feed,FL,2025,5.504672008
int_met_coal_feed,FL,2026,5.448493577
int_met_coal_feed,FL,2027,5.417554731
int_met_coal_feed,FL,2028,5.398828588
int_met_coal_feed,FL,2029,5.402085309
int_met_coal_feed,FL,2030,5.40859875
int_met_coal_feed,FL,2031,5.419183092
int_met_coal_feed,FL,2032,5.445236857
int_met_coal_feed,FL,2033,5.450121938
int_met_coal_feed,FL,2034,5.428139073
int_met_coal_feed,FL,2035,5.450936118
int_met_coal_feed,FL,2036,5.449307757
int_met_coal_feed,FL,2037,5.446051037
int_met_coal_feed,FL,2038,5.445236857
int_met_coal_feed,FL,2039,5.429767434
int_met_coal_feed,FL,2040,5.431395794
int_met_coal_feed,FL,2041,5.412669651
int_met_coal_feed,FL,2042,5.414298011
int_met_coal_feed,FL,2043,5.40778457
int_met_coal_feed,FL,2044,5.412669651
int_met_coal_feed,FL,2045,5.424068173
int_met_coal_feed,FL,2046,5.424068173
int_met_coal_feed,FL,2047,5.421625632
int_met_coal_feed,FL,2048,5.419997272
int_met_coal_feed,FL,2049,5.423253993
int_met_coal_feed,FL,2050,5.418368912
int_met_coal_feed,TN,2010,6.405969436
int_met_coal_feed,TN,2011,6.405969436
int_met_coal_feed,TN,2012,6.405969436
int_met_coal_feed,TN,2013,6.405969436
int_met_coal_feed,TN,2014,6.405969436
int_met_coal_feed,TN,2015,6.405969436
int_met_coal_feed,TN,2016,6.405969436
int_met_coal_feed,TN,2017,6.405969436
int_met_coal_feed,TN,2018,6.405969436
int_met_coal_feed,TN,2019,6.405969436
int_met_coal_feed,TN,2020,6.405969436
int_met_coal_feed,TN,2021,6.405969436
int_met_coal_feed,TN,2022,6.405969436
int_met_coal_feed,TN,2023,6.405969436
int_met_coal_feed,TN,2024,6.405969436
int_met_coal_feed,TN,2025,6.312338719
int_met_coal_feed,TN,2026,6.26837299
int_met_coal_feed,TN,2027,6.236619964
int_met_coal_feed,TN,2028,6.21382292
int_met_coal_feed,TN,2029,6.208123659
int_met_coal_feed,TN,2030,6.206495299
int_met_coal_feed,TN,2031,6.208937839
int_met_coal_feed,TN,2032,6.226035622
int_met_coal_feed,TN,2033,6.224407262
int_met_coal_feed,TN,2034,6.197539317
int_met_coal_feed,TN,2035,6.217079641
int_met_coal_feed,TN,2036,6.219522181
int_met_coal_feed,TN,2037,6.220336361
int_met_coal_feed,TN,2038,6.221964722
int_met_coal_feed,TN,2039,6.207309479
int_met_coal_feed,TN,2040,6.208123659
int_met_coal_feed,TN,2041,6.188583335
int_met_coal_feed,TN,2042,6.188583335
int_met_coal_feed,TN,2043,6.185326615
int_met_coal_feed,TN,2044,6.191840056
int_met_coal_feed,TN,2045,6.204866938
int_met_coal_feed,TN,2046,6.209752019
int_met_coal_feed,TN,2047,6.209752019
int_met_coal_feed,TN,2048,6.209752019
int_met_coal_feed,TN,2049,6.21300874
int_met_coal_feed,TN,2050,6.21138038
int_met_coal_feed,KY,2010,6.405969436
int_met_coal_feed,KY,2011,6.405969436
int_met_coal_feed,KY,2012,6.405969436
int_met_coal_feed,KY,2013,6.405969436
int_met_coal_feed,KY,2014,6.405969436
int_met_coal_feed,KY,2015,6.405969436
int_met_coal_feed,KY,2016,6.405969436
int_met_coal_feed,KY,2017,6.405969436
int_met_coal_feed,KY,2018,6.405969436
int_met_coal_feed,KY,2019,6.405969436
int_met_coal_feed,KY,2020,6.405969436
int_met_coal_feed,KY,2021,6.405969436
int_met_coal_feed,KY,2022,6.405969436
int_met_coal_feed,KY,2023,6.405969436
int_met_coal_feed,KY,2024,6.405969436
int_met_coal_feed,KY,2025,6.312338719
int_met_coal_feed,KY,2026,6.26837299
int_met_coal_feed,KY,2027,6.236619964
int_met_coal_feed,KY,2028,6.21382292
int_met_coal_feed,KY,2029,6.208123659
int_met_coal_feed,KY,2030,6.206495299
int_met_coal_feed,KY,2031,6.208937839
int_met_coal_feed,KY,2032,6.226035622
int_met_coal_feed,KY,2033,6.224407262
int_met_coal_feed,KY,2034,6.197539317
int_met_coal_feed,KY,2035,6.217079641
int_met_coal_feed,KY,2036,6.219522181
int_met_coal_feed,KY,2037,6.220336361
int_met_coal_feed,KY,2038,6.221964722
int_met_coal_feed,KY,2039,6.207309479
int_met_coal_feed,KY,2040,6.208123659
int_met_coal_feed,KY,2041,6.188583335
int_met_coal_feed,KY,2042,6.188583335
int_met_coal_feed,KY,2043,6.185326615
int_met_coal_feed,KY,2044,6.191840056
int_met_coal_feed,KY,2045,6.204866938
int_met_coal_feed,KY,2046,6.209752019
int_met_coal_feed,KY,2047,6.209752019
int_met_coal_feed,KY,2048,6.209752019
int_met_coal_feed,KY,2049,6.21300874
int_met_coal_feed,KY,2050,6.21138038
int_met_coal_feed,GA,2010,5.644710994
int_met_coal_feed,GA,2011,5.644710994
int_met_coal_feed,GA,2012,5.644710994
int_met_coal_feed,GA,2013,5.644710994
int_met_coal_feed,GA,2014,5.644710994
int_met_coal_feed,GA,2015,5.644710994
int_met_coal_feed,GA,2016,5.644710994
int_met_coal_feed,GA,2017,5.644710994
int_met_coal_feed,GA,2018,5.644710994
int_met_coal_feed,GA,2019,5.644710994
int_met_coal_feed,GA,2020,5.644710994
int_met_coal_feed,GA,2021,5.644710994
int_met_coal_feed,GA,2022,5.644710994
int_met_coal_feed,GA,2023,5.644710994
int_met_coal_feed,GA,2024,5.644710994
int_met_coal_feed,GA,2025,5.504672008
int_met_coal_feed,GA,2026,5.448493577
int_met_coal_feed,GA,2027,5.417554731
int_met_coal_feed,GA,2028,5.398828588
int_met_coal_feed,GA,2029,5.402085309
int_met_coal_feed,GA,2030,5.40859875
int_met_coal_feed,GA,2031,5.419183092
int_met_coal_feed,GA,2032,5.445236857
int_met_coal_feed,GA,2033,5.450121938
int_met_coal_feed,GA,2034,5.428139073
int_met_coal_feed,GA,2035,5.450936118
int_met_coal_feed,GA,2036,5.449307757
int_met_coal_feed,GA,2037,5.446051037
int_met_coal_feed,GA,2038,5.445236857
int_met_coal_feed,GA,2039,5.429767434
int_met_coal_feed,GA,2040,5.431395794
int_met_coal_feed,GA,2041,5.412669651
int_met_coal_feed,GA,2042,5.414298011
int_met_coal_feed,GA,2043,5.40778457
int_met_coal_feed,GA,2044,5.412669651
int_met_coal_feed,GA,2045,5.424068173
int_met_coal_feed,GA,2046,5.424068173
int_met_coal_feed,GA,2047,5.421625632
int_met_coal_feed,GA,2048,5.419997272
int_met_coal_feed,GA,2049,5.423253993
int_met_coal_feed,GA,2050,5.418368912
int_met_coal_feed,SC,2010,5.644710994
int_met_coal_feed,SC,2011,5.644710994
int_met_coal_feed,SC,2012,5.644710994
int_met_coal_feed,SC,2013,5.644710994
int_met_coal_feed,SC,2014,5.644710994
int_met_coal_feed,SC,2015,5.644710994
int_met_coal_feed,SC,2016,5.644710994
int_met_coal_feed,SC,2017,5.644710994
int_met_coal_feed,SC,2018,5.644710994
int_met_coal_feed,SC,2019,5.644710994
int_met_coal_feed,SC,2020,5.644710994
int_met_coal_feed,SC,2021,5.644710994
int_met_coal_feed,SC,2022,5.644710994
int_met_coal_feed,SC,2023,5.644710994
int_met_coal_feed,SC,2024,5.644710994
int_met_coal_feed,SC,2025,5.504672008
int_met_coal_feed,SC,2026,5.448493577
int_met_coal_feed,SC,2027,5.417554731
int_met_coal_feed,SC,2028,5.398828588
int_met_coal_feed,SC,2029,5.402085309
int_met_coal_feed,SC,2030,5.40859875
int_met_coal_feed,SC,2031,5.419183092
int_met_coal_feed,SC,2032,5.445236857
int_met_coal_feed,SC,2033,5.450121938
int_met_coal_feed,SC,2034,5.428139073
int_met_coal_feed,SC,2035,5.450936118
int_met_coal_feed,SC,2036,5.449307757
int_met_coal_feed,SC,2037,5.446051037
int_met_coal_feed,SC,2038,5.445236857
int_met_coal_feed,SC,2039,5.429767434
int_met_coal_feed,SC,2040,5.431395794
int_met_coal_feed,SC,2041,5.412669651
int_met_coal_feed,SC,2042,5.414298011
int_met_coal_feed,SC,2043,5.40778457
int_met_coal_feed,SC,2044,5.412669651
int_met_coal_feed,SC,2045,5.424068173
int_met_coal_feed,SC,2046,5.424068173
int_met_coal_feed,SC,2047,5.421625632
int_met_coal_feed,SC,2048,5.419997272
int_met_coal_feed,SC,2049,5.423253993
int_met_coal_feed,SC,2050,5.418368912
int_met_coal_feed,NC,2010,5.644710994
int_met_coal_feed,NC,2011,5.644710994
int_met_coal_feed,NC,2012,5.644710994
int_met_coal_feed,NC,2013,5.644710994
int_met_coal_feed,NC,2014,5.644710994
int_met_coal_feed,NC,2015,5.644710994
int_met_coal_feed,NC,2016,5.644710994
int_met_coal_feed,NC,2017,5.644710994
int_met_coal_feed,NC,2018,5.644710994
int_met_coal_feed,NC,2019,5.644710994
int_met_coal_feed,NC,2020,5.644710994
int_met_coal_feed,NC,2021,5.644710994
int_met_coal_feed,NC,2022,5.644710994
int_met_coal_feed,NC,2023,5.644710994
int_met_coal_feed,NC,2024,5.644710994
int_met_coal_feed,NC,2025,5.504672008
int_met_coal_feed,NC,2026,5.448493577
int_met_coal_feed,NC,2027,5.417554731
int_met_coal_feed,NC,2028,5.398828588
int_met_coal_feed,NC,2029,5.402085309
int_met_coal_feed,NC,2030,5.40859875
int_met_coal_feed,NC,2031,5.419183092
int_met_coal_feed,NC,2032,5.445236857
int_met_coal_feed,NC,2033,5.450121938
int_met_coal_feed,NC,2034,5.428139073
int_met_coal_feed,NC,2035,5.450936118
int_met_coal_feed,NC,2036,5.449307757
int_met_coal_feed,NC,2037,5.446051037
int_met_coal_feed,NC,2038,5.445236857
int_met_coal_feed,NC,2039,5.429767434
int_met_coal_feed,NC,2040,5.431395794
int_met_coal_feed,NC,2041,5.412669651
int_met_coal_feed,NC,2042,5.414298011
int_met_coal_feed,NC,2043,5.40778457
int_met_coal_feed,NC,2044,5.412669651
int_met_coal_feed,NC,2045,5.424068173
int_met_coal_feed,NC,2046,5.424068173
int_met_coal_feed,NC,2047,5.421625632
int_met_coal_feed,NC,2048,5.419997272
int_met_coal_feed,NC,2049,5.423253993
int_met_coal_feed,NC,2050,5.418368912
int_met_coal_feed,VA,2010,5.644710994
int_met_coal_feed,VA,2011,5.644710994
int_met_coal_feed,VA,2012,5.644710994
int_met_coal_feed,VA,2013,5.644710994
int_met_coal_feed,VA,2014,5.644710994
int_met_coal_feed,VA,2015,5.644710994
int_met_coal_feed,VA,2016,5.644710994
int_met_coal_feed,VA,2017,5.644710994
int_met_coal_feed,VA,2018,5.644710994
int_met_coal_feed,VA,2019,5.644710994
int_met_coal_feed,VA,2020,5.644710994
int_met_coal_feed,VA,2021,5.644710994
int_met_coal_feed,VA,2022,5.644710994
int_met_coal_feed,VA,2023,5.644710994
int_met_coal_feed,VA,2024,5.644710994
int_met_coal_feed,VA,2025,5.504672008
int_met_coal_feed,VA,2026,5.448493577
int_met_coal_feed,VA,2027,5.417554731
int_met_coal_feed,VA,2028,5.398828588
int_met_coal_feed,VA,2029,5.402085309
int_met_coal_feed,VA,2030,5.40859875
int_met_coal_feed,VA,2031,5.419183092
int_met_coal_feed,VA,2032,5.445236857
int_met_coal_feed,VA,2033,5.450121938
int_met_coal_feed,VA,2034,5.428139073
int_met_coal_feed,VA,2035,5.450936118
int_met_coal_feed,VA,2036,5.449307757
int_met_coal_feed,VA,2037,5.446051037
int_met_coal_feed,VA,2038,5.445236857
int_met_coal_feed,VA,2039,5.429767434
int_met_coal_feed,VA,2040,5.431395794
int_met_coal_feed,VA,2041,5.412669651
int_met_coal_feed,VA,2042,5.414298011
int_met_coal_feed,VA,2043,5.40778457
int_met_coal_feed,VA,2044,5.412669651
int_met_coal_feed,VA,2045,5.424068173
int_met_coal_feed,VA,2046,5.424068173
int_met_coal_feed,VA,2047,5.421625632
int_met_coal_feed,VA,2048,5.419997272
int_met_coal_feed,VA,2049,5.423253993
int_met_coal_feed,VA,2050,5.418368912
int_met_coal_feed,IN,2010,6.699074291
int_met_coal_feed,IN,2011,6.699074291
int_met_coal_feed,IN,2012,6.699074291
int_met_coal_feed,IN,2013,6.699074291
int_met_coal_feed,IN,2014,6.699074291
int_met_coal_feed,IN,2015,6.699074291
int_met_coal_feed,IN,2016,6.699074291
int_met_coal_feed,IN,2017,6.699074291
int_met_coal_feed,IN,2018,6.699074291
int_met_coal_feed,IN,2019,6.699074291
int_met_coal_feed,IN,2020,6.699074291
int_met_coal_feed,IN,2021,6.699074291
int_met_coal_feed,IN,2022,6.699074291
int_met_coal_feed,IN,2023,6.699074291
int_met_coal_feed,IN,2024,6.699074291
int_met_coal_feed,IN,2025,6.621727176
int_met_coal_feed,IN,2026,6.583460709
int_met_coal_feed,IN,2027,6.550893503
int_met_coal_feed,IN,2028,6.525653918
int_met_coal_feed,IN,2029,6.516697937
int_met_coal_feed,IN,2030,6.511812856
int_met_coal_feed,IN,2031,6.510998675
int_met_coal_feed,IN,2032,6.524839738
int_met_coal_feed,IN,2033,6.520768837
int_met_coal_feed,IN,2034,6.491458352
int_met_coal_feed,IN,2035,6.510184495
int_met_coal_feed,IN,2036,6.513441216
int_met_coal_feed,IN,2037,6.515883757
int_met_coal_feed,IN,2038,6.518326297
int_met_coal_feed,IN,2039,6.502856874
int_met_coal_feed,IN,2040,6.503671054
int_met_coal_feed,IN,2041,6.484130731
int_met_coal_feed,IN,2042,6.48331655
int_met_coal_feed,IN,2043,6.48168819
int_met_coal_feed,IN,2044,6.487387451
int_met_coal_feed,IN,2045,6.501228514
int_met_coal_feed,IN,2046,6.508556135
int_met_coal_feed,IN,2047,6.509370315
int_met_coal_feed,IN,2048,6.508556135
int_met_coal_feed,IN,2049,6.511812856
int_met_coal_feed,IN,2050,6.510998675
int_met_coal_feed,OH,2010,6.699074291
int_met_coal_feed,OH,2011,6.699074291
int_met_coal_feed,OH,2012,6.699074291
int_met_coal_feed,OH,2013,6.699074291
int_met_coal_feed,OH,2014,6.699074291
int_met_coal_feed,OH,2015,6.699074291
int_met_coal_feed,OH,2016,6.699074291
int_met_coal_feed,OH,2017,6.699074291
int_met_coal_feed,OH,2018,6.699074291
int_met_coal_feed,OH,2019,6.699074291
int_met_coal_feed,OH,2020,6.699074291
int_met_coal_feed,OH,2021,6.699074291
int_met_coal_feed,OH,2022,6.699074291
int_met_coal_feed,OH,2023,6.699074291
int_met_coal_feed,OH,2024,6.699074291
int_met_coal_feed,OH,2025,6.621727176
int_met_coal_feed,OH,2026,6.583460709
int_met_coal_feed,OH,2027,6.550893503
int_met_coal_feed,OH,2028,6.525653918
int_met_coal_feed,OH,2029,6.516697937
int_met_coal_feed,OH,2030,6.511812856
int_met_coal_feed,OH,2031,6.510998675
int_met_coal_feed,OH,2032,6.524839738
int_met_coal_feed,OH,2033,6.520768837
int_met_coal_feed,OH,2034,6.491458352
int_met_coal_feed,OH,2035,6.510184495
int_met_coal_feed,OH,2036,6.513441216
int_met_coal_feed,OH,2037,6.515883757
int_met_coal_feed,OH,2038,6.518326297
int_met_coal_feed,OH,2039,6.502856874
int_met_coal_feed,OH,2040,6.503671054
int_met_coal_feed,OH,2041,6.484130731
int_met_coal_feed,OH,2042,6.48331655
int_met_coal_feed,OH,2043,6.48168819
int_met_coal_feed,OH,2044,6.487387451
int_met_coal_feed,OH,2045,6.501228514
int_met_coal_feed,OH,2046,6.508556135
int_met_coal_feed,OH,2047,6.509370315
int_met_coal_feed,OH,2048,6.508556135
int_met_coal_feed,OH,2049,6.511812856
int_met_coal_feed,OH,2050,6.510998675
int_met_coal_feed,PA,2010,5.826273168
int_met_coal_feed,PA,2011,5.826273168
int_met_coal_feed,PA,2012,5.826273168
int_met_coal_feed,PA,2013,5.826273168
int_met_coal_feed,PA,2014,5.826273168
int_met_coal_feed,PA,2015,5.826273168
int_met_coal_feed,PA,2016,5.826273168
int_met_coal_feed,PA,2017,5.826273168
int_met_coal_feed,PA,2018,5.826273168
int_met_coal_feed,PA,2019,5.826273168
int_met_coal_feed,PA,2020,5.826273168
int_met_coal_feed,PA,2021,5.826273168
int_met_coal_feed,PA,2022,5.826273168
int_met_coal_feed,PA,2023,5.826273168
int_met_coal_feed,PA,2024,5.826273168
int_met_coal_feed,PA,2025,5.696818524
int_met_coal_feed,PA,2026,5.643896814
int_met_coal_feed,PA,2027,5.612957968
int_met_coal_feed,PA,2028,5.593417644
int_met_coal_feed,PA,2029,5.593417644
int_met_coal_feed,PA,2030,5.598302725
int_met_coal_feed,PA,2031,5.607258707
int_met_coal_feed,PA,2032,5.630869931
int_met_coal_feed,PA,2033,5.634940832
int_met_coal_feed,PA,2034,5.611329608
int_met_coal_feed,PA,2035,5.633312472
int_met_coal_feed,PA,2036,5.632498292
int_met_coal_feed,PA,2037,5.630869931
int_met_coal_feed,PA,2038,5.630055751
int_met_coal_feed,PA,2039,5.614586328
int_met_coal_feed,PA,2040,5.616214689
int_met_coal_feed,PA,2041,5.597488545
int_met_coal_feed,PA,2042,5.598302725
int_met_coal_feed,PA,2043,5.593417644
int_met_coal_feed,PA,2044,5.597488545
int_met_coal_feed,PA,2045,5.609701247
int_met_coal_feed,PA,2046,5.611329608
int_met_coal_feed,PA,2047,5.608887067
int_met_coal_feed,PA,2048,5.608072887
int_met_coal_feed,PA,2049,5.611329608
int_met_coal_feed,PA,2050,5.607258707
int_met_coal_feed,WV,2010,5.644710994
int_met_coal_feed,WV,2011,5.644710994
int_met_coal_feed,WV,2012,5.644710994
int_met_coal_feed,WV,2013,5.644710994
int_met_coal_feed,WV,2014,5.644710994
int_met_coal_feed,WV,2015,5.644710994
int_met_coal_feed,WV,2016,5.644710994
int_met_coal_feed,WV,2017,5.644710994
int_met_coal_feed,WV,2018,5.644710994
int_met_coal_feed,WV,2019,5.644710994
int_met_coal_feed,WV,2020,5.644710994
int_met_coal_feed,WV,2021,5.644710994
int_met_coal_feed,WV,2022,5.644710994
int_met_coal_feed,WV,2023,5.644710994
int_met_coal_feed,WV,2024,5.644710994
int_met_coal_feed,WV,2025,5.504672008
int_met_coal_feed,WV,2026,5.448493577
int_met_coal_feed,WV,2027,5.417554731
int_met_coal_feed,WV,2028,5.398828588
int_met_coal_feed,WV,2029,5.402085309
int_met_coal_feed,WV,2030,5.40859875
int_met_coal_feed,WV,2031,5.419183092
int_met_coal_feed,WV,2032,5.445236857
int_met_coal_feed,WV,2033,5.450121938
int_met_coal_feed,WV,2034,5.428139073
int_met_coal_feed,WV,2035,5.450936118
int_met_coal_feed,WV,2036,5.449307757
int_met_coal_feed,WV,2037,5.446051037
int_met_coal_feed,WV,2038,5.445236857
int_met_coal_feed,WV,2039,5.429767434
int_met_coal_feed,WV,2040,5.431395794
int_met_coal_feed,WV,2041,5.412669651
int_met_coal_feed,WV,2042,5.414298011
int_met_coal_feed,WV,2043,5.40778457
int_met_coal_feed,WV,2044,5.412669651
int_met_coal_feed,WV,2045,5.424068173
int_met_coal_feed,WV,2046,5.424068173
int_met_coal_feed,WV,2047,5.421625632
int_met_coal_feed,WV,2048,5.419997272
int_met_coal_feed,WV,2049,5.423253993
int_met_coal_feed,WV,2050,5.418368912
int_met_coal_feed,MD,2010,5.644710994
int_met_coal_feed,MD,2011,5.644710994
int_met_coal_feed,MD,2012,5.644710994
int_met_coal_feed,MD,2013,5.644710994
int_met_coal_feed,MD,2014,5.644710994
int_met_coal_feed,MD,2015,5.644710994
int_met_coal_feed,MD,2016,5.644710994
int_met_coal_feed,MD,2017,5.644710994
int_met_coal_feed,MD,2018,5.644710994
int_met_coal_feed,MD,2019,5.644710994
int_met_coal_feed,MD,2020,5.644710994
int_met_coal_feed,MD,2021,5.644710994
int_met_coal_feed,MD,2022,5.644710994
int_met_coal_feed,MD,2023,5.644710994
int_met_coal_feed,MD,2024,5.644710994
int_met_coal_feed,MD,2025,5.504672008
int_met_coal_feed,MD,2026,5.448493577
int_met_coal_feed,MD,2027,5.417554731
int_met_coal_feed,MD,2028,5.398828588
int_met_coal_feed,MD,2029,5.402085309
int_met_coal_feed,MD,2030,5.40859875
int_met_coal_feed,MD,2031,5.419183092
int_met_coal_feed,MD,2032,5.445236857
int_met_coal_feed,MD,2033,5.450121938
int_met_coal_feed,MD,2034,5.428139073
int_met_coal_feed,MD,2035,5.450936118
int_met_coal_feed,MD,2036,5.449307757
int_met_coal_feed,MD,2037,5.446051037
int_met_coal_feed,MD,2038,5.445236857
int_met_coal_feed,MD,2039,5.429767434
int_met_coal_feed,MD,2040,5.431395794
int_met_coal_feed,MD,2041,5.412669651
int_met_coal_feed,MD,2042,5.414298011
int_met_coal_feed,MD,2043,5.40778457
int_met_coal_feed,MD,2044,5.412669651
int_met_coal_feed,MD,2045,5.424068173
int_met_coal_feed,MD,2046,5.424068173
int_met_coal_feed,MD,2047,5.421625632
int_met_coal_feed,MD,2048,5.419997272
int_met_coal_feed,MD,2049,5.423253993
int_met_coal_feed,MD,2050,5.418368912
int_met_coal_feed,DE,2010,5.644710994
int_met_coal_feed,DE,2011,5.644710994
int_met_coal_feed,DE,2012,5.644710994
int_met_coal_feed,DE,2013,5.644710994
int_met_coal_feed,DE,2014,5.644710994
int_met_coal_feed,DE,2015,5.644710994
int_met_coal_feed,DE,2016,5.644710994
int_met_coal_feed,DE,2017,5.644710994
int_met_coal_feed,DE,2018,5.644710994
int_met_coal_feed,DE,2019,5.644710994
int_met_coal_feed,DE,2020,5.644710994
int_met_coal_feed,DE,2021,5.644710994
int_met_coal_feed,DE,2022,5.644710994
int_met_coal_feed,DE,2023,5.644710994
int_met_coal_feed,DE,2024,5.644710994
int_met_coal_feed,DE,2025,5.504672008
int_met_coal_feed,DE,2026,5.448493577
int_met_coal_feed,DE,2027,5.417554731
int_met_coal_feed,DE,2028,5.398828588
int_met_coal_feed,DE,2029,5.402085309
int_met_coal_feed,DE,2030,5.40859875
int_met_coal_feed,DE,2031,5.419183092
int_met_coal_feed,DE,2032,5.445236857
int_met_coal_feed,DE,2033,5.450121938
int_met_coal_feed,DE,2034,5.428139073
int_met_coal_feed,DE,2035,5.450936118
int_met_coal_feed,DE,2036,5.449307757
int_met_coal_feed,DE,2037,5.446051037
int_met_coal_feed,DE,2038,5.445236857
int_met_coal_feed,DE,2039,5.429767434
int_met_coal_feed,DE,2040,5.431395794
int_met_coal_feed,DE,2041,5.412669651
int_met_coal_feed,DE,2042,5.414298011
int_met_coal_feed,DE,2043,5.40778457
int_met_coal_feed,DE,2044,5.412669651
int_met_coal_feed,DE,2045,5.424068173
int_met_coal_feed,DE,2046,5.424068173
int_met_coal_feed,DE,2047,5.421625632
int_met_coal_feed,DE,2048,5.419997272
int_met_coal_feed,DE,2049,5.423253993
int_met_coal_feed,DE,2050,5.418368912
int_met_coal_feed,NJ,2010,5.826273168
int_met_coal_feed,NJ,2011,5.826273168
int_met_coal_feed,NJ,2012,5.826273168
int_met_coal_feed,NJ,2013,5.826273168
int_met_coal_feed,NJ,2014,5.826273168
int_met_coal_feed,NJ,2015,5.826273168
int_met_coal_feed,NJ,2016,5.826273168
int_met_coal_feed,NJ,2017,5.826273168
int_met_coal_feed,NJ,2018,5.826273168
int_met_coal_feed,NJ,2019,5.826273168
int_met_coal_feed,NJ,2020,5.826273168
int_met_coal_feed,NJ,2021,5.826273168
int_met_coal_feed,NJ,2022,5.826273168
int_met_coal_feed,NJ,2023,5.826273168
int_met_coal_feed,NJ,2024,5.826273168
int_met_coal_feed,NJ,2025,5.696818524
int_met_coal_feed,NJ,2026,5.643896814
int_met_coal_feed,NJ,2027,5.612957968
int_met_coal_feed,NJ,2028,5.593417644
int_met_coal_feed,NJ,2029,5.593417644
int_met_coal_feed,NJ,2030,5.598302725
int_met_coal_feed,NJ,2031,5.607258707
int_met_coal_feed,NJ,2032,5.630869931
int_met_coal_feed,NJ,2033,5.634940832
int_met_coal_feed,NJ,2034,5.611329608
int_met_coal_feed,NJ,2035,5.633312472
int_met_coal_feed,NJ,2036,5.632498292
int_met_coal_feed,NJ,2037,5.630869931
int_met_coal_feed,NJ,2038,5.630055751
int_met_coal_feed,NJ,2039,5.614586328
int_met_coal_feed,NJ,2040,5.616214689
int_met_coal_feed,NJ,2041,5.597488545
int_met_coal_feed,NJ,2042,5.598302725
int_met_coal_feed,NJ,2043,5.593417644
int_met_coal_feed,NJ,2044,5.597488545
int_met_coal_feed,NJ,2045,5.609701247
int_met_coal_feed,NJ,2046,5.611329608
int_met_coal_feed,NJ,2047,5.608887067
int_met_coal_feed,NJ,2048,5.608072887
int_met_coal_feed,NJ,2049,5.611329608
int_met_coal_feed,NJ,2050,5.607258707
int_met_coal_feed,NY,2010,5.826273168
int_met_coal_feed,NY,2011,5.826273168
int_met_coal_feed,NY,2012,5.826273168
int_met_coal_feed,NY,2013,5.826273168
int_met_coal_feed,NY,2014,5.826273168
int_met_coal_feed,NY,2015,5.826273168
int_met_coal_feed,NY,2016,5.826273168
int_met_coal_feed,NY,2017,5.826273168
int_met_coal_feed,NY,2018,5.826273168
int_met_coal_feed,NY,2019,5.826273168
int_met_coal_feed,NY,2020,5.826273168
int_met_coal_feed,NY,2021,5.826273168
int_met_coal_feed,NY,2022,5.826273168
int_met_coal_feed,NY,2023,5.826273168
int_met_coal_feed,NY,2024,5.826273168
int_met_coal_feed,NY,2025,5.696818524
int_met_coal_feed,NY,2026,5.643896814
int_met_coal_feed,NY,2027,5.612957968
int_met_coal_feed,NY,2028,5.593417644
int_met_coal_feed,NY,2029,5.593417644
int_met_coal_feed,NY,2030,5.598302725
int_met_coal_feed,NY,2031,5.607258707
int_met_coal_feed,NY,2032,5.630869931
int_met_coal_feed,NY,2033,5.634940832
int_met_coal_feed,NY,2034,5.611329608
int_met_coal_feed,NY,2035,5.633312472
int_met_coal_feed,NY,2036,5.632498292
int_met_coal_feed,NY,2037,5.630869931
int_met_coal_feed,NY,2038,5.630055751
int_met_coal_feed,NY,2039,5.614586328
int_met_coal_feed,NY,2040,5.616214689
int_met_coal_feed,NY,2041,5.597488545
int_met_coal_feed,NY,2042,5.598302725
int_met_coal_feed,NY,2043,5.593417644
int_met_coal_feed,NY,2044,5.597488545
int_met_coal_feed,NY,2045,5.609701247
int_met_coal_feed,NY,2046,5.611329608
int_met_coal_feed,NY,2047,5.608887067
int_met_coal_feed,NY,2048,5.608072887
int_met_coal_feed,NY,2049,5.611329608
int_met_coal_feed,NY,2050,5.607258707
int_met_coal_feed,VT,2010,6.144006972
int_met_coal_feed,VT,2011,6.144006972
int_met_coal_feed,VT,2012,6.144006972
int_met_coal_feed,VT,2013,6.144006972
int_met_coal_feed,VT,2014,6.144006972
int_met_coal_feed,VT,2015,6.144006972
int_met_coal_feed,VT,2016,6.144006972
int_met_coal_feed,VT,2017,6.144006972
int_met_coal_feed,VT,2018,6.144006972
int_met_coal_feed,VT,2019,6.144006972
int_met_coal_feed,VT,2020,6.144006972
int_met_coal_feed,VT,2021,6.144006972
int_met_coal_feed,VT,2022,6.144006972
int_met_coal_feed,VT,2023,6.144006972
int_met_coal_feed,VT,2024,6.144006972
int_met_coal_feed,VT,2025,6.033889107
int_met_coal_feed,VT,2026,5.986056023
int_met_coal_feed,VT,2027,5.954506542
int_met_coal_feed,VT,2028,5.932930768
int_met_coal_feed,VT,2029,5.930081137
int_met_coal_feed,VT,2030,5.931302407
int_met_coal_feed,VT,2031,5.936594578
int_met_coal_feed,VT,2032,5.956745537
int_met_coal_feed,VT,2033,5.957559717
int_met_coal_feed,VT,2034,5.932116588
int_met_coal_feed,VT,2035,5.952878181
int_met_coal_feed,VT,2036,5.953692362
int_met_coal_feed,VT,2037,5.953285271
int_met_coal_feed,VT,2038,5.953895907
int_met_coal_feed,VT,2039,5.938630029
int_met_coal_feed,VT,2040,5.939851299
int_met_coal_feed,VT,2041,5.920718065
int_met_coal_feed,VT,2042,5.921125155
int_met_coal_feed,VT,2043,5.917054255
int_met_coal_feed,VT,2044,5.922346426
int_met_coal_feed,VT,2045,5.934966218
int_met_coal_feed,VT,2046,5.938426484
int_met_coal_feed,VT,2047,5.937408759
int_met_coal_feed,VT,2048,5.936594578
int_met_coal_feed,VT,2049,5.939851299
int_met_coal_feed,VT,2050,5.937001668
int_met_coal_feed,NH,2010,6.144006972
int_met_coal_feed,NH,2011,6.144006972
int_met_coal_feed,NH,2012,6.144006972
int_met_coal_feed,NH,2013,6.144006972
int_met_coal_feed,NH,2014,6.144006972
int_met_coal_feed,NH,2015,6.144006972
int_met_coal_feed,NH,2016,6.144006972
int_met_coal_feed,NH,2017,6.144006972
int_met_coal_feed,NH,2018,6.144006972
int_met_coal_feed,NH,2019,6.144006972
int_met_coal_feed,NH,2020,6.144006972
int_met_coal_feed,NH,2021,6.144006972
int_met_coal_feed,NH,2022,6.144006972
int_met_coal_feed,NH,2023,6.144006972
int_met_coal_feed,NH,2024,6.144006972
int_met_coal_feed,NH,2025,6.033889107
int_met_coal_feed,NH,2026,5.986056023
int_met_coal_feed,NH,2027,5.954506542
int_met_coal_feed,NH,2028,5.932930768
int_met_coal_feed,NH,2029,5.930081137
int_met_coal_feed,NH,2030,5.931302407
int_met_coal_feed,NH,2031,5.936594578
int_met_coal_feed,NH,2032,5.956745537
int_met_coal_feed,NH,2033,5.957559717
int_met_coal_feed,NH,2034,5.932116588
int_met_coal_feed,NH,2035,5.952878181
int_met_coal_feed,NH,2036,5.953692362
int_met_coal_feed,NH,2037,5.953285271
int_met_coal_feed,NH,2038,5.953895907
int_met_coal_feed,NH,2039,5.938630029
int_met_coal_feed,NH,2040,5.939851299
int_met_coal_feed,NH,2041,5.920718065
int_met_coal_feed,NH,2042,5.921125155
int_met_coal_feed,NH,2043,5.917054255
int_met_coal_feed,NH,2044,5.922346426
int_met_coal_feed,NH,2045,5.934966218
int_met_coal_feed,NH,2046,5.938426484
int_met_coal_feed,NH,2047,5.937408759
int_met_coal_feed,NH,2048,5.936594578
int_met_coal_feed,NH,2049,5.939851299
int_met_coal_feed,NH,2050,5.937001668
int_met_coal_feed,MA,2010,6.144006972
int_met_coal_feed,MA,2011,6.144006972
int_met_coal_feed,MA,2012,6.144006972
int_met_coal_feed,MA,2013,6.144006972
int_met_coal_feed,MA,2014,6.144006972
int_met_coal_feed,MA,2015,6.144006972
int_met_coal_feed,MA,2016,6.144006972
int_met_coal_feed,MA,2017,6.144006972
int_met_coal_feed,MA,2018,6.144006972
int_met_coal_feed,MA,2019,6.144006972
int_met_coal_feed,MA,2020,6.144006972
int_met_coal_feed,MA,2021,6.144006972
int_met_coal_feed,MA,2022,6.144006972
int_met_coal_feed,MA,2023,6.144006972
int_met_coal_feed,MA,2024,6.144006972
int_met_coal_feed,MA,2025,6.033889107
int_met_coal_feed,MA,2026,5.986056023
int_met_coal_feed,MA,2027,5.954506542
int_met_coal_feed,MA,2028,5.932930768
int_met_coal_feed,MA,2029,5.930081137
int_met_coal_feed,MA,2030,5.931302407
int_met_coal_feed,MA,2031,5.936594578
int_met_coal_feed,MA,2032,5.956745537
int_met_coal_feed,MA,2033,5.957559717
int_met_coal_feed,MA,2034,5.932116588
int_met_coal_feed,MA,2035,5.952878181
int_met_coal_feed,MA,2036,5.953692362
int_met_coal_feed,MA,2037,5.953285271
int_met_coal_feed,MA,2038,5.953895907
int_met_coal_feed,MA,2039,5.938630029
int_met_coal_feed,MA,2040,5.939851299
int_met_coal_feed,MA,2041,5.920718065
int_met_coal_feed,MA,2042,5.921125155
int_met_coal_feed,MA,2043,5.917054255
int_met_coal_feed,MA,2044,5.922346426
int_met_coal_feed,MA,2045,5.934966218
int_met_coal_feed,MA,2046,5.938426484
int_met_coal_feed,MA,2047,5.937408759
int_met_coal_feed,MA,2048,5.936594578
int_met_coal_feed,MA,2049,5.939851299
int_met_coal_feed,MA,2050,5.937001668
int_met_coal_feed,CT,2010,6.144006972
int_met_coal_feed,CT,2011,6.144006972
int_met_coal_feed,CT,2012,6.144006972
int_met_coal_feed,CT,2013,6.144006972
int_met_coal_feed,CT,2014,6.144006972
int_met_coal_feed,CT,2015,6.144006972
int_met_coal_feed,CT,2016,6.144006972
int_met_coal_feed,CT,2017,6.144006972
int_met_coal_feed,CT,2018,6.144006972
int_met_coal_feed,CT,2019,6.144006972
int_met_coal_feed,CT,2020,6.144006972
int_met_coal_feed,CT,2021,6.144006972
int_met_coal_feed,CT,2022,6.144006972
int_met_coal_feed,CT,2023,6.144006972
int_met_coal_feed,CT,2024,6.144006972
int_met_coal_feed,CT,2025,6.033889107
int_met_coal_feed,CT,2026,5.986056023
int_met_coal_feed,CT,2027,5.954506542
int_met_coal_feed,CT,2028,5.932930768
int_met_coal_feed,CT,2029,5.930081137
int_met_coal_feed,CT,2030,5.931302407
int_met_coal_feed,CT,2031,5.936594578
int_met_coal_feed,CT,2032,5.956745537
int_met_coal_feed,CT,2033,5.957559717
int_met_coal_feed,CT,2034,5.932116588
int_met_coal_feed,CT,2035,5.952878181
int_met_coal_feed,CT,2036,5.953692362
int_met_coal_feed,CT,2037,5.953285271
int_met_coal_feed,CT,2038,5.953895907
int_met_coal_feed,CT,2039,5.938630029
int_met_coal_feed,CT,2040,5.939851299
int_met_coal_feed,CT,2041,5.920718065
int_met_coal_feed,CT,2042,5.921125155
int_met_coal_feed,CT,2043,5.917054255
int_met_coal_feed,CT,2044,5.922346426
int_met_coal_feed,CT,2045,5.934966218
int_met_coal_feed,CT,2046,5.938426484
int_met_coal_feed,CT,2047,5.937408759
int_met_coal_feed,CT,2048,5.936594578
int_met_coal_feed,CT,2049,5.939851299
int_met_coal_feed,CT,2050,5.937001668
int_met_coal_feed,RI,2010,6.144006972
int_met_coal_feed,RI,2011,6.144006972
int_met_coal_feed,RI,2012,6.144006972
int_met_coal_feed,RI,2013,6.144006972
int_met_coal_feed,RI,2014,6.144006972
int_met_coal_feed,RI,2015,6.144006972
int_met_coal_feed,RI,2016,6.144006972
int_met_coal_feed,RI,2017,6.144006972
int_met_coal_feed,RI,2018,6.144006972
int_met_coal_feed,RI,2019,6.144006972
int_met_coal_feed,RI,2020,6.144006972
int_met_coal_feed,RI,2021,6.144006972
int_met_coal_feed,RI,2022,6.144006972
int_met_coal_feed,RI,2023,6.144006972
int_met_coal_feed,RI,2024,6.144006972
int_met_coal_feed,RI,2025,6.033889107
int_met_coal_feed,RI,2026,5.986056023
int_met_coal_feed,RI,2027,5.954506542
int_met_coal_feed,RI,2028,5.932930768
int_met_coal_feed,RI,2029,5.930081137
int_met_coal_feed,RI,2030,5.931302407
int_met_coal_feed,RI,2031,5.936594578
int_met_coal_feed,RI,2032,5.956745537
int_met_coal_feed,RI,2033,5.957559717
int_met_coal_feed,RI,2034,5.932116588
int_met_coal_feed,RI,2035,5.952878181
int_met_coal_feed,RI,2036,5.953692362
int_met_coal_feed,RI,2037,5.953285271
int_met_coal_feed,RI,2038,5.953895907
int_met_coal_feed,RI,2039,5.938630029
int_met_coal_feed,RI,2040,5.939851299
int_met_coal_feed,RI,2041,5.920718065
int_met_coal_feed,RI,2042,5.921125155
int_met_coal_feed,RI,2043,5.917054255
int_met_coal_feed,RI,2044,5.922346426
int_met_coal_feed,RI,2045,5.934966218
int_met_coal_feed,RI,2046,5.938426484
int_met_coal_feed,RI,2047,5.937408759
int_met_coal_feed,RI,2048,5.936594578
int_met_coal_feed,RI,2049,5.939851299
int_met_coal_feed,RI,2050,5.937001668
int_met_coal_feed,ME,2010,6.144006972
int_met_coal_feed,ME,2011,6.144006972
int_met_coal_feed,ME,2012,6.144006972
int_met_coal_feed,ME,2013,6.144006972
int_met_coal_feed,ME,2014,6.144006972
int_met_coal_feed,ME,2015,6.144006972
int_met_coal_feed,ME,2016,6.144006972
int_met_coal_feed,ME,2017,6.144006972
int_met_coal_feed,ME,2018,6.144006972
int_met_coal_feed,ME,2019,6.144006972
int_met_coal_feed,ME,2020,6.144006972
int_met_coal_feed,ME,2021,6.144006972
int_met_coal_feed,ME,2022,6.144006972
int_met_coal_feed,ME,2023,6.144006972
int_met_coal_feed,ME,2024,6.144006972
int_met_coal_feed,ME,2025,6.033889107
int_met_coal_feed,ME,2026,5.986056023
int_met_coal_feed,ME,2027,5.954506542
int_met_coal_feed,ME,2028,5.932930768
int_met_coal_feed,ME,2029,5.930081137
int_met_coal_feed,ME,2030,5.931302407
int_met_coal_feed,ME,2031,5.936594578
int_met_coal_feed,ME,2032,5.956745537
int_met_coal_feed,ME,2033,5.957559717
int_met_coal_feed,ME,2034,5.932116588
int_met_coal_feed,ME,2035,5.952878181
int_met_coal_feed,ME,2036,5.953692362
int_met_coal_feed,ME,2037,5.953285271
int_met_coal_feed,ME,2038,5.953895907
int_met_coal_feed,ME,2039,5.938630029
int_met_coal_feed,ME,2040,5.939851299
int_met_coal_feed,ME,2041,5.920718065
int_met_coal_feed,ME,2042,5.921125155
int_met_coal_feed,ME,2043,5.917054255
int_met_coal_feed,ME,2044,5.922346426
int_met_coal_feed,ME,2045,5.934966218
int_met_coal_feed,ME,2046,5.938426484
int_met_coal_feed,ME,2047,5.937408759
int_met_coal_feed,ME,2048,5.936594578
int_met_coal_feed,ME,2049,5.939851299
int_met_coal_feed,ME,2050,5.937001668
int_met_coal_feed,voluntary,2010,6.120582331
int_met_coal_feed,voluntary,2011,6.120582331
int_met_coal_feed,voluntary,2012,6.120582331
int_met_coal_feed,voluntary,2013,6.120582331
int_met_coal_feed,voluntary,2014,6.120582331
int_met_coal_feed,voluntary,2015,6.120582331
int_met_coal_feed,voluntary,2016,6.120582331
int_met_coal_feed,voluntary,2017,6.120582331
int_met_coal_feed,voluntary,2018,6.120582331
int_met_coal_feed,voluntary,2019,6.120582331
int_met_coal_feed,voluntary,2020,6.120582331
int_met_coal_feed,voluntary,2021,6.120582331
int_met_coal_feed,voluntary,2022,6.120582331
int_met_coal_feed,voluntary,2023,6.120582331
int_met_coal_feed,voluntary,2024,6.120582331
int_met_coal_feed,voluntary,2025,6.009056612
int_met_coal_feed,voluntary,2026,5.9608334
int_met_coal_feed,voluntary,2027,5.929300881
int_met_coal_feed,voluntary,2028,5.907843842
int_met_coal_feed,voluntary,2029,5.905316491
int_met_coal_feed,voluntary,2030,5.90677523
int_met_coal_feed,voluntary,2031,5.91230487
int_met_coal_feed,voluntary,2032,5.932744185
int_met_coal_feed,voluntary,2033,5.933727986
int_met_coal_feed,voluntary,2034,5.908454477
int_met_coal_feed,voluntary,2035,5.929317843
int_met_coal_feed,voluntary,2036,5.930013289
int_met_coal_feed,voluntary,2037,5.92945354
int_met_coal_feed,voluntary,2038,5.930013289
int_met_coal_feed,voluntary,2039,5.914730449
int_met_coal_feed,voluntary,2040,5.915968681
int_met_coal_feed,voluntary,2041,5.89685241
int_met_coal_feed,voluntary,2042,5.897327348
int_met_coal_feed,voluntary,2043,5.893120751
int_met_coal_feed,voluntary,2044,5.898412922
int_met_coal_feed,voluntary,2045,5.910964866
int_met_coal_feed,voluntary,2046,5.91425551
int_met_coal_feed,voluntary,2047,5.913186899
int_met_coal_feed,voluntary,2048,5.91230487
int_met_coal_feed,voluntary,2049,5.915561591
int_met_coal_feed,voluntary,2050,5.912610188